{
  "nodes":
  [
    {
      "name":"MakeUniqueTask0"
      , "id":1
      , "type":"kernel"
      , "children":
      [
        {
          "name":"MakeUniqueTask0.B0"
          , "id":8
          , "type":"bb"
        }
        , {
          "name":"MakeUniqueTask0.B1"
          , "id":9
          , "type":"bb"
          , "children":
          [
            {
              "name":"Cluster 0"
              , "id":66
              , "type":"cluster"
            }
            , {
              "name":"Cluster 1"
              , "id":68
              , "type":"cluster"
            }
          ]
        }
      ]
    }
    , {
      "name":"MapKeyTask0"
      , "id":2
      , "type":"kernel"
      , "children":
      [
        {
          "name":"MapKeyTask0.B0"
          , "id":10
          , "type":"bb"
        }
        , {
          "name":"MapKeyTask0.B1"
          , "id":11
          , "type":"bb"
          , "children":
          [
            {
              "name":"Cluster 2"
              , "id":72
              , "type":"cluster"
            }
            , {
              "name":"Cluster 3"
              , "id":74
              , "type":"cluster"
            }
          ]
        }
      ]
    }
    , {
      "name":"TraiageMappingTask0"
      , "id":3
      , "type":"kernel"
      , "children":
      [
        {
          "name":"TraiageMappingTask0.B0"
          , "id":12
          , "type":"bb"
        }
        , {
          "name":"TraiageMappingTask0.B1"
          , "id":13
          , "type":"bb"
          , "children":
          [
            {
              "name":"Cluster 4"
              , "id":78
              , "type":"cluster"
            }
            , {
              "name":"Cluster 5"
              , "id":80
              , "type":"cluster"
            }
          ]
        }
        , {
          "name":"TraiageMappingTask0.B2"
          , "id":14
          , "type":"bb"
          , "children":
          [
            {
              "name":"Cluster 6"
              , "id":113
              , "type":"cluster"
            }
          ]
        }
        , {
          "name":"TraiageMappingTask0.B3"
          , "id":15
          , "type":"bb"
          , "children":
          [
            {
              "name":"Cluster 7"
              , "id":164
              , "type":"cluster"
            }
          ]
        }
        , {
          "name":"TraiageMappingTask0.B4"
          , "id":16
          , "type":"bb"
        }
        , {
          "name":"TraiageMappingTask0.B5"
          , "id":17
          , "type":"bb"
          , "children":
          [
            {
              "name":"Cluster 8"
              , "id":290
              , "type":"cluster"
            }
          ]
        }
      ]
    }
    , {
      "name":"AggregateTask0"
      , "id":4
      , "type":"kernel"
      , "children":
      [
        {
          "name":"AggregateTask0.B0"
          , "id":18
          , "type":"bb"
        }
        , {
          "name":"AggregateTask0.B1"
          , "id":19
          , "type":"bb"
          , "children":
          [
            {
              "name":"Cluster 9"
              , "id":295
              , "type":"cluster"
            }
            , {
              "name":"Cluster 10"
              , "id":296
              , "type":"cluster"
            }
          ]
        }
        , {
          "name":"AggregateTask0.B2"
          , "id":20
          , "type":"bb"
          , "children":
          [
            {
              "name":"Cluster 11"
              , "id":298
              , "type":"cluster"
            }
            , {
              "name":"Cluster 12"
              , "id":299
              , "type":"cluster"
            }
          ]
        }
        , {
          "name":"AggregateTask0.B3"
          , "id":21
          , "type":"bb"
          , "children":
          [
            {
              "name":"Cluster 13"
              , "id":300
              , "type":"cluster"
            }
          ]
        }
        , {
          "name":"AggregateTask0.B4"
          , "id":22
          , "type":"bb"
          , "children":
          [
            {
              "name":"Cluster 14"
              , "id":301
              , "type":"cluster"
            }
          ]
        }
        , {
          "name":"AggregateTask0.B5"
          , "id":23
          , "type":"bb"
          , "children":
          [
            {
              "name":"Cluster 15"
              , "id":303
              , "type":"cluster"
            }
          ]
        }
        , {
          "name":"AggregateTask0.B6"
          , "id":24
          , "type":"bb"
        }
        , {
          "name":"AggregateTask0.B7"
          , "id":25
          , "type":"bb"
          , "children":
          [
            {
              "name":"Cluster 16"
              , "id":305
              , "type":"cluster"
            }
          ]
        }
        , {
          "name":"AggregateTask0.B8"
          , "id":26
          , "type":"bb"
          , "children":
          [
            {
              "name":"Cluster 17"
              , "id":306
              , "type":"cluster"
            }
          ]
        }
        , {
          "name":"AggregateTask0.B9"
          , "id":27
          , "type":"bb"
          , "children":
          [
            {
              "name":"Cluster 18"
              , "id":308
              , "type":"cluster"
            }
            , {
              "name":"Cluster 19"
              , "id":309
              , "type":"cluster"
            }
          ]
        }
      ]
    }
    , {
      "name":"ReadoutTask"
      , "id":5
      , "type":"kernel"
      , "children":
      [
        {
          "name":"ReadoutTask.B0"
          , "id":28
          , "type":"bb"
        }
        , {
          "name":"ReadoutTask.B1"
          , "id":29
          , "type":"bb"
          , "children":
          [
            {
              "name":"Cluster 20"
              , "id":312
              , "type":"cluster"
            }
          ]
        }
        , {
          "name":"ReadoutTask.B2"
          , "id":30
          , "type":"bb"
        }
        , {
          "name":"ReadoutTask.B3"
          , "id":31
          , "type":"bb"
          , "children":
          [
            {
              "name":"Cluster 21"
              , "id":316
              , "type":"cluster"
            }
            , {
              "name":"Cluster 22"
              , "id":318
              , "type":"cluster"
            }
            , {
              "name":"Cluster 23"
              , "id":319
              , "type":"cluster"
            }
          ]
        }
        , {
          "name":"ReadoutTask.B4"
          , "id":32
          , "type":"bb"
        }
      ]
    }
    , {
      "name":"testInputSrcTask"
      , "id":6
      , "type":"kernel"
      , "children":
      [
        {
          "name":"testInputSrcTask.B0"
          , "id":33
          , "type":"bb"
        }
        , {
          "name":"testInputSrcTask.B1"
          , "id":34
          , "type":"bb"
          , "children":
          [
            {
              "name":"Cluster 24"
              , "id":323
              , "type":"cluster"
            }
          ]
        }
        , {
          "name":"testInputSrcTask.B2"
          , "id":35
          , "type":"bb"
          , "children":
          [
            {
              "name":"Cluster 25"
              , "id":324
              , "type":"cluster"
            }
          ]
        }
        , {
          "name":"testInputSrcTask.B3"
          , "id":36
          , "type":"bb"
          , "children":
          [
            {
              "name":"Cluster 26"
              , "id":325
              , "type":"cluster"
            }
          ]
        }
        , {
          "name":"testInputSrcTask.B4"
          , "id":37
          , "type":"bb"
          , "children":
          [
            {
              "name":"Cluster 27"
              , "id":329
              , "type":"cluster"
            }
          ]
        }
        , {
          "name":"testInputSrcTask.B5"
          , "id":38
          , "type":"bb"
        }
        , {
          "name":"testInputSrcTask.B6"
          , "id":39
          , "type":"bb"
          , "children":
          [
            {
              "name":"Cluster 28"
              , "id":342
              , "type":"cluster"
            }
          ]
        }
        , {
          "name":"testInputSrcTask.B7"
          , "id":40
          , "type":"bb"
        }
        , {
          "name":"testInputSrcTask.B8"
          , "id":41
          , "type":"bb"
          , "children":
          [
            {
              "name":"Cluster 29"
              , "id":370
              , "type":"cluster"
            }
            , {
              "name":"Cluster 30"
              , "id":372
              , "type":"cluster"
            }
          ]
        }
        , {
          "name":"testInputSrcTask.B9"
          , "id":42
          , "type":"bb"
          , "children":
          [
            {
              "name":"Cluster 31"
              , "id":378
              , "type":"cluster"
            }
          ]
        }
        , {
          "name":"testInputSrcTask.B10"
          , "id":43
          , "type":"bb"
        }
      ]
    }
    , {
      "name":"MergeAndAggregateTask"
      , "id":7
      , "type":"kernel"
      , "children":
      [
        {
          "name":"MergeAndAggregateTask.B0"
          , "id":44
          , "type":"bb"
        }
        , {
          "name":"MergeAndAggregateTask.B1"
          , "id":45
          , "type":"bb"
        }
        , {
          "name":"MergeAndAggregateTask.B2"
          , "id":46
          , "type":"bb"
        }
        , {
          "name":"MergeAndAggregateTask.B3"
          , "id":47
          , "type":"bb"
        }
        , {
          "name":"MergeAndAggregateTask.B4"
          , "id":48
          , "type":"bb"
          , "children":
          [
            {
              "name":"Cluster 32"
              , "id":385
              , "type":"cluster"
            }
          ]
        }
        , {
          "name":"MergeAndAggregateTask.B5"
          , "id":49
          , "type":"bb"
          , "children":
          [
            {
              "name":"Cluster 33"
              , "id":386
              , "type":"cluster"
            }
          ]
        }
        , {
          "name":"MergeAndAggregateTask.B6"
          , "id":50
          , "type":"bb"
          , "children":
          [
            {
              "name":"Cluster 34"
              , "id":388
              , "type":"cluster"
            }
          ]
        }
        , {
          "name":"MergeAndAggregateTask.B7"
          , "id":51
          , "type":"bb"
          , "children":
          [
            {
              "name":"Cluster 35"
              , "id":390
              , "type":"cluster"
            }
          ]
        }
        , {
          "name":"MergeAndAggregateTask.B8"
          , "id":52
          , "type":"bb"
          , "children":
          [
            {
              "name":"Cluster 36"
              , "id":391
              , "type":"cluster"
            }
          ]
        }
        , {
          "name":"MergeAndAggregateTask.B9"
          , "id":53
          , "type":"bb"
          , "children":
          [
            {
              "name":"Cluster 37"
              , "id":392
              , "type":"cluster"
            }
          ]
        }
        , {
          "name":"MergeAndAggregateTask.B10"
          , "id":54
          , "type":"bb"
          , "children":
          [
            {
              "name":"Cluster 38"
              , "id":394
              , "type":"cluster"
            }
          ]
        }
        , {
          "name":"MergeAndAggregateTask.B11"
          , "id":55
          , "type":"bb"
          , "children":
          [
            {
              "name":"Cluster 39"
              , "id":396
              , "type":"cluster"
            }
          ]
        }
        , {
          "name":"MergeAndAggregateTask.B12"
          , "id":56
          , "type":"bb"
        }
        , {
          "name":"MergeAndAggregateTask.B13"
          , "id":57
          , "type":"bb"
          , "children":
          [
            {
              "name":"Cluster 40"
              , "id":398
              , "type":"cluster"
            }
          ]
        }
        , {
          "name":"MergeAndAggregateTask.B14"
          , "id":58
          , "type":"bb"
          , "children":
          [
            {
              "name":"Cluster 41"
              , "id":401
              , "type":"cluster"
            }
            , {
              "name":"Cluster 42"
              , "id":402
              , "type":"cluster"
            }
          ]
        }
        , {
          "name":"MergeAndAggregateTask.B15"
          , "id":59
          , "type":"bb"
          , "children":
          [
            {
              "name":"Cluster 43"
              , "id":403
              , "type":"cluster"
            }
          ]
        }
        , {
          "name":"MergeAndAggregateTask.B16"
          , "id":60
          , "type":"bb"
          , "children":
          [
            {
              "name":"Cluster 44"
              , "id":405
              , "type":"cluster"
            }
          ]
        }
        , {
          "name":"MergeAndAggregateTask.B17"
          , "id":61
          , "type":"bb"
          , "children":
          [
            {
              "name":"Cluster 45"
              , "id":406
              , "type":"cluster"
            }
          ]
        }
        , {
          "name":"MergeAndAggregateTask.B18"
          , "id":62
          , "type":"bb"
          , "children":
          [
            {
              "name":"Cluster 46"
              , "id":408
              , "type":"cluster"
            }
          ]
        }
        , {
          "name":"MergeAndAggregateTask.B19"
          , "id":63
          , "type":"bb"
          , "children":
          [
            {
              "name":"Cluster 47"
              , "id":409
              , "type":"cluster"
            }
          ]
        }
      ]
    }
  ]
  , "links":
  [
  ]
}
