{"compileInfo":{"nodes":[{"command":"aoc -o /tmp/main-f7796a-2c4593.aocx /tmp/icpx-a05fc7/main-4f0007-b95b7a.spv -sycl -dep-files=/tmp/icpx-a05fc7/main-2a9335.d -output-report-folder=build/agg_overload_v3_fpgaG-D_S_=1-D_P_=4-D_N_=4-D_G_=64-DTIMERUN=0_0_550MHz_/ofs_install/ofs/n6001/2023.1/oneapi-asp/n6001:ofs_n6001.prj -g -v -hardware -clock=550MHz -seed=0 -target=/ofs_install/ofs/n6001/2023.1/oneapi-asp/n6001:ofs_n6001","family":"Agilex 7, AGFB014R24A3E3VR0, ofs_n6001_shim:ofs_n6001","id":1,"name":"n6001:ofs_n6001","product":"SYCL","quartus":"23.1.0 Build 115 Pro","time":"Mon Nov  6 00:08:42 2023","version":"2023.2.0 Build 4869f1a04d0a1423314a5e6aee7a5aa5589655f6"}]}}