{
  "bottlenecks":
  [
    {
      "name":"'iBundle,AggFuncSelect_n,TempData,agg_op,agg_op,AggFuncSelect,AggFuncSelect'"
      , "id":27161
      , "src":"71"
      , "dst":"69"
      , "concurrency":"1"
      , "type":"Occupancy limiter"
      , "brief":"Data dependency"
      , "loop":"MakeUniqueTask0.B2"
      , "details":
      [
        {
          "type":"table"
          , "Variable on critical loop carried feedback path: ":"'iBundle,AggFuncSelect_n,TempData,agg_op,agg_op,AggFuncSelect,AggFuncSelect'"
          , "Declared at: ":
          [
            {
              "type":"text"
              , "text":"%L"
              , "links":
              [
                {
                  "filename":"/home/wkrska/Aggregation/agg-hls/./stages.h"
                  , "line":"35"
                }
              ]
            }
          ]
          , "Dependency: ":"Data dependency"
          , "Concurrency value: ":"1"
          , "Loop feedback path that lowered occupancy: ":
          [
            {
              "type":"text"
              , "text":"Loop: MakeUniqueTask0.B3(%L)"
              , "links":
              [
                {
                  "filename":"/home/wkrska/Aggregation/agg-hls/./stages.h"
                  , "line":"33"
                }
              ]
            }
          ]
        }
      ]
      , "nodes":
      [
        {
          "name":"'iBundle,AggFuncSelect_n,TempData,agg_op,agg_op,AggFuncSelect,AggFuncSelect'"
          , "id":71
          , "start":"8.00"
          , "parent":"_ZTSZZ4mainENKUlRN4sycl3_V17handlerEE0_clES2_E15MakeUniqueTask0.B2"
          , "debug":
          [
            [
              {
                "filename":"/ofs_install/oneapi/2023.2/compiler/2023.2.1/linux/lib/oclfpga/include/ref/ac_int.h"
                , "line":1835
              }
            ]
          ]
          , "type":"inst"
        }
        , {
          "name":"MakeUniqueTask0.B3"
          , "id":11
          , "debug":
          [
            [
              {
                "filename":"/home/wkrska/Aggregation/agg-hls/./stages.h"
                , "line":33
              }
            ]
          ]
          , "type":"loop"
        }
        , {
          "name":"Feedback"
          , "id":69
          , "end":"1.00"
          , "parent":"_ZTSZZ4mainENKUlRN4sycl3_V17handlerEE0_clES2_E15MakeUniqueTask0.B1"
          , "debug":
          [
            [
              {
                "filename":"/ofs_install/oneapi/2023.2/compiler/2023.2.1/linux/bin-llvm/../include/sycl/ext/intel/pipes.hpp"
                , "line":69
              }
            ]
          ]
          , "type":"inst"
        }
      ]
      , "links":
      [
        {
          "from":11
          , "to":11
        }
        , {
          "from":71
          , "to":11
        }
        , {
          "from":11
          , "to":69
        }
        , {
          "from":71
          , "to":69
          , "reverse":1
        }
      ]
    }
    , {
      "name":"__table"
      , "id":27162
      , "src":"23938"
      , "dst":"24792"
      , "type":"fMAX/II"
      , "brief":"Data dependency"
      , "loop":"AggregateTask0.B6"
      , "details":
      [
        {
          "type":"table"
          , "Variable on critical loop carried feedback path: ":"__table"
          , "Declared at: ":
          [
            {
              "type":"text"
              , "text":"%L"
              , "links":
              [
                {
                  "filename":"/home/wkrska/Aggregation/agg-hls/./stages.h"
                  , "line":"148"
                }
              ]
            }
          ]
          , "Dependency: ":"Data dependency"
          , "Estimated fmax reduced to: ":"526.5"
          , "Loop feedback path that raised II and/or lowered fMAX: ":
          [
            {
              "type":"text"
              , "text":"Select(%L)"
              , "links":
              [
                {
                  "filename":"/home/wkrska/Aggregation/agg-hls/./core.h"
                  , "line":"253"
                }
              ]
            }
            , {
              "type":"text"
              , "text":"Select(%L)"
              , "links":
              [
                {
                  "filename":"/home/wkrska/Aggregation/agg-hls/./core.h"
                  , "line":"253"
                }
              ]
            }
            , {
              "type":"text"
              , "text":"Select(%L)"
              , "links":
              [
                {
                  "filename":"/home/wkrska/Aggregation/agg-hls/./core.h"
                  , "line":"253"
                }
              ]
            }
            , {
              "type":"text"
              , "text":"Select(%L)"
              , "links":
              [
                {
                  "filename":"/home/wkrska/Aggregation/agg-hls/./core.h"
                  , "line":"253"
                }
              ]
            }
            , {
              "type":"text"
              , "text":"Select(%L)"
              , "links":
              [
                {
                  "filename":"/home/wkrska/Aggregation/agg-hls/./core.h"
                  , "line":"253"
                }
              ]
            }
            , {
              "type":"text"
              , "text":"Select(%L)"
              , "links":
              [
                {
                  "filename":"/home/wkrska/Aggregation/agg-hls/./core.h"
                  , "line":"253"
                }
              ]
            }
            , {
              "type":"text"
              , "text":"Select(%L)"
              , "links":
              [
                {
                  "filename":"/home/wkrska/Aggregation/agg-hls/./core.h"
                  , "line":"253"
                }
              ]
            }
            , {
              "type":"text"
              , "text":"Select(%L)"
              , "links":
              [
                {
                  "filename":"/home/wkrska/Aggregation/agg-hls/./core.h"
                  , "line":"253"
                }
              ]
            }
            , {
              "type":"text"
              , "text":"Select(%L)"
              , "links":
              [
                {
                  "filename":"/home/wkrska/Aggregation/agg-hls/./core.h"
                  , "line":"253"
                }
              ]
            }
            , {
              "type":"text"
              , "text":"Select(%L)"
              , "links":
              [
                {
                  "filename":"/home/wkrska/Aggregation/agg-hls/./core.h"
                  , "line":"253"
                }
              ]
            }
            , {
              "type":"text"
              , "text":"Select(%L)"
              , "links":
              [
                {
                  "filename":"/home/wkrska/Aggregation/agg-hls/./core.h"
                  , "line":"253"
                }
              ]
            }
            , {
              "type":"text"
              , "text":"Select(%L)"
              , "links":
              [
                {
                  "filename":"/home/wkrska/Aggregation/agg-hls/./core.h"
                  , "line":"253"
                }
              ]
            }
            , {
              "type":"text"
              , "text":"Select(%L)"
              , "links":
              [
                {
                  "filename":"/home/wkrska/Aggregation/agg-hls/./core.h"
                  , "line":"260"
                }
              ]
            }
            , {
              "type":"text"
              , "text":"Select(%L)"
              , "links":
              [
                {
                  "filename":"/home/wkrska/Aggregation/agg-hls/./core.h"
                  , "line":"260"
                }
              ]
            }
            , {
              "type":"text"
              , "text":"Select(%L)"
              , "links":
              [
                {
                  "filename":"/home/wkrska/Aggregation/agg-hls/./core.h"
                  , "line":"260"
                }
              ]
            }
            , {
              "type":"text"
              , "text":"Select(%L)"
              , "links":
              [
                {
                  "filename":"/home/wkrska/Aggregation/agg-hls/./core.h"
                  , "line":"260"
                }
              ]
            }
            , {
              "type":"text"
              , "text":"Select(%L)"
              , "links":
              [
                {
                  "filename":"/home/wkrska/Aggregation/agg-hls/./core.h"
                  , "line":"260"
                }
              ]
            }
            , {
              "type":"text"
              , "text":"Select(%L)"
              , "links":
              [
                {
                  "filename":"/home/wkrska/Aggregation/agg-hls/./core.h"
                  , "line":"260"
                }
              ]
            }
            , {
              "type":"text"
              , "text":"Select(%L)"
              , "links":
              [
                {
                  "filename":"/home/wkrska/Aggregation/agg-hls/./core.h"
                  , "line":"260"
                }
              ]
            }
            , {
              "type":"text"
              , "text":"Select(%L)"
              , "links":
              [
                {
                  "filename":"/home/wkrska/Aggregation/agg-hls/./core.h"
                  , "line":"260"
                }
              ]
            }
            , {
              "type":"text"
              , "text":"Select(%L)"
              , "links":
              [
                {
                  "filename":"/home/wkrska/Aggregation/agg-hls/./core.h"
                  , "line":"260"
                }
              ]
            }
            , {
              "type":"text"
              , "text":"Select(%L)"
              , "links":
              [
                {
                  "filename":"/home/wkrska/Aggregation/agg-hls/./core.h"
                  , "line":"260"
                }
              ]
            }
            , {
              "type":"text"
              , "text":"Select(%L)"
              , "links":
              [
                {
                  "filename":"/home/wkrska/Aggregation/agg-hls/./core.h"
                  , "line":"260"
                }
              ]
            }
            , {
              "type":"text"
              , "text":"Select(%L)"
              , "links":
              [
                {
                  "filename":"/home/wkrska/Aggregation/agg-hls/./core.h"
                  , "line":"260"
                }
              ]
            }
            , {
              "type":"text"
              , "text":"Trunc(%L)"
              , "links":
              [
                {
                  "filename":"/home/wkrska/Aggregation/agg-hls/./core.h"
                  , "line":"253"
                }
              ]
            }
            , {
              "type":"text"
              , "text":"Trunc(%L)"
              , "links":
              [
                {
                  "filename":"/home/wkrska/Aggregation/agg-hls/./core.h"
                  , "line":"253"
                }
              ]
            }
            , {
              "type":"text"
              , "text":"Trunc(%L)"
              , "links":
              [
                {
                  "filename":"/home/wkrska/Aggregation/agg-hls/./core.h"
                  , "line":"253"
                }
              ]
            }
            , {
              "type":"text"
              , "text":"Trunc(%L)"
              , "links":
              [
                {
                  "filename":"/home/wkrska/Aggregation/agg-hls/./core.h"
                  , "line":"253"
                }
              ]
            }
            , {
              "type":"text"
              , "text":"Trunc(%L)"
              , "links":
              [
                {
                  "filename":"/home/wkrska/Aggregation/agg-hls/./core.h"
                  , "line":"253"
                }
              ]
            }
            , {
              "type":"text"
              , "text":"Trunc(%L)"
              , "links":
              [
                {
                  "filename":"/home/wkrska/Aggregation/agg-hls/./core.h"
                  , "line":"253"
                }
              ]
            }
            , {
              "type":"text"
              , "text":"Trunc(%L)"
              , "links":
              [
                {
                  "filename":"/home/wkrska/Aggregation/agg-hls/./core.h"
                  , "line":"253"
                }
              ]
            }
            , {
              "type":"text"
              , "text":"Trunc(%L)"
              , "links":
              [
                {
                  "filename":"/home/wkrska/Aggregation/agg-hls/./core.h"
                  , "line":"253"
                }
              ]
            }
            , {
              "type":"text"
              , "text":"Trunc(%L)"
              , "links":
              [
                {
                  "filename":"/home/wkrska/Aggregation/agg-hls/./core.h"
                  , "line":"253"
                }
              ]
            }
            , {
              "type":"text"
              , "text":"Trunc(%L)"
              , "links":
              [
                {
                  "filename":"/home/wkrska/Aggregation/agg-hls/./core.h"
                  , "line":"253"
                }
              ]
            }
            , {
              "type":"text"
              , "text":"Trunc(%L)"
              , "links":
              [
                {
                  "filename":"/home/wkrska/Aggregation/agg-hls/./core.h"
                  , "line":"253"
                }
              ]
            }
            , {
              "type":"text"
              , "text":"Trunc(%L)"
              , "links":
              [
                {
                  "filename":"/home/wkrska/Aggregation/agg-hls/./core.h"
                  , "line":"253"
                }
              ]
            }
            , {
              "type":"text"
              , "text":"bit.shuffle(%L)"
              , "links":
              [
                {
                  "filename":"/home/wkrska/Aggregation/agg-hls/./core.h"
                  , "line":"289"
                }
              ]
            }
            , {
              "type":"text"
              , "text":"bit.shuffle(%L)"
              , "links":
              [
                {
                  "filename":"/home/wkrska/Aggregation/agg-hls/./core.h"
                  , "line":"289"
                }
              ]
            }
            , {
              "type":"text"
              , "text":"bit.shuffle(%L)"
              , "links":
              [
                {
                  "filename":"/home/wkrska/Aggregation/agg-hls/./core.h"
                  , "line":"289"
                }
              ]
            }
            , {
              "type":"text"
              , "text":"bit.shuffle(%L)"
              , "links":
              [
                {
                  "filename":"/home/wkrska/Aggregation/agg-hls/./core.h"
                  , "line":"289"
                }
              ]
            }
            , {
              "type":"text"
              , "text":"bit.shuffle(%L)"
              , "links":
              [
                {
                  "filename":"/home/wkrska/Aggregation/agg-hls/./core.h"
                  , "line":"289"
                }
              ]
            }
            , {
              "type":"text"
              , "text":"bit.shuffle(%L)"
              , "links":
              [
                {
                  "filename":"/home/wkrska/Aggregation/agg-hls/./core.h"
                  , "line":"289"
                }
              ]
            }
            , {
              "type":"text"
              , "text":"bit.shuffle(%L)"
              , "links":
              [
                {
                  "filename":"/home/wkrska/Aggregation/agg-hls/./core.h"
                  , "line":"289"
                }
              ]
            }
            , {
              "type":"text"
              , "text":"bit.shuffle(%L)"
              , "links":
              [
                {
                  "filename":"/home/wkrska/Aggregation/agg-hls/./core.h"
                  , "line":"289"
                }
              ]
            }
            , {
              "type":"text"
              , "text":"bit.shuffle(%L)"
              , "links":
              [
                {
                  "filename":"/home/wkrska/Aggregation/agg-hls/./core.h"
                  , "line":"289"
                }
              ]
            }
            , {
              "type":"text"
              , "text":"bit.shuffle(%L)"
              , "links":
              [
                {
                  "filename":"/home/wkrska/Aggregation/agg-hls/./core.h"
                  , "line":"289"
                }
              ]
            }
            , {
              "type":"text"
              , "text":"bit.shuffle(%L)"
              , "links":
              [
                {
                  "filename":"/home/wkrska/Aggregation/agg-hls/./core.h"
                  , "line":"289"
                }
              ]
            }
            , {
              "type":"text"
              , "text":"bit.shuffle(%L)"
              , "links":
              [
                {
                  "filename":"/home/wkrska/Aggregation/agg-hls/./core.h"
                  , "line":"289"
                }
              ]
            }
            , {
              "type":"text"
              , "text":"Compare(%L)"
              , "links":
              [
                {
                  "filename":"/home/wkrska/Aggregation/agg-hls/main.cpp"
                  , "line":"135"
                }
              ]
            }
            , {
              "type":"text"
              , "text":"Compare(%L)"
              , "links":
              [
                {
                  "filename":"/home/wkrska/Aggregation/agg-hls/main.cpp"
                  , "line":"135"
                }
              ]
            }
            , {
              "type":"text"
              , "text":"Compare(%L)"
              , "links":
              [
                {
                  "filename":"/home/wkrska/Aggregation/agg-hls/main.cpp"
                  , "line":"135"
                }
              ]
            }
            , {
              "type":"text"
              , "text":"Compare(%L)"
              , "links":
              [
                {
                  "filename":"/home/wkrska/Aggregation/agg-hls/main.cpp"
                  , "line":"135"
                }
              ]
            }
            , {
              "type":"text"
              , "text":"Compare(%L)"
              , "links":
              [
                {
                  "filename":"/home/wkrska/Aggregation/agg-hls/main.cpp"
                  , "line":"135"
                }
              ]
            }
            , {
              "type":"text"
              , "text":"Compare(%L)"
              , "links":
              [
                {
                  "filename":"/home/wkrska/Aggregation/agg-hls/main.cpp"
                  , "line":"135"
                }
              ]
            }
            , {
              "type":"text"
              , "text":"Compare(%L)"
              , "links":
              [
                {
                  "filename":"/home/wkrska/Aggregation/agg-hls/main.cpp"
                  , "line":"135"
                }
              ]
            }
            , {
              "type":"text"
              , "text":"Compare(%L)"
              , "links":
              [
                {
                  "filename":"/home/wkrska/Aggregation/agg-hls/main.cpp"
                  , "line":"135"
                }
              ]
            }
            , {
              "type":"text"
              , "text":"Compare(%L)"
              , "links":
              [
                {
                  "filename":"/home/wkrska/Aggregation/agg-hls/main.cpp"
                  , "line":"135"
                }
              ]
            }
            , {
              "type":"text"
              , "text":"Compare(%L)"
              , "links":
              [
                {
                  "filename":"/home/wkrska/Aggregation/agg-hls/main.cpp"
                  , "line":"135"
                }
              ]
            }
            , {
              "type":"text"
              , "text":"Compare(%L)"
              , "links":
              [
                {
                  "filename":"/home/wkrska/Aggregation/agg-hls/main.cpp"
                  , "line":"135"
                }
              ]
            }
            , {
              "type":"text"
              , "text":"Compare(%L)"
              , "links":
              [
                {
                  "filename":"/home/wkrska/Aggregation/agg-hls/main.cpp"
                  , "line":"135"
                }
              ]
            }
            , {
              "type":"text"
              , "text":"Select(%L)"
              , "links":
              [
                {
                  "filename":"/home/wkrska/Aggregation/agg-hls/main.cpp"
                  , "line":"133"
                }
              ]
            }
            , {
              "type":"text"
              , "text":"Select(%L)"
              , "links":
              [
                {
                  "filename":"/home/wkrska/Aggregation/agg-hls/main.cpp"
                  , "line":"133"
                }
              ]
            }
            , {
              "type":"text"
              , "text":"Select(%L)"
              , "links":
              [
                {
                  "filename":"/home/wkrska/Aggregation/agg-hls/main.cpp"
                  , "line":"133"
                }
              ]
            }
            , {
              "type":"text"
              , "text":"Select(%L)"
              , "links":
              [
                {
                  "filename":"/home/wkrska/Aggregation/agg-hls/main.cpp"
                  , "line":"133"
                }
              ]
            }
            , {
              "type":"text"
              , "text":"Select(%L)"
              , "links":
              [
                {
                  "filename":"/home/wkrska/Aggregation/agg-hls/main.cpp"
                  , "line":"133"
                }
              ]
            }
            , {
              "type":"text"
              , "text":"Select(%L)"
              , "links":
              [
                {
                  "filename":"/home/wkrska/Aggregation/agg-hls/main.cpp"
                  , "line":"133"
                }
              ]
            }
            , {
              "type":"text"
              , "text":"Select(%L)"
              , "links":
              [
                {
                  "filename":"/home/wkrska/Aggregation/agg-hls/main.cpp"
                  , "line":"133"
                }
              ]
            }
            , {
              "type":"text"
              , "text":"Select(%L)"
              , "links":
              [
                {
                  "filename":"/home/wkrska/Aggregation/agg-hls/main.cpp"
                  , "line":"133"
                }
              ]
            }
            , {
              "type":"text"
              , "text":"Select(%L)"
              , "links":
              [
                {
                  "filename":"/home/wkrska/Aggregation/agg-hls/main.cpp"
                  , "line":"133"
                }
              ]
            }
            , {
              "type":"text"
              , "text":"Select(%L)"
              , "links":
              [
                {
                  "filename":"/home/wkrska/Aggregation/agg-hls/main.cpp"
                  , "line":"133"
                }
              ]
            }
            , {
              "type":"text"
              , "text":"Select(%L)"
              , "links":
              [
                {
                  "filename":"/home/wkrska/Aggregation/agg-hls/main.cpp"
                  , "line":"133"
                }
              ]
            }
            , {
              "type":"text"
              , "text":"Select(%L)"
              , "links":
              [
                {
                  "filename":"/home/wkrska/Aggregation/agg-hls/main.cpp"
                  , "line":"133"
                }
              ]
            }
            , {
              "type":"text"
              , "text":"Select(%L)"
              , "links":
              [
                {
                  "filename":"/home/wkrska/Aggregation/agg-hls/main.cpp"
                  , "line":"135"
                }
              ]
            }
            , {
              "type":"text"
              , "text":"Select(%L)"
              , "links":
              [
                {
                  "filename":"/home/wkrska/Aggregation/agg-hls/main.cpp"
                  , "line":"135"
                }
              ]
            }
            , {
              "type":"text"
              , "text":"Select(%L)"
              , "links":
              [
                {
                  "filename":"/home/wkrska/Aggregation/agg-hls/main.cpp"
                  , "line":"135"
                }
              ]
            }
            , {
              "type":"text"
              , "text":"Select(%L)"
              , "links":
              [
                {
                  "filename":"/home/wkrska/Aggregation/agg-hls/main.cpp"
                  , "line":"135"
                }
              ]
            }
            , {
              "type":"text"
              , "text":"Select(%L)"
              , "links":
              [
                {
                  "filename":"/home/wkrska/Aggregation/agg-hls/main.cpp"
                  , "line":"135"
                }
              ]
            }
            , {
              "type":"text"
              , "text":"Select(%L)"
              , "links":
              [
                {
                  "filename":"/home/wkrska/Aggregation/agg-hls/main.cpp"
                  , "line":"135"
                }
              ]
            }
            , {
              "type":"text"
              , "text":"Select(%L)"
              , "links":
              [
                {
                  "filename":"/home/wkrska/Aggregation/agg-hls/main.cpp"
                  , "line":"135"
                }
              ]
            }
            , {
              "type":"text"
              , "text":"Select(%L)"
              , "links":
              [
                {
                  "filename":"/home/wkrska/Aggregation/agg-hls/main.cpp"
                  , "line":"135"
                }
              ]
            }
            , {
              "type":"text"
              , "text":"Select(%L)"
              , "links":
              [
                {
                  "filename":"/home/wkrska/Aggregation/agg-hls/main.cpp"
                  , "line":"135"
                }
              ]
            }
            , {
              "type":"text"
              , "text":"Select(%L)"
              , "links":
              [
                {
                  "filename":"/home/wkrska/Aggregation/agg-hls/main.cpp"
                  , "line":"135"
                }
              ]
            }
            , {
              "type":"text"
              , "text":"Select(%L)"
              , "links":
              [
                {
                  "filename":"/home/wkrska/Aggregation/agg-hls/main.cpp"
                  , "line":"135"
                }
              ]
            }
            , {
              "type":"text"
              , "text":"Select(%L)"
              , "links":
              [
                {
                  "filename":"/home/wkrska/Aggregation/agg-hls/main.cpp"
                  , "line":"135"
                }
              ]
            }
            , {
              "type":"text"
              , "text":"case(%L)"
              , "links":
              [
                {
                  "filename":"/home/wkrska/Aggregation/agg-hls/main.cpp"
                  , "line":"138"
                }
              ]
            }
            , {
              "type":"text"
              , "text":"case(%L)"
              , "links":
              [
                {
                  "filename":"/home/wkrska/Aggregation/agg-hls/main.cpp"
                  , "line":"138"
                }
              ]
            }
            , {
              "type":"text"
              , "text":"case(%L)"
              , "links":
              [
                {
                  "filename":"/home/wkrska/Aggregation/agg-hls/main.cpp"
                  , "line":"138"
                }
              ]
            }
            , {
              "type":"text"
              , "text":"case(%L)"
              , "links":
              [
                {
                  "filename":"/home/wkrska/Aggregation/agg-hls/main.cpp"
                  , "line":"138"
                }
              ]
            }
            , {
              "type":"text"
              , "text":"case(%L)"
              , "links":
              [
                {
                  "filename":"/home/wkrska/Aggregation/agg-hls/main.cpp"
                  , "line":"138"
                }
              ]
            }
            , {
              "type":"text"
              , "text":"case(%L)"
              , "links":
              [
                {
                  "filename":"/home/wkrska/Aggregation/agg-hls/main.cpp"
                  , "line":"138"
                }
              ]
            }
            , {
              "type":"text"
              , "text":"case(%L)"
              , "links":
              [
                {
                  "filename":"/home/wkrska/Aggregation/agg-hls/main.cpp"
                  , "line":"138"
                }
              ]
            }
            , {
              "type":"text"
              , "text":"case(%L)"
              , "links":
              [
                {
                  "filename":"/home/wkrska/Aggregation/agg-hls/main.cpp"
                  , "line":"138"
                }
              ]
            }
            , {
              "type":"text"
              , "text":"case(%L)"
              , "links":
              [
                {
                  "filename":"/home/wkrska/Aggregation/agg-hls/main.cpp"
                  , "line":"138"
                }
              ]
            }
            , {
              "type":"text"
              , "text":"case(%L)"
              , "links":
              [
                {
                  "filename":"/home/wkrska/Aggregation/agg-hls/main.cpp"
                  , "line":"138"
                }
              ]
            }
            , {
              "type":"text"
              , "text":"case(%L)"
              , "links":
              [
                {
                  "filename":"/home/wkrska/Aggregation/agg-hls/main.cpp"
                  , "line":"138"
                }
              ]
            }
            , {
              "type":"text"
              , "text":"case(%L)"
              , "links":
              [
                {
                  "filename":"/home/wkrska/Aggregation/agg-hls/main.cpp"
                  , "line":"138"
                }
              ]
            }
          ]
        }
      ]
      , "nodes":
      [
        {
          "name":"__table"
          , "id":23938
          , "start":"6.00"
          , "parent":"_ZTSZZ4mainENKUlRN4sycl3_V17handlerEE3_clES2_E14AggregateTask0.B6"
          , "debug":
          [
            [
              {
                "filename":"/home/wkrska/Aggregation/agg-hls/./core.h"
                , "line":253
              }
            ]
          ]
          , "type":"inst"
        }
        , {
          "name":"Trunc"
          , "debug":
          [
            [
              {
                "filename":"/home/wkrska/Aggregation/agg-hls/./core.h"
                , "line":253
              }
            ]
          ]
          , "type":"inst"
        }
        , {
          "name":"Select"
          , "id":24533
          , "debug":
          [
            [
              {
                "filename":"/home/wkrska/Aggregation/agg-hls/main.cpp"
                , "line":135
              }
            ]
          ]
          , "type":"inst"
        }
        , {
          "name":"Select"
          , "id":24633
          , "debug":
          [
            [
              {
                "filename":"/home/wkrska/Aggregation/agg-hls/./core.h"
                , "line":260
              }
            ]
          ]
          , "type":"inst"
        }
        , {
          "name":"Trunc"
          , "debug":
          [
            [
              {
                "filename":"/home/wkrska/Aggregation/agg-hls/./core.h"
                , "line":253
              }
            ]
          ]
          , "type":"inst"
        }
        , {
          "name":"Select"
          , "id":24691
          , "debug":
          [
            [
              {
                "filename":"/home/wkrska/Aggregation/agg-hls/main.cpp"
                , "line":135
              }
            ]
          ]
          , "type":"inst"
        }
        , {
          "name":"case"
          , "id":24682
          , "debug":
          [
            [
              {
                "filename":"/home/wkrska/Aggregation/agg-hls/main.cpp"
                , "line":138
              }
            ]
          ]
          , "type":"inst"
        }
        , {
          "name":"Select"
          , "id":24017
          , "debug":
          [
            [
              {
                "filename":"/home/wkrska/Aggregation/agg-hls/./core.h"
                , "line":253
              }
            ]
          ]
          , "type":"inst"
        }
        , {
          "name":"Select"
          , "id":24675
          , "debug":
          [
            [
              {
                "filename":"/home/wkrska/Aggregation/agg-hls/main.cpp"
                , "line":133
              }
            ]
          ]
          , "type":"inst"
        }
        , {
          "name":"Trunc"
          , "debug":
          [
            [
              {
                "filename":"/home/wkrska/Aggregation/agg-hls/./core.h"
                , "line":253
              }
            ]
          ]
          , "type":"inst"
        }
        , {
          "name":"Select"
          , "id":24645
          , "debug":
          [
            [
              {
                "filename":"/home/wkrska/Aggregation/agg-hls/./core.h"
                , "line":260
              }
            ]
          ]
          , "type":"inst"
        }
        , {
          "name":"Trunc"
          , "debug":
          [
            [
              {
                "filename":"/home/wkrska/Aggregation/agg-hls/./core.h"
                , "line":253
              }
            ]
          ]
          , "type":"inst"
        }
        , {
          "name":"bit.shuffle"
          , "id":24605
          , "debug":
          [
            [
              {
                "filename":"/home/wkrska/Aggregation/agg-hls/./core.h"
                , "line":289
              }
            ]
          ]
          , "type":"inst"
        }
        , {
          "name":"case"
          , "id":24536
          , "debug":
          [
            [
              {
                "filename":"/home/wkrska/Aggregation/agg-hls/main.cpp"
                , "line":138
              }
            ]
          ]
          , "type":"inst"
        }
        , {
          "name":"Trunc"
          , "debug":
          [
            [
              {
                "filename":"/home/wkrska/Aggregation/agg-hls/./core.h"
                , "line":253
              }
            ]
          ]
          , "type":"inst"
        }
        , {
          "name":"bit.shuffle"
          , "id":24739
          , "debug":
          [
            [
              {
                "filename":"/home/wkrska/Aggregation/agg-hls/./core.h"
                , "line":289
              }
            ]
          ]
          , "type":"inst"
        }
        , {
          "name":"Select"
          , "id":24053
          , "debug":
          [
            [
              {
                "filename":"/home/wkrska/Aggregation/agg-hls/./core.h"
                , "line":253
              }
            ]
          ]
          , "type":"inst"
        }
        , {
          "name":"Select"
          , "id":24499
          , "debug":
          [
            [
              {
                "filename":"/home/wkrska/Aggregation/agg-hls/./core.h"
                , "line":260
              }
            ]
          ]
          , "type":"inst"
        }
        , {
          "name":"Trunc"
          , "debug":
          [
            [
              {
                "filename":"/home/wkrska/Aggregation/agg-hls/./core.h"
                , "line":253
              }
            ]
          ]
          , "type":"inst"
        }
        , {
          "name":"Compare"
          , "id":24264
          , "debug":
          [
            [
              {
                "filename":"/home/wkrska/Aggregation/agg-hls/main.cpp"
                , "line":135
              }
            ]
          ]
          , "type":"inst"
        }
        , {
          "name":"Select"
          , "id":24265
          , "debug":
          [
            [
              {
                "filename":"/home/wkrska/Aggregation/agg-hls/main.cpp"
                , "line":135
              }
            ]
          ]
          , "type":"inst"
        }
        , {
          "name":"Select"
          , "id":23825
          , "debug":
          [
            [
              {
                "filename":"/home/wkrska/Aggregation/agg-hls/./core.h"
                , "line":253
              }
            ]
          ]
          , "type":"inst"
        }
        , {
          "name":"Select"
          , "id":24545
          , "debug":
          [
            [
              {
                "filename":"/home/wkrska/Aggregation/agg-hls/main.cpp"
                , "line":135
              }
            ]
          ]
          , "type":"inst"
        }
        , {
          "name":"Select"
          , "id":24687
          , "debug":
          [
            [
              {
                "filename":"/home/wkrska/Aggregation/agg-hls/main.cpp"
                , "line":133
              }
            ]
          ]
          , "type":"inst"
        }
        , {
          "name":"case"
          , "id":24560
          , "debug":
          [
            [
              {
                "filename":"/home/wkrska/Aggregation/agg-hls/main.cpp"
                , "line":138
              }
            ]
          ]
          , "type":"inst"
        }
        , {
          "name":"Compare"
          , "id":24544
          , "debug":
          [
            [
              {
                "filename":"/home/wkrska/Aggregation/agg-hls/main.cpp"
                , "line":135
              }
            ]
          ]
          , "type":"inst"
        }
        , {
          "name":"Select"
          , "id":24365
          , "debug":
          [
            [
              {
                "filename":"/home/wkrska/Aggregation/agg-hls/./core.h"
                , "line":260
              }
            ]
          ]
          , "type":"inst"
        }
        , {
          "name":"Trunc"
          , "debug":
          [
            [
              {
                "filename":"/home/wkrska/Aggregation/agg-hls/./core.h"
                , "line":253
              }
            ]
          ]
          , "type":"inst"
        }
        , {
          "name":"case"
          , "id":24402
          , "debug":
          [
            [
              {
                "filename":"/home/wkrska/Aggregation/agg-hls/main.cpp"
                , "line":138
              }
            ]
          ]
          , "type":"inst"
        }
        , {
          "name":"Trunc"
          , "debug":
          [
            [
              {
                "filename":"/home/wkrska/Aggregation/agg-hls/./core.h"
                , "line":253
              }
            ]
          ]
          , "type":"inst"
        }
        , {
          "name":"bit.shuffle"
          , "id":24472
          , "debug":
          [
            [
              {
                "filename":"/home/wkrska/Aggregation/agg-hls/./core.h"
                , "line":289
              }
            ]
          ]
          , "type":"inst"
        }
        , {
          "name":"Compare"
          , "id":24532
          , "debug":
          [
            [
              {
                "filename":"/home/wkrska/Aggregation/agg-hls/main.cpp"
                , "line":135
              }
            ]
          ]
          , "type":"inst"
        }
        , {
          "name":"Select"
          , "id":24553
          , "debug":
          [
            [
              {
                "filename":"/home/wkrska/Aggregation/agg-hls/main.cpp"
                , "line":133
              }
            ]
          ]
          , "type":"inst"
        }
        , {
          "name":"Compare"
          , "id":24666
          , "debug":
          [
            [
              {
                "filename":"/home/wkrska/Aggregation/agg-hls/main.cpp"
                , "line":135
              }
            ]
          ]
          , "type":"inst"
        }
        , {
          "name":"Select"
          , "id":24667
          , "debug":
          [
            [
              {
                "filename":"/home/wkrska/Aggregation/agg-hls/main.cpp"
                , "line":135
              }
            ]
          ]
          , "type":"inst"
        }
        , {
          "name":"bit.shuffle"
          , "id":24604
          , "debug":
          [
            [
              {
                "filename":"/home/wkrska/Aggregation/agg-hls/./core.h"
                , "line":289
              }
            ]
          ]
          , "type":"inst"
        }
        , {
          "name":"Compare"
          , "id":24410
          , "debug":
          [
            [
              {
                "filename":"/home/wkrska/Aggregation/agg-hls/main.cpp"
                , "line":135
              }
            ]
          ]
          , "type":"inst"
        }
        , {
          "name":"Compare"
          , "id":24690
          , "debug":
          [
            [
              {
                "filename":"/home/wkrska/Aggregation/agg-hls/main.cpp"
                , "line":135
              }
            ]
          ]
          , "type":"inst"
        }
        , {
          "name":"Select"
          , "id":24487
          , "debug":
          [
            [
              {
                "filename":"/home/wkrska/Aggregation/agg-hls/./core.h"
                , "line":260
              }
            ]
          ]
          , "type":"inst"
        }
        , {
          "name":"Compare"
          , "id":24556
          , "debug":
          [
            [
              {
                "filename":"/home/wkrska/Aggregation/agg-hls/main.cpp"
                , "line":135
              }
            ]
          ]
          , "type":"inst"
        }
        , {
          "name":"Select"
          , "id":24557
          , "debug":
          [
            [
              {
                "filename":"/home/wkrska/Aggregation/agg-hls/main.cpp"
                , "line":135
              }
            ]
          ]
          , "type":"inst"
        }
        , {
          "name":"Select"
          , "id":24663
          , "debug":
          [
            [
              {
                "filename":"/home/wkrska/Aggregation/agg-hls/main.cpp"
                , "line":133
              }
            ]
          ]
          , "type":"inst"
        }
        , {
          "name":"case"
          , "id":24414
          , "debug":
          [
            [
              {
                "filename":"/home/wkrska/Aggregation/agg-hls/main.cpp"
                , "line":138
              }
            ]
          ]
          , "type":"inst"
        }
        , {
          "name":"Select"
          , "id":24407
          , "debug":
          [
            [
              {
                "filename":"/home/wkrska/Aggregation/agg-hls/main.cpp"
                , "line":133
              }
            ]
          ]
          , "type":"inst"
        }
        , {
          "name":"case"
          , "id":24268
          , "debug":
          [
            [
              {
                "filename":"/home/wkrska/Aggregation/agg-hls/main.cpp"
                , "line":138
              }
            ]
          ]
          , "type":"inst"
        }
        , {
          "name":"Trunc"
          , "debug":
          [
            [
              {
                "filename":"/home/wkrska/Aggregation/agg-hls/./core.h"
                , "line":253
              }
            ]
          ]
          , "type":"inst"
        }
        , {
          "name":"Compare"
          , "id":24276
          , "debug":
          [
            [
              {
                "filename":"/home/wkrska/Aggregation/agg-hls/main.cpp"
                , "line":135
              }
            ]
          ]
          , "type":"inst"
        }
        , {
          "name":"Select"
          , "id":23939
          , "debug":
          [
            [
              {
                "filename":"/home/wkrska/Aggregation/agg-hls/./core.h"
                , "line":253
              }
            ]
          ]
          , "type":"inst"
        }
        , {
          "name":"Select"
          , "id":24419
          , "debug":
          [
            [
              {
                "filename":"/home/wkrska/Aggregation/agg-hls/main.cpp"
                , "line":133
              }
            ]
          ]
          , "type":"inst"
        }
        , {
          "name":"Compare"
          , "id":24422
          , "debug":
          [
            [
              {
                "filename":"/home/wkrska/Aggregation/agg-hls/main.cpp"
                , "line":135
              }
            ]
          ]
          , "type":"inst"
        }
        , {
          "name":"Select"
          , "id":24423
          , "debug":
          [
            [
              {
                "filename":"/home/wkrska/Aggregation/agg-hls/main.cpp"
                , "line":135
              }
            ]
          ]
          , "type":"inst"
        }
        , {
          "name":"bit.shuffle"
          , "id":24337
          , "debug":
          [
            [
              {
                "filename":"/home/wkrska/Aggregation/agg-hls/./core.h"
                , "line":289
              }
            ]
          ]
          , "type":"inst"
        }
        , {
          "name":"Select"
          , "id":24411
          , "debug":
          [
            [
              {
                "filename":"/home/wkrska/Aggregation/agg-hls/main.cpp"
                , "line":135
              }
            ]
          ]
          , "type":"inst"
        }
        , {
          "name":"Select"
          , "id":24511
          , "debug":
          [
            [
              {
                "filename":"/home/wkrska/Aggregation/agg-hls/./core.h"
                , "line":260
              }
            ]
          ]
          , "type":"inst"
        }
        , {
          "name":"case"
          , "id":24280
          , "debug":
          [
            [
              {
                "filename":"/home/wkrska/Aggregation/agg-hls/main.cpp"
                , "line":138
              }
            ]
          ]
          , "type":"inst"
        }
        , {
          "name":"case"
          , "id":24426
          , "debug":
          [
            [
              {
                "filename":"/home/wkrska/Aggregation/agg-hls/main.cpp"
                , "line":138
              }
            ]
          ]
          , "type":"inst"
        }
        , {
          "name":"bit.shuffle"
          , "id":24338
          , "debug":
          [
            [
              {
                "filename":"/home/wkrska/Aggregation/agg-hls/./core.h"
                , "line":289
              }
            ]
          ]
          , "type":"inst"
        }
        , {
          "name":"Compare"
          , "id":24678
          , "debug":
          [
            [
              {
                "filename":"/home/wkrska/Aggregation/agg-hls/main.cpp"
                , "line":135
              }
            ]
          ]
          , "type":"inst"
        }
        , {
          "name":"Select"
          , "id":24679
          , "debug":
          [
            [
              {
                "filename":"/home/wkrska/Aggregation/agg-hls/main.cpp"
                , "line":135
              }
            ]
          ]
          , "type":"inst"
        }
        , {
          "name":"bit.shuffle"
          , "id":24606
          , "debug":
          [
            [
              {
                "filename":"/home/wkrska/Aggregation/agg-hls/./core.h"
                , "line":289
              }
            ]
          ]
          , "type":"inst"
        }
        , {
          "name":"case"
          , "id":24548
          , "debug":
          [
            [
              {
                "filename":"/home/wkrska/Aggregation/agg-hls/main.cpp"
                , "line":138
              }
            ]
          ]
          , "type":"inst"
        }
        , {
          "name":"Select"
          , "id":24529
          , "debug":
          [
            [
              {
                "filename":"/home/wkrska/Aggregation/agg-hls/main.cpp"
                , "line":133
              }
            ]
          ]
          , "type":"inst"
        }
        , {
          "name":"Select"
          , "id":24541
          , "debug":
          [
            [
              {
                "filename":"/home/wkrska/Aggregation/agg-hls/main.cpp"
                , "line":133
              }
            ]
          ]
          , "type":"inst"
        }
        , {
          "name":"Select"
          , "id":24621
          , "debug":
          [
            [
              {
                "filename":"/home/wkrska/Aggregation/agg-hls/./core.h"
                , "line":260
              }
            ]
          ]
          , "type":"inst"
        }
        , {
          "name":"Select"
          , "id":24395
          , "debug":
          [
            [
              {
                "filename":"/home/wkrska/Aggregation/agg-hls/main.cpp"
                , "line":133
              }
            ]
          ]
          , "type":"inst"
        }
        , {
          "name":"bit.shuffle"
          , "id":24471
          , "debug":
          [
            [
              {
                "filename":"/home/wkrska/Aggregation/agg-hls/./core.h"
                , "line":289
              }
            ]
          ]
          , "type":"inst"
        }
        , {
          "name":"Select"
          , "id":24231
          , "debug":
          [
            [
              {
                "filename":"/home/wkrska/Aggregation/agg-hls/./core.h"
                , "line":260
              }
            ]
          ]
          , "type":"inst"
        }
        , {
          "name":"case"
          , "id":24670
          , "debug":
          [
            [
              {
                "filename":"/home/wkrska/Aggregation/agg-hls/main.cpp"
                , "line":138
              }
            ]
          ]
          , "type":"inst"
        }
        , {
          "name":"Select"
          , "id":24149
          , "debug":
          [
            [
              {
                "filename":"/home/wkrska/Aggregation/agg-hls/./core.h"
                , "line":253
              }
            ]
          ]
          , "type":"inst"
        }
        , {
          "name":"case"
          , "id":24694
          , "debug":
          [
            [
              {
                "filename":"/home/wkrska/Aggregation/agg-hls/main.cpp"
                , "line":138
              }
            ]
          ]
          , "type":"inst"
        }
        , {
          "name":"bit.shuffle"
          , "id":24738
          , "debug":
          [
            [
              {
                "filename":"/home/wkrska/Aggregation/agg-hls/./core.h"
                , "line":289
              }
            ]
          ]
          , "type":"inst"
        }
        , {
          "name":"Trunc"
          , "debug":
          [
            [
              {
                "filename":"/home/wkrska/Aggregation/agg-hls/./core.h"
                , "line":253
              }
            ]
          ]
          , "type":"inst"
        }
        , {
          "name":"case"
          , "id":24292
          , "debug":
          [
            [
              {
                "filename":"/home/wkrska/Aggregation/agg-hls/main.cpp"
                , "line":138
              }
            ]
          ]
          , "type":"inst"
        }
        , {
          "name":"Compare"
          , "id":24398
          , "debug":
          [
            [
              {
                "filename":"/home/wkrska/Aggregation/agg-hls/main.cpp"
                , "line":135
              }
            ]
          ]
          , "type":"inst"
        }
        , {
          "name":"Select"
          , "id":24399
          , "debug":
          [
            [
              {
                "filename":"/home/wkrska/Aggregation/agg-hls/main.cpp"
                , "line":135
              }
            ]
          ]
          , "type":"inst"
        }
        , {
          "name":"Select"
          , "id":24377
          , "debug":
          [
            [
              {
                "filename":"/home/wkrska/Aggregation/agg-hls/./core.h"
                , "line":260
              }
            ]
          ]
          , "type":"inst"
        }
        , {
          "name":"Compare"
          , "id":24288
          , "debug":
          [
            [
              {
                "filename":"/home/wkrska/Aggregation/agg-hls/main.cpp"
                , "line":135
              }
            ]
          ]
          , "type":"inst"
        }
        , {
          "name":"Select"
          , "id":24289
          , "debug":
          [
            [
              {
                "filename":"/home/wkrska/Aggregation/agg-hls/main.cpp"
                , "line":135
              }
            ]
          ]
          , "type":"inst"
        }
        , {
          "name":"bit.shuffle"
          , "id":24740
          , "debug":
          [
            [
              {
                "filename":"/home/wkrska/Aggregation/agg-hls/./core.h"
                , "line":289
              }
            ]
          ]
          , "type":"inst"
        }
        , {
          "name":"Trunc"
          , "debug":
          [
            [
              {
                "filename":"/home/wkrska/Aggregation/agg-hls/./core.h"
                , "line":253
              }
            ]
          ]
          , "type":"inst"
        }
        , {
          "name":"Select"
          , "id":24353
          , "debug":
          [
            [
              {
                "filename":"/home/wkrska/Aggregation/agg-hls/./core.h"
                , "line":260
              }
            ]
          ]
          , "type":"inst"
        }
        , {
          "name":"bit.shuffle"
          , "id":24336
          , "debug":
          [
            [
              {
                "filename":"/home/wkrska/Aggregation/agg-hls/./core.h"
                , "line":289
              }
            ]
          ]
          , "type":"inst"
        }
        , {
          "name":"Select"
          , "id":24131
          , "debug":
          [
            [
              {
                "filename":"/home/wkrska/Aggregation/agg-hls/./core.h"
                , "line":253
              }
            ]
          ]
          , "type":"inst"
        }
        , {
          "name":"Select"
          , "id":24243
          , "debug":
          [
            [
              {
                "filename":"/home/wkrska/Aggregation/agg-hls/./core.h"
                , "line":260
              }
            ]
          ]
          , "type":"inst"
        }
        , {
          "name":"Select"
          , "id":23861
          , "debug":
          [
            [
              {
                "filename":"/home/wkrska/Aggregation/agg-hls/./core.h"
                , "line":253
              }
            ]
          ]
          , "type":"inst"
        }
        , {
          "name":"Select"
          , "id":24277
          , "debug":
          [
            [
              {
                "filename":"/home/wkrska/Aggregation/agg-hls/main.cpp"
                , "line":135
              }
            ]
          ]
          , "type":"inst"
        }
        , {
          "name":"bit.shuffle"
          , "id":24470
          , "debug":
          [
            [
              {
                "filename":"/home/wkrska/Aggregation/agg-hls/./core.h"
                , "line":289
              }
            ]
          ]
          , "type":"inst"
        }
        , {
          "name":"Select"
          , "id":24113
          , "debug":
          [
            [
              {
                "filename":"/home/wkrska/Aggregation/agg-hls/./core.h"
                , "line":253
              }
            ]
          ]
          , "type":"inst"
        }
        , {
          "name":"Select"
          , "id":24219
          , "debug":
          [
            [
              {
                "filename":"/home/wkrska/Aggregation/agg-hls/./core.h"
                , "line":260
              }
            ]
          ]
          , "type":"inst"
        }
        , {
          "name":"Select"
          , "id":23921
          , "debug":
          [
            [
              {
                "filename":"/home/wkrska/Aggregation/agg-hls/./core.h"
                , "line":253
              }
            ]
          ]
          , "type":"inst"
        }
        , {
          "name":"Select"
          , "id":24261
          , "debug":
          [
            [
              {
                "filename":"/home/wkrska/Aggregation/agg-hls/main.cpp"
                , "line":133
              }
            ]
          ]
          , "type":"inst"
        }
        , {
          "name":"Select"
          , "id":24273
          , "debug":
          [
            [
              {
                "filename":"/home/wkrska/Aggregation/agg-hls/main.cpp"
                , "line":133
              }
            ]
          ]
          , "type":"inst"
        }
        , {
          "name":"Select"
          , "id":23957
          , "debug":
          [
            [
              {
                "filename":"/home/wkrska/Aggregation/agg-hls/./core.h"
                , "line":253
              }
            ]
          ]
          , "type":"inst"
        }
        , {
          "name":"Select"
          , "id":23843
          , "debug":
          [
            [
              {
                "filename":"/home/wkrska/Aggregation/agg-hls/./core.h"
                , "line":253
              }
            ]
          ]
          , "type":"inst"
        }
        , {
          "name":"Trunc"
          , "debug":
          [
            [
              {
                "filename":"/home/wkrska/Aggregation/agg-hls/./core.h"
                , "line":253
              }
            ]
          ]
          , "type":"inst"
        }
        , {
          "name":"Select"
          , "id":24285
          , "debug":
          [
            [
              {
                "filename":"/home/wkrska/Aggregation/agg-hls/main.cpp"
                , "line":133
              }
            ]
          ]
          , "type":"inst"
        }
        , {
          "name":"Select"
          , "id":24035
          , "debug":
          [
            [
              {
                "filename":"/home/wkrska/Aggregation/agg-hls/./core.h"
                , "line":253
              }
            ]
          ]
          , "type":"inst"
        }
        , {
          "name":"Feedback"
          , "id":24792
          , "end":"6.00"
          , "parent":"_ZTSZZ4mainENKUlRN4sycl3_V17handlerEE3_clES2_E14AggregateTask0.B6"
          , "debug":
          [
            [
              {
                "filename":"/home/wkrska/Aggregation/agg-hls/./core.h"
                , "line":289
              }
            ]
          ]
          , "type":"inst"
        }
      ]
      , "links":
      [
        {
          "from":24633
          , "to":24675
        }
        , {
          "from":24533
          , "to":24536
        }
        , {
          "from":24682
          , "to":24739
        }
        , {
          "from":24264
          , "to":24265
        }
        , {
          "from":24645
          , "to":24687
        }
        , {
          "from":24666
          , "to":24667
        }
        , {
          "from":24536
          , "to":24604
        }
        , {
          "from":24687
          , "to":24690
        }
        , {
          "from":24017
          , "to":24487
        }
        , {
          "from":24553
          , "to":24556
        }
        , {
          "from":24553
          , "to":24557
        }
        , {
          "from":24556
          , "to":24557
        }
        , {
          "from":24365
          , "to":24407
        }
        , {
          "from":24265
          , "to":24268
        }
        , {
          "from":23938
          , "to":23939
        }
        , {
          "from":24419
          , "to":24422
        }
        , {
          "from":24419
          , "to":24423
        }
        , {
          "from":24422
          , "to":24423
        }
        , {
          "from":24407
          , "to":24411
        }
        , {
          "from":24410
          , "to":24411
        }
        , {
          "from":24053
          , "to":24511
        }
        , {
          "from":24423
          , "to":24426
        }
        , {
          "from":24675
          , "to":24678
        }
        , {
          "from":24675
          , "to":24679
        }
        , {
          "from":24678
          , "to":24679
        }
        , {
          "from":24560
          , "to":24606
        }
        , {
          "from":24545
          , "to":24548
        }
        , {
          "from":24487
          , "to":24529
        }
        , {
          "from":24499
          , "to":24541
        }
        , {
          "from":24414
          , "to":24471
        }
        , {
          "from":24667
          , "to":24670
        }
        , {
          "from":24691
          , "to":24694
        }
        , {
          "from":24670
          , "to":24738
        }
        , {
          "from":24395
          , "to":24398
        }
        , {
          "from":24395
          , "to":24399
        }
        , {
          "from":24398
          , "to":24399
        }
        , {
          "from":24288
          , "to":24289
        }
        , {
          "from":24694
          , "to":24740
        }
        , {
          "from":24268
          , "to":24336
        }
        , {
          "from":24276
          , "to":24277
        }
        , {
          "from":24402
          , "to":24470
        }
        , {
          "from":23825
          , "to":24219
        }
        , {
          "from":24219
          , "to":24261
        }
        , {
          "from":24231
          , "to":24273
        }
        , {
          "from":24243
          , "to":24285
        }
        , {
          "from":24471
          , "to":24792
        }
        , {
          "from":23938
          , "to":24792
          , "reverse":1
        }
      ]
    }
    , {
      "name":"Global variable"
      , "id":27163
      , "src":"25942"
      , "dst":"25946"
      , "type":"fMAX/II"
      , "brief":"Data dependency"
      , "loop":"ReadoutTask.B1"
      , "details":
      [
        {
          "type":"table"
          , "Variable on critical loop carried feedback path: ":"Global variable"
          , "Declared at: ":
          [
            {
              "type":"text"
              , "text":"%L"
              , "links":
              [
                {
                  "filename":"Unknown location"
                  , "line":"0"
                }
              ]
            }
          ]
          , "Dependency: ":"Data dependency"
          , "Estimated fmax reduced to: ":"650.0"
          , "Loop feedback path that raised II and/or lowered fMAX: ":
          [
            {
              "type":"text"
              , "text":"+(%L)"
              , "links":
              [
                {
                  "filename":"/home/wkrska/Aggregation/agg-hls/main.cpp"
                  , "line":"455"
                }
              ]
            }
          ]
        }
      ]
      , "nodes":
      [
        {
          "name":"Global variable"
          , "id":25942
          , "start":"4.00"
          , "parent":"_ZTSZZ4mainENKUlRN4sycl3_V17handlerEE5_clES2_E11ReadoutTask.B1"
          , "debug":
          [
            [
              {
                "filename":"/home/wkrska/Aggregation/agg-hls/main.cpp"
                , "line":455
              }
            ]
          ]
          , "type":"inst"
        }
        , {
          "name":"+"
          , "id":25945
          , "debug":
          [
            [
              {
                "filename":"/home/wkrska/Aggregation/agg-hls/main.cpp"
                , "line":455
              }
            ]
          ]
          , "type":"inst"
        }
        , {
          "name":"Feedback"
          , "id":25946
          , "end":"4.00"
          , "parent":"_ZTSZZ4mainENKUlRN4sycl3_V17handlerEE5_clES2_E11ReadoutTask.B1"
          , "debug":
          [
            [
              {
                "filename":"/home/wkrska/Aggregation/agg-hls/main.cpp"
                , "line":455
              }
            ]
          ]
          , "type":"inst"
        }
      ]
      , "links":
      [
        {
          "from":25942
          , "to":25945
        }
        , {
          "from":25945
          , "to":25946
        }
        , {
          "from":25942
          , "to":25946
          , "reverse":1
        }
      ]
    }
    , {
      "name":"Feedback"
      , "id":27164
      , "src":"25980"
      , "dst":"26018"
      , "type":"fMAX/II"
      , "brief":"Data dependency"
      , "loop":"testInputSrcTask.B1"
      , "details":
      [
        {
          "type":"table"
          , "Loop: ":"_ZTSZZ4mainENKUlRN4sycl3_V17handlerEE_clES2_E16testInputSrcTask.B1"
          , "Declared at: ":
          [
            {
              "type":"text"
              , "text":"%L"
              , "links":
              [
                {
                  "filename":"/ofs_install/oneapi/2023.2/compiler/2023.2.1/linux/bin-llvm/../include/sycl/handler.hpp"
                  , "line":"1209"
                }
              ]
            }
          ]
          , "Dependency: ":"Data dependency"
          , "Estimated fmax reduced to: ":"650.0"
          , "Loop feedback path that raised II and/or lowered fMAX: ":
          [
            {
              "type":"text"
              , "text":"+(%L)"
              , "links":
              [
                {
                  "filename":"/ofs_install/oneapi/2023.2/compiler/2023.2.1/linux/bin-llvm/../include/sycl/handler.hpp"
                  , "line":"1209"
                }
              ]
            }
          ]
        }
      ]
      , "nodes":
      [
        {
          "name":"Feedback"
          , "id":25980
          , "start":"4.00"
          , "parent":"_ZTSZZ4mainENKUlRN4sycl3_V17handlerEE_clES2_E16testInputSrcTask.B1"
          , "debug":
          [
            [
              {
                "filename":"/ofs_install/oneapi/2023.2/compiler/2023.2.1/linux/bin-llvm/../include/sycl/handler.hpp"
                , "line":1209
              }
            ]
          ]
          , "type":"inst"
        }
        , {
          "name":"+"
          , "id":26015
          , "debug":
          [
            [
              {
                "filename":"/ofs_install/oneapi/2023.2/compiler/2023.2.1/linux/bin-llvm/../include/sycl/handler.hpp"
                , "line":1209
              }
            ]
          ]
          , "type":"inst"
        }
        , {
          "name":"Feedback"
          , "id":26018
          , "end":"4.00"
          , "parent":"_ZTSZZ4mainENKUlRN4sycl3_V17handlerEE_clES2_E16testInputSrcTask.B1"
          , "debug":
          [
            [
              {
                "filename":"/ofs_install/oneapi/2023.2/compiler/2023.2.1/linux/bin-llvm/../include/sycl/handler.hpp"
                , "line":1209
              }
            ]
          ]
          , "type":"inst"
        }
      ]
      , "links":
      [
        {
          "from":25980
          , "to":26015
        }
        , {
          "from":26015
          , "to":26018
        }
        , {
          "from":25980
          , "to":26018
          , "reverse":1
        }
      ]
    }
    , {
      "name":"'r'"
      , "id":27165
      , "src":"26053"
      , "dst":"26058"
      , "type":"fMAX/II"
      , "brief":"Data dependency"
      , "loop":"testInputSrcTask.B3"
      , "details":
      [
        {
          "type":"table"
          , "Variable on critical loop carried feedback path: ":"'r'"
          , "Declared at: ":
          [
            {
              "type":"text"
              , "text":"%L"
              , "links":
              [
                {
                  "filename":"/home/wkrska/Aggregation/agg-hls/main.cpp"
                  , "line":"294"
                }
              ]
            }
          ]
          , "Dependency: ":"Data dependency"
          , "Estimated fmax reduced to: ":"650.0"
          , "Loop feedback path that raised II and/or lowered fMAX: ":
          [
            {
              "type":"text"
              , "text":"+(%L)"
              , "links":
              [
                {
                  "filename":"/home/wkrska/Aggregation/agg-hls/main.cpp"
                  , "line":"320"
                }
              ]
            }
          ]
        }
      ]
      , "nodes":
      [
        {
          "name":"'r'"
          , "id":26053
          , "start":"4.00"
          , "parent":"_ZTSZZ4mainENKUlRN4sycl3_V17handlerEE_clES2_E16testInputSrcTask.B3"
          , "debug":
          [
            [
              {
                "filename":"/home/wkrska/Aggregation/agg-hls/main.cpp"
                , "line":294
              }
            ]
          ]
          , "type":"inst"
        }
        , {
          "name":"+"
          , "id":26054
          , "debug":
          [
            [
              {
                "filename":"/home/wkrska/Aggregation/agg-hls/main.cpp"
                , "line":320
              }
            ]
          ]
          , "type":"inst"
        }
        , {
          "name":"Feedback"
          , "id":26058
          , "end":"4.00"
          , "parent":"_ZTSZZ4mainENKUlRN4sycl3_V17handlerEE_clES2_E16testInputSrcTask.B3"
          , "debug":
          [
            [
              {
                "filename":"/home/wkrska/Aggregation/agg-hls/main.cpp"
                , "line":320
              }
            ]
          ]
          , "type":"inst"
        }
      ]
      , "links":
      [
        {
          "from":26053
          , "to":26054
        }
        , {
          "from":26054
          , "to":26058
        }
        , {
          "from":26053
          , "to":26058
          , "reverse":1
        }
      ]
    }
    , {
      "name":"'i'"
      , "id":27166
      , "src":"26070"
      , "dst":"26077"
      , "type":"fMAX/II"
      , "brief":"Data dependency"
      , "loop":"testInputSrcTask.B4"
      , "details":
      [
        {
          "type":"table"
          , "Variable on critical loop carried feedback path: ":"'i'"
          , "Declared at: ":
          [
            {
              "type":"text"
              , "text":"%L"
              , "links":
              [
                {
                  "filename":"/home/wkrska/Aggregation/agg-hls/main.cpp"
                  , "line":"295"
                }
              ]
            }
          ]
          , "Dependency: ":"Data dependency"
          , "Estimated fmax reduced to: ":"650.0"
          , "Loop feedback path that raised II and/or lowered fMAX: ":
          [
            {
              "type":"text"
              , "text":"+(%L)"
              , "links":
              [
                {
                  "filename":"/home/wkrska/Aggregation/agg-hls/main.cpp"
                  , "line":"295"
                }
              ]
            }
          ]
        }
      ]
      , "nodes":
      [
        {
          "name":"'i'"
          , "id":26070
          , "start":"4.00"
          , "parent":"_ZTSZZ4mainENKUlRN4sycl3_V17handlerEE_clES2_E16testInputSrcTask.B4"
          , "debug":
          [
            [
              {
                "filename":"/home/wkrska/Aggregation/agg-hls/main.cpp"
                , "line":295
              }
            ]
          ]
          , "type":"inst"
        }
        , {
          "name":"+"
          , "id":26076
          , "debug":
          [
            [
              {
                "filename":"/home/wkrska/Aggregation/agg-hls/main.cpp"
                , "line":295
              }
            ]
          ]
          , "type":"inst"
        }
        , {
          "name":"Feedback"
          , "id":26077
          , "end":"4.00"
          , "parent":"_ZTSZZ4mainENKUlRN4sycl3_V17handlerEE_clES2_E16testInputSrcTask.B4"
          , "debug":
          [
            [
              {
                "filename":"/home/wkrska/Aggregation/agg-hls/main.cpp"
                , "line":295
              }
            ]
          ]
          , "type":"inst"
        }
      ]
      , "links":
      [
        {
          "from":26070
          , "to":26076
        }
        , {
          "from":26076
          , "to":26077
        }
        , {
          "from":26070
          , "to":26077
          , "reverse":1
        }
      ]
    }
    , {
      "name":"'ppln'"
      , "id":27167
      , "src":"26090"
      , "dst":"26097"
      , "type":"fMAX/II"
      , "brief":"Data dependency"
      , "loop":"testInputSrcTask.B6"
      , "details":
      [
        {
          "type":"table"
          , "Variable on critical loop carried feedback path: ":"'ppln'"
          , "Declared at: ":
          [
            {
              "type":"text"
              , "text":"%L"
              , "links":
              [
                {
                  "filename":"/home/wkrska/Aggregation/agg-hls/main.cpp"
                  , "line":"298"
                }
              ]
            }
          ]
          , "Dependency: ":"Data dependency"
          , "Estimated fmax reduced to: ":"650.0"
          , "Loop feedback path that raised II and/or lowered fMAX: ":
          [
            {
              "type":"text"
              , "text":"+(%L)"
              , "links":
              [
                {
                  "filename":"/home/wkrska/Aggregation/agg-hls/main.cpp"
                  , "line":"298"
                }
              ]
            }
          ]
        }
      ]
      , "nodes":
      [
        {
          "name":"'ppln'"
          , "id":26090
          , "start":"4.00"
          , "parent":"_ZTSZZ4mainENKUlRN4sycl3_V17handlerEE_clES2_E16testInputSrcTask.B6"
          , "debug":
          [
            [
              {
                "filename":"/home/wkrska/Aggregation/agg-hls/main.cpp"
                , "line":298
              }
            ]
          ]
          , "type":"inst"
        }
        , {
          "name":"+"
          , "id":26096
          , "debug":
          [
            [
              {
                "filename":"/home/wkrska/Aggregation/agg-hls/main.cpp"
                , "line":298
              }
            ]
          ]
          , "type":"inst"
        }
        , {
          "name":"Feedback"
          , "id":26097
          , "end":"4.00"
          , "parent":"_ZTSZZ4mainENKUlRN4sycl3_V17handlerEE_clES2_E16testInputSrcTask.B6"
          , "debug":
          [
            [
              {
                "filename":"/home/wkrska/Aggregation/agg-hls/main.cpp"
                , "line":298
              }
            ]
          ]
          , "type":"inst"
        }
      ]
      , "links":
      [
        {
          "from":26090
          , "to":26096
        }
        , {
          "from":26096
          , "to":26097
        }
        , {
          "from":26090
          , "to":26097
          , "reverse":1
        }
      ]
    }
    , {
      "name":"bundle"
      , "id":27168
      , "src":"454"
      , "dst":"474"
      , "concurrency":"3"
      , "type":"Occupancy limiter"
      , "brief":"Data dependency"
      , "loop":"testInputSrcTask.B4"
      , "details":
      [
        {
          "type":"table"
          , "Variable on critical loop carried feedback path: ":"bundle"
          , "Declared at: ":
          [
            {
              "type":"text"
              , "text":"%L"
              , "links":
              [
                {
                  "filename":"/home/wkrska/Aggregation/agg-hls/main.cpp"
                  , "line":"297"
                }
              ]
            }
          ]
          , "Dependency: ":"Data dependency"
          , "Concurrency value: ":"3"
          , "Loop feedback path that lowered occupancy: ":
          [
            {
              "type":"text"
              , "text":"Basic block: testInputSrcTask.B8(%L)"
              , "links":
              [
                {
                  "filename":"/home/wkrska/Aggregation/agg-hls/main.cpp"
                  , "line":"298"
                }
              ]
            }
            , {
              "type":"text"
              , "text":"Loop: testInputSrcTask.B6(%L)"
              , "links":
              [
                {
                  "filename":"/home/wkrska/Aggregation/agg-hls/main.cpp"
                  , "line":"298"
                }
              ]
            }
            , {
              "type":"text"
              , "text":"Loop: testInputSrcTask.B9(%L)"
              , "links":
              [
                {
                  "filename":"/home/wkrska/Aggregation/agg-hls/main.cpp"
                  , "line":"299"
                }
              ]
            }
          ]
        }
      ]
      , "nodes":
      [
        {
          "name":"bundle"
          , "id":454
          , "start":"11.00"
          , "parent":"_ZTSZZ4mainENKUlRN4sycl3_V17handlerEE_clES2_E16testInputSrcTask.B4"
          , "debug":
          [
            [
              {
                "filename":"/home/wkrska/Aggregation/agg-hls/main.cpp"
                , "line":244
              }
            ]
          ]
          , "type":"inst"
        }
        , {
          "name":"testInputSrcTask.B6"
          , "id":61
          , "debug":
          [
            [
              {
                "filename":"/home/wkrska/Aggregation/agg-hls/main.cpp"
                , "line":298
              }
            ]
          ]
          , "type":"loop"
        }
        , {
          "name":"testInputSrcTask.B9"
          , "id":64
          , "debug":
          [
            [
              {
                "filename":"/home/wkrska/Aggregation/agg-hls/main.cpp"
                , "line":299
              }
            ]
          ]
          , "type":"loop"
        }
        , {
          "name":"testInputSrcTask.B8"
          , "id":63
          , "debug":
          [
            [
              {
                "filename":"/home/wkrska/Aggregation/agg-hls/main.cpp"
                , "line":298
              }
            ]
          ]
          , "type":"bb"
        }
        , {
          "name":"Feedback"
          , "id":474
          , "end":"12.00"
          , "parent":"_ZTSZZ4mainENKUlRN4sycl3_V17handlerEE_clES2_E16testInputSrcTask.B7"
          , "debug":
          [
            [
              {
                "filename":"/home/wkrska/Aggregation/agg-hls/main.cpp"
                , "line":244
              }
            ]
          ]
          , "type":"inst"
        }
      ]
      , "links":
      [
        {
          "from":61
          , "to":64
        }
        , {
          "from":64
          , "to":64
        }
        , {
          "from":64
          , "to":63
        }
        , {
          "from":454
          , "to":61
        }
        , {
          "from":63
          , "to":474
        }
        , {
          "from":454
          , "to":474
          , "reverse":1
        }
      ]
    }
    , {
      "name":"'tup'"
      , "id":27169
      , "src":"26221"
      , "dst":"26253"
      , "type":"fMAX/II"
      , "brief":"Data dependency"
      , "loop":"testInputSrcTask.B9"
      , "details":
      [
        {
          "type":"table"
          , "Variable on critical loop carried feedback path: ":"'tup'"
          , "Declared at: ":
          [
            {
              "type":"text"
              , "text":"%L"
              , "links":
              [
                {
                  "filename":"/home/wkrska/Aggregation/agg-hls/main.cpp"
                  , "line":"299"
                }
              ]
            }
          ]
          , "Dependency: ":"Data dependency"
          , "Estimated fmax reduced to: ":"650.0"
          , "Loop feedback path that raised II and/or lowered fMAX: ":
          [
            {
              "type":"text"
              , "text":"+(%L)"
              , "links":
              [
                {
                  "filename":"/home/wkrska/Aggregation/agg-hls/main.cpp"
                  , "line":"299"
                }
              ]
            }
          ]
        }
      ]
      , "nodes":
      [
        {
          "name":"'tup'"
          , "id":26221
          , "start":"4.00"
          , "parent":"_ZTSZZ4mainENKUlRN4sycl3_V17handlerEE_clES2_E16testInputSrcTask.B9"
          , "debug":
          [
            [
              {
                "filename":"/home/wkrska/Aggregation/agg-hls/main.cpp"
                , "line":299
              }
            ]
          ]
          , "type":"inst"
        }
        , {
          "name":"+"
          , "id":26247
          , "debug":
          [
            [
              {
                "filename":"/home/wkrska/Aggregation/agg-hls/main.cpp"
                , "line":299
              }
            ]
          ]
          , "type":"inst"
        }
        , {
          "name":"Feedback"
          , "id":26253
          , "end":"4.00"
          , "parent":"_ZTSZZ4mainENKUlRN4sycl3_V17handlerEE_clES2_E16testInputSrcTask.B9"
          , "debug":
          [
            [
              {
                "filename":"/home/wkrska/Aggregation/agg-hls/main.cpp"
                , "line":299
              }
            ]
          ]
          , "type":"inst"
        }
      ]
      , "links":
      [
        {
          "from":26221
          , "to":26247
        }
        , {
          "from":26247
          , "to":26253
        }
        , {
          "from":26221
          , "to":26253
          , "reverse":1
        }
      ]
    }
  ]
}
