{
    "quartusFitClockSummary"         : {
        "nodes" : [{
            "name"              : "Quartus Fitter: Clock Frequency (MHz)",
            "kernel clock"      : "391.00",
            "kernel clock fmax" : "391.00",
            "clock1x"           : "391.00",
            "clock2x"           : "782.00",
            "details"           : [{
                "text" : "The actual frequency of kernel clock is 391.00 MHz after platform PLL adjustment. The maximum frequency for kernel clock is 391.00 MHz. "
            }],
            "type"              : "system"
        }]
    },
    "quartusFitResourceUsageSummary" : {
        "nodes" : [{
            "type" : "system",
            "id"   : "1000",
            "name" : "Quartus Fitter: Kernel System",
            "alm"  : "106047.7",
            "reg"  : "304657",
            "dsp"  : "0",
            "ram"  : "350",
            "mlab" : "1148"
        },{
            "type" : "kernel",
            "id"   : "1010",
            "name" : "ZTSZZ4mainENKUlRN4sycl3_V17handlerEE0_clES2_E15MakeUniqueTask0",
            "alm"  : "8318.5",
            "reg"  : "23693",
            "dsp"  : "0",
            "ram"  : "0",
            "mlab" : "88"
        },{
            "type" : "kernel",
            "id"   : "1010",
            "name" : "ZTSZZ4mainENKUlRN4sycl3_V17handlerEE1_clES2_E11MapKeyTask0",
            "alm"  : "48337.8",
            "reg"  : "155529",
            "dsp"  : "0",
            "ram"  : "113",
            "mlab" : "1"
        },{
            "type" : "kernel",
            "id"   : "1010",
            "name" : "ZTSZZ4mainENKUlRN4sycl3_V17handlerEE2_clES2_E19TraiageMappingTask0",
            "alm"  : "15594.6",
            "reg"  : "46112",
            "dsp"  : "0",
            "ram"  : "0",
            "mlab" : "362"
        },{
            "type" : "kernel",
            "id"   : "1010",
            "name" : "ZTSZZ4mainENKUlRN4sycl3_V17handlerEE3_clES2_E14AggregateTask0",
            "alm"  : "9945.8",
            "reg"  : "27063",
            "dsp"  : "0",
            "ram"  : "0",
            "mlab" : "9"
        },{
            "type" : "kernel",
            "id"   : "1010",
            "name" : "ZTSZZ4mainENKUlRN4sycl3_V17handlerEE4_clES2_E21MergeAndAggregateTask",
            "alm"  : "2892.7",
            "reg"  : "5517",
            "dsp"  : "0",
            "ram"  : "0",
            "mlab" : "15"
        },{
            "type" : "kernel",
            "id"   : "1010",
            "name" : "ZTSZZ4mainENKUlRN4sycl3_V17handlerEE5_clES2_E11ReadoutTask",
            "alm"  : "1395.4",
            "reg"  : "2883",
            "dsp"  : "0",
            "ram"  : "0",
            "mlab" : "37"
        },{
            "type" : "kernel",
            "id"   : "1010",
            "name" : "ZTSZZ4mainENKUlRN4sycl3_V17handlerEE_clES2_E16testInputSrcTask",
            "alm"  : "4763.0",
            "reg"  : "11925",
            "dsp"  : "0",
            "ram"  : "52",
            "mlab" : "109"
        },{
            "type" : "aclsystem",
            "id"   : "1001",
            "name" : "Quartus Fitter: Total Used (Entire System)",
            "alm"  : "337,148",
            "reg"  : "720,408",
            "dsp"  : "0",
            "ram"  : "1,368"
        }]
    }
}
