{
  "nodes":
  [
    {
      "name":"AggFuncSelectTask"
      , "id":1
      , "type":"kernel"
      , "children":
      [
        {
          "name":"AggFuncSelectTask.B0"
          , "id":9
          , "type":"bb"
          , "children":
          [
            {
              "name":"Cluster 0"
              , "id":65
              , "type":"cluster"
            }
            , {
              "name":"Cluster 1"
              , "id":70
              , "type":"cluster"
            }
          ]
        }
      ]
    }
    , {
      "name":"testInputSrcTask"
      , "id":2
      , "type":"kernel"
      , "children":
      [
        {
          "name":"testInputSrcTask.B0"
          , "id":10
          , "type":"bb"
        }
        , {
          "name":"testInputSrcTask.B1"
          , "id":11
          , "type":"bb"
          , "children":
          [
            {
              "name":"Cluster 2"
              , "id":73
              , "type":"cluster"
            }
          ]
        }
        , {
          "name":"testInputSrcTask.B2"
          , "id":12
          , "type":"bb"
          , "children":
          [
            {
              "name":"Cluster 3"
              , "id":76
              , "type":"cluster"
            }
          ]
        }
        , {
          "name":"testInputSrcTask.B3"
          , "id":13
          , "type":"bb"
        }
        , {
          "name":"testInputSrcTask.B4"
          , "id":14
          , "type":"bb"
          , "children":
          [
            {
              "name":"Cluster 4"
              , "id":87
              , "type":"cluster"
            }
          ]
        }
        , {
          "name":"testInputSrcTask.B5"
          , "id":15
          , "type":"bb"
        }
        , {
          "name":"testInputSrcTask.B6"
          , "id":16
          , "type":"bb"
          , "children":
          [
            {
              "name":"Cluster 5"
              , "id":111
              , "type":"cluster"
            }
            , {
              "name":"Cluster 6"
              , "id":113
              , "type":"cluster"
            }
          ]
        }
        , {
          "name":"testInputSrcTask.B7"
          , "id":17
          , "type":"bb"
          , "children":
          [
            {
              "name":"Cluster 7"
              , "id":118
              , "type":"cluster"
            }
          ]
        }
        , {
          "name":"testInputSrcTask.B8"
          , "id":18
          , "type":"bb"
        }
      ]
    }
    , {
      "name":"MakeUniqueTask0"
      , "id":3
      , "type":"kernel"
      , "children":
      [
        {
          "name":"MakeUniqueTask0.B0"
          , "id":19
          , "type":"bb"
          , "children":
          [
            {
              "name":"Cluster 8"
              , "id":125
              , "type":"cluster"
            }
          ]
        }
        , {
          "name":"MakeUniqueTask0.B1"
          , "id":20
          , "type":"bb"
          , "children":
          [
            {
              "name":"Cluster 9"
              , "id":126
              , "type":"cluster"
            }
            , {
              "name":"Cluster 10"
              , "id":128
              , "type":"cluster"
            }
          ]
        }
      ]
    }
    , {
      "name":"MapKeyTask0"
      , "id":4
      , "type":"kernel"
      , "children":
      [
        {
          "name":"MapKeyTask0.B0"
          , "id":21
          , "type":"bb"
        }
        , {
          "name":"MapKeyTask0.B1"
          , "id":22
          , "type":"bb"
          , "children":
          [
            {
              "name":"Cluster 11"
              , "id":132
              , "type":"cluster"
            }
            , {
              "name":"Cluster 12"
              , "id":134
              , "type":"cluster"
            }
          ]
        }
      ]
    }
    , {
      "name":"TraiageMappingTask0"
      , "id":5
      , "type":"kernel"
      , "children":
      [
        {
          "name":"TraiageMappingTask0.B0"
          , "id":23
          , "type":"bb"
        }
        , {
          "name":"TraiageMappingTask0.B1"
          , "id":24
          , "type":"bb"
          , "children":
          [
            {
              "name":"Cluster 13"
              , "id":138
              , "type":"cluster"
            }
            , {
              "name":"Cluster 14"
              , "id":140
              , "type":"cluster"
            }
          ]
        }
        , {
          "name":"TraiageMappingTask0.B2"
          , "id":25
          , "type":"bb"
          , "children":
          [
            {
              "name":"Cluster 15"
              , "id":173
              , "type":"cluster"
            }
          ]
        }
        , {
          "name":"TraiageMappingTask0.B3"
          , "id":26
          , "type":"bb"
          , "children":
          [
            {
              "name":"Cluster 16"
              , "id":224
              , "type":"cluster"
            }
          ]
        }
        , {
          "name":"TraiageMappingTask0.B4"
          , "id":27
          , "type":"bb"
        }
        , {
          "name":"TraiageMappingTask0.B5"
          , "id":28
          , "type":"bb"
          , "children":
          [
            {
              "name":"Cluster 17"
              , "id":350
              , "type":"cluster"
            }
          ]
        }
      ]
    }
    , {
      "name":"AggregateTask0"
      , "id":6
      , "type":"kernel"
      , "children":
      [
        {
          "name":"AggregateTask0.B0"
          , "id":29
          , "type":"bb"
          , "children":
          [
            {
              "name":"Cluster 18"
              , "id":354
              , "type":"cluster"
            }
          ]
        }
        , {
          "name":"AggregateTask0.B1"
          , "id":30
          , "type":"bb"
        }
        , {
          "name":"AggregateTask0.B2"
          , "id":31
          , "type":"bb"
          , "children":
          [
            {
              "name":"Cluster 19"
              , "id":356
              , "type":"cluster"
            }
          ]
        }
        , {
          "name":"AggregateTask0.B3"
          , "id":32
          , "type":"bb"
          , "children":
          [
            {
              "name":"Cluster 20"
              , "id":358
              , "type":"cluster"
            }
          ]
        }
        , {
          "name":"AggregateTask0.B4"
          , "id":33
          , "type":"bb"
        }
        , {
          "name":"AggregateTask0.B5"
          , "id":34
          , "type":"bb"
        }
        , {
          "name":"AggregateTask0.B6"
          , "id":35
          , "type":"bb"
          , "children":
          [
            {
              "name":"Cluster 21"
              , "id":359
              , "type":"cluster"
            }
          ]
        }
        , {
          "name":"AggregateTask0.B7"
          , "id":36
          , "type":"bb"
          , "children":
          [
            {
              "name":"Cluster 22"
              , "id":361
              , "type":"cluster"
            }
          ]
        }
        , {
          "name":"AggregateTask0.B8"
          , "id":37
          , "type":"bb"
          , "children":
          [
            {
              "name":"Cluster 23"
              , "id":362
              , "type":"cluster"
            }
          ]
        }
        , {
          "name":"AggregateTask0.B9"
          , "id":38
          , "type":"bb"
          , "children":
          [
            {
              "name":"Cluster 24"
              , "id":364
              , "type":"cluster"
            }
            , {
              "name":"Cluster 25"
              , "id":365
              , "type":"cluster"
            }
          ]
        }
      ]
    }
    , {
      "name":"MergeAndAggregateTask"
      , "id":7
      , "type":"kernel"
      , "children":
      [
        {
          "name":"MergeAndAggregateTask.B0"
          , "id":39
          , "type":"bb"
          , "children":
          [
            {
              "name":"Cluster 26"
              , "id":370
              , "type":"cluster"
            }
          ]
        }
        , {
          "name":"MergeAndAggregateTask.B1"
          , "id":40
          , "type":"bb"
        }
        , {
          "name":"MergeAndAggregateTask.B2"
          , "id":41
          , "type":"bb"
        }
        , {
          "name":"MergeAndAggregateTask.B3"
          , "id":42
          , "type":"bb"
        }
        , {
          "name":"MergeAndAggregateTask.B4"
          , "id":43
          , "type":"bb"
          , "children":
          [
            {
              "name":"Cluster 27"
              , "id":372
              , "type":"cluster"
            }
          ]
        }
        , {
          "name":"MergeAndAggregateTask.B5"
          , "id":44
          , "type":"bb"
        }
        , {
          "name":"MergeAndAggregateTask.B6"
          , "id":45
          , "type":"bb"
          , "children":
          [
            {
              "name":"Cluster 28"
              , "id":374
              , "type":"cluster"
            }
          ]
        }
        , {
          "name":"MergeAndAggregateTask.B7"
          , "id":46
          , "type":"bb"
          , "children":
          [
            {
              "name":"Cluster 29"
              , "id":376
              , "type":"cluster"
            }
          ]
        }
        , {
          "name":"MergeAndAggregateTask.B8"
          , "id":47
          , "type":"bb"
          , "children":
          [
            {
              "name":"Cluster 30"
              , "id":377
              , "type":"cluster"
            }
          ]
        }
        , {
          "name":"MergeAndAggregateTask.B9"
          , "id":48
          , "type":"bb"
          , "children":
          [
            {
              "name":"Cluster 31"
              , "id":378
              , "type":"cluster"
            }
          ]
        }
        , {
          "name":"MergeAndAggregateTask.B10"
          , "id":49
          , "type":"bb"
          , "children":
          [
            {
              "name":"Cluster 32"
              , "id":380
              , "type":"cluster"
            }
          ]
        }
        , {
          "name":"MergeAndAggregateTask.B11"
          , "id":50
          , "type":"bb"
          , "children":
          [
            {
              "name":"Cluster 33"
              , "id":382
              , "type":"cluster"
            }
          ]
        }
        , {
          "name":"MergeAndAggregateTask.B12"
          , "id":51
          , "type":"bb"
        }
        , {
          "name":"MergeAndAggregateTask.B13"
          , "id":52
          , "type":"bb"
          , "children":
          [
            {
              "name":"Cluster 34"
              , "id":384
              , "type":"cluster"
            }
          ]
        }
        , {
          "name":"MergeAndAggregateTask.B14"
          , "id":53
          , "type":"bb"
          , "children":
          [
            {
              "name":"Cluster 35"
              , "id":387
              , "type":"cluster"
            }
            , {
              "name":"Cluster 36"
              , "id":388
              , "type":"cluster"
            }
          ]
        }
        , {
          "name":"MergeAndAggregateTask.B15"
          , "id":54
          , "type":"bb"
          , "children":
          [
            {
              "name":"Cluster 37"
              , "id":389
              , "type":"cluster"
            }
          ]
        }
        , {
          "name":"MergeAndAggregateTask.B16"
          , "id":55
          , "type":"bb"
          , "children":
          [
            {
              "name":"Cluster 38"
              , "id":391
              , "type":"cluster"
            }
          ]
        }
        , {
          "name":"MergeAndAggregateTask.B17"
          , "id":56
          , "type":"bb"
          , "children":
          [
            {
              "name":"Cluster 39"
              , "id":392
              , "type":"cluster"
            }
          ]
        }
        , {
          "name":"MergeAndAggregateTask.B18"
          , "id":57
          , "type":"bb"
          , "children":
          [
            {
              "name":"Cluster 40"
              , "id":394
              , "type":"cluster"
            }
          ]
        }
        , {
          "name":"MergeAndAggregateTask.B19"
          , "id":58
          , "type":"bb"
          , "children":
          [
            {
              "name":"Cluster 41"
              , "id":395
              , "type":"cluster"
            }
          ]
        }
      ]
    }
    , {
      "name":"ReadoutTask"
      , "id":8
      , "type":"kernel"
      , "children":
      [
        {
          "name":"ReadoutTask.B0"
          , "id":59
          , "type":"bb"
        }
        , {
          "name":"ReadoutTask.B1"
          , "id":60
          , "type":"bb"
          , "children":
          [
            {
              "name":"Cluster 42"
              , "id":397
              , "type":"cluster"
            }
          ]
        }
        , {
          "name":"ReadoutTask.B2"
          , "id":61
          , "type":"bb"
        }
        , {
          "name":"ReadoutTask.B3"
          , "id":62
          , "type":"bb"
          , "children":
          [
            {
              "name":"Cluster 43"
              , "id":401
              , "type":"cluster"
            }
            , {
              "name":"Cluster 44"
              , "id":403
              , "type":"cluster"
            }
            , {
              "name":"Cluster 45"
              , "id":404
              , "type":"cluster"
            }
          ]
        }
        , {
          "name":"ReadoutTask.B4"
          , "id":63
          , "type":"bb"
        }
      ]
    }
  ]
  , "links":
  [
  ]
}
