{
    "quartusFitClockSummary"         : {
        "nodes" : [{
            "name"              : "Quartus Fitter: Clock Frequency (MHz)",
            "kernel clock"      : "409.00",
            "kernel clock fmax" : "409.00",
            "clock1x"           : "409.00",
            "clock2x"           : "409.00",
            "details"           : [{
                "text" : "The actual frequency of kernel clock is 409.00 MHz after platform PLL adjustment. The maximum frequency for kernel clock is 409.00 MHz. "
            }],
            "type"              : "system"
        }]
    },
    "quartusFitResourceUsageSummary" : {
        "nodes" : [{
            "type" : "system",
            "id"   : "1000",
            "name" : "Quartus Fitter: Kernel System",
            "alm"  : "104494.5",
            "reg"  : "303771",
            "dsp"  : "0",
            "ram"  : "358",
            "mlab" : "1145"
        },{
            "type" : "kernel",
            "id"   : "1010",
            "name" : "ZTSZZ4mainENKUlRN4sycl3_V17handlerEE0_clES2_E16testInputSrcTask",
            "alm"  : "3117.8",
            "reg"  : "8844",
            "dsp"  : "0",
            "ram"  : "49",
            "mlab" : "93"
        },{
            "type" : "kernel",
            "id"   : "1010",
            "name" : "ZTSZZ4mainENKUlRN4sycl3_V17handlerEE1_clES2_E15MakeUniqueTask0",
            "alm"  : "5385.4",
            "reg"  : "15838",
            "dsp"  : "0",
            "ram"  : "0",
            "mlab" : "102"
        },{
            "type" : "kernel",
            "id"   : "1010",
            "name" : "ZTSZZ4mainENKUlRN4sycl3_V17handlerEE2_clES2_E11MapKeyTask0",
            "alm"  : "48551.7",
            "reg"  : "155318",
            "dsp"  : "0",
            "ram"  : "111",
            "mlab" : "1"
        },{
            "type" : "kernel",
            "id"   : "1010",
            "name" : "ZTSZZ4mainENKUlRN4sycl3_V17handlerEE3_clES2_E19TraiageMappingTask0",
            "alm"  : "15873.6",
            "reg"  : "47169",
            "dsp"  : "0",
            "ram"  : "0",
            "mlab" : "357"
        },{
            "type" : "kernel",
            "id"   : "1010",
            "name" : "ZTSZZ4mainENKUlRN4sycl3_V17handlerEE4_clES2_E14AggregateTask0",
            "alm"  : "10999.9",
            "reg"  : "31554",
            "dsp"  : "0",
            "ram"  : "0",
            "mlab" : "9"
        },{
            "type" : "kernel",
            "id"   : "1010",
            "name" : "ZTSZZ4mainENKUlRN4sycl3_V17handlerEE5_clES2_E21MergeAndAggregateTask",
            "alm"  : "2969.3",
            "reg"  : "5444",
            "dsp"  : "0",
            "ram"  : "0",
            "mlab" : "17"
        },{
            "type" : "kernel",
            "id"   : "1010",
            "name" : "ZTSZZ4mainENKUlRN4sycl3_V17handlerEE6_clES2_E11ReadoutTask",
            "alm"  : "1400.1",
            "reg"  : "2874",
            "dsp"  : "0",
            "ram"  : "0",
            "mlab" : "37"
        },{
            "type" : "kernel",
            "id"   : "1010",
            "name" : "ZTSZZ4mainENKUlRN4sycl3_V17handlerEE_clES2_E17AggFuncSelectTask",
            "alm"  : "390.7",
            "reg"  : "548",
            "dsp"  : "0",
            "ram"  : "2",
            "mlab" : "10"
        },{
            "type" : "aclsystem",
            "id"   : "1001",
            "name" : "Quartus Fitter: Total Used (Entire System)",
            "alm"  : "336,436",
            "reg"  : "723,090",
            "dsp"  : "0",
            "ram"  : "1,380"
        }]
    }
}
