{
  "performanceSummary":
  {
    "name":"Kernel Summary"
    , "columns":
    ["Kernel Name", "Kernel Type", "Autorun", "Workgroup Size", "# Compute Units", "Hyper-Optimized Handshaking"]
    , "children":
    [
      {
        "name":"testInputSrcTask"
        , "compiler_name":"_ZTSZZ4mainENKUlRN4sycl3_V17handlerEE0_clES2_E16testInputSrcTask"
        , "data":
        [
          "Single work-item"
          , "No"
          , [1, 1, 1]
          , 1
          , "Off"
        ]
        , "details":
        [
          {
            "type":"text"
            , "text":"Kernel type: Single work-item"
          }
          , {
            "type":"text"
            , "text":"Max global work dimension: 0"
          }
          , {
            "type":"text"
            , "text":"Required workgroup size: (1, 1, 1)"
          }
          , {
            "type":"text"
            , "text":"Maximum workgroup size: 1"
          }
          , {
            "type":"text"
            , "text":"Hyper-optimized handshaking disabled due to instruction in Kernel ZTSZZ4mainENKUlRN4sycl3_V17handlerEE3_clES2_E19TraiageMappingTask0"
          }
        ]
        , "debug":
        [
          [
            {
              "filename":""
              , "line":0
            }
          ]
        ]
      }
      , {
        "name":"MakeUniqueTask0"
        , "compiler_name":"_ZTSZZ4mainENKUlRN4sycl3_V17handlerEE1_clES2_E15MakeUniqueTask0"
        , "data":
        [
          "Single work-item"
          , "No"
          , [1, 1, 1]
          , 1
          , "Off"
        ]
        , "details":
        [
          {
            "type":"text"
            , "text":"Kernel type: Single work-item"
          }
          , {
            "type":"text"
            , "text":"Max global work dimension: 0"
          }
          , {
            "type":"text"
            , "text":"Required workgroup size: (1, 1, 1)"
          }
          , {
            "type":"text"
            , "text":"Maximum workgroup size: 1"
          }
          , {
            "type":"text"
            , "text":"Hyper-optimized handshaking disabled due to instruction in Kernel ZTSZZ4mainENKUlRN4sycl3_V17handlerEE3_clES2_E19TraiageMappingTask0"
          }
        ]
        , "debug":
        [
          [
            {
              "filename":""
              , "line":0
            }
          ]
        ]
      }
      , {
        "name":"MapKeyTask0"
        , "compiler_name":"_ZTSZZ4mainENKUlRN4sycl3_V17handlerEE2_clES2_E11MapKeyTask0"
        , "data":
        [
          "Single work-item"
          , "No"
          , [1, 1, 1]
          , 1
          , "Off"
        ]
        , "details":
        [
          {
            "type":"text"
            , "text":"Kernel type: Single work-item"
          }
          , {
            "type":"text"
            , "text":"Max global work dimension: 0"
          }
          , {
            "type":"text"
            , "text":"Required workgroup size: (1, 1, 1)"
          }
          , {
            "type":"text"
            , "text":"Maximum workgroup size: 1"
          }
          , {
            "type":"text"
            , "text":"Hyper-optimized handshaking disabled due to instruction in Kernel ZTSZZ4mainENKUlRN4sycl3_V17handlerEE3_clES2_E19TraiageMappingTask0"
          }
        ]
        , "debug":
        [
          [
            {
              "filename":""
              , "line":0
            }
          ]
        ]
      }
      , {
        "name":"TraiageMappingTask0"
        , "compiler_name":"_ZTSZZ4mainENKUlRN4sycl3_V17handlerEE3_clES2_E19TraiageMappingTask0"
        , "data":
        [
          "Single work-item"
          , "No"
          , [1, 1, 1]
          , 1
          , "Off"
        ]
        , "details":
        [
          {
            "type":"text"
            , "text":"Kernel type: Single work-item"
          }
          , {
            "type":"text"
            , "text":"Max global work dimension: 0"
          }
          , {
            "type":"text"
            , "text":"Required workgroup size: (1, 1, 1)"
          }
          , {
            "type":"text"
            , "text":"Maximum workgroup size: 1"
          }
          , {
            "type":"text"
            , "text":"Hyper-optimized handshaking disabled due to loop orchestration compiler optimization being disabled in loop _ZTSZZ4mainENKUlRN4sycl3_V17handlerEE3_clES2_E19TraiageMappingTask0.B5."
          }
        ]
        , "debug":
        [
          [
            {
              "filename":""
              , "line":0
            }
          ]
        ]
      }
      , {
        "name":"AggregateTask0"
        , "compiler_name":"_ZTSZZ4mainENKUlRN4sycl3_V17handlerEE4_clES2_E14AggregateTask0"
        , "data":
        [
          "Single work-item"
          , "No"
          , [1, 1, 1]
          , 1
          , "Off"
        ]
        , "details":
        [
          {
            "type":"text"
            , "text":"Kernel type: Single work-item"
          }
          , {
            "type":"text"
            , "text":"Max global work dimension: 0"
          }
          , {
            "type":"text"
            , "text":"Required workgroup size: (1, 1, 1)"
          }
          , {
            "type":"text"
            , "text":"Maximum workgroup size: 1"
          }
          , {
            "type":"text"
            , "text":"Hyper-optimized handshaking disabled due to instruction in Kernel ZTSZZ4mainENKUlRN4sycl3_V17handlerEE3_clES2_E19TraiageMappingTask0"
          }
        ]
        , "debug":
        [
          [
            {
              "filename":""
              , "line":0
            }
          ]
        ]
      }
      , {
        "name":"MergeAndAggregateTask"
        , "compiler_name":"_ZTSZZ4mainENKUlRN4sycl3_V17handlerEE5_clES2_E21MergeAndAggregateTask"
        , "data":
        [
          "Single work-item"
          , "No"
          , [1, 1, 1]
          , 1
          , "Off"
        ]
        , "details":
        [
          {
            "type":"text"
            , "text":"Kernel type: Single work-item"
          }
          , {
            "type":"text"
            , "text":"Max global work dimension: 0"
          }
          , {
            "type":"text"
            , "text":"Required workgroup size: (1, 1, 1)"
          }
          , {
            "type":"text"
            , "text":"Maximum workgroup size: 1"
          }
          , {
            "type":"text"
            , "text":"Hyper-optimized handshaking disabled due to instruction in Kernel ZTSZZ4mainENKUlRN4sycl3_V17handlerEE3_clES2_E19TraiageMappingTask0"
          }
        ]
        , "debug":
        [
          [
            {
              "filename":""
              , "line":0
            }
          ]
        ]
      }
      , {
        "name":"ReadoutTask"
        , "compiler_name":"_ZTSZZ4mainENKUlRN4sycl3_V17handlerEE6_clES2_E11ReadoutTask"
        , "data":
        [
          "Single work-item"
          , "No"
          , [1, 1, 1]
          , 1
          , "Off"
        ]
        , "details":
        [
          {
            "type":"text"
            , "text":"Kernel type: Single work-item"
          }
          , {
            "type":"text"
            , "text":"Max global work dimension: 0"
          }
          , {
            "type":"text"
            , "text":"Required workgroup size: (1, 1, 1)"
          }
          , {
            "type":"text"
            , "text":"Maximum workgroup size: 1"
          }
          , {
            "type":"text"
            , "text":"Hyper-optimized handshaking disabled due to instruction in Kernel ZTSZZ4mainENKUlRN4sycl3_V17handlerEE3_clES2_E19TraiageMappingTask0"
          }
        ]
        , "debug":
        [
          [
            {
              "filename":""
              , "line":0
            }
          ]
        ]
      }
      , {
        "name":"AggFuncSelectTask"
        , "compiler_name":"_ZTSZZ4mainENKUlRN4sycl3_V17handlerEE_clES2_E17AggFuncSelectTask"
        , "data":
        [
          "Single work-item"
          , "No"
          , [1, 1, 1]
          , 1
          , "Off"
        ]
        , "details":
        [
          {
            "type":"text"
            , "text":"Kernel type: Single work-item"
          }
          , {
            "type":"text"
            , "text":"Max global work dimension: 0"
          }
          , {
            "type":"text"
            , "text":"Required workgroup size: (1, 1, 1)"
          }
          , {
            "type":"text"
            , "text":"Maximum workgroup size: 1"
          }
          , {
            "type":"text"
            , "text":"Hyper-optimized handshaking disabled due to instruction in Kernel ZTSZZ4mainENKUlRN4sycl3_V17handlerEE3_clES2_E19TraiageMappingTask0"
          }
        ]
        , "debug":
        [
          [
            {
              "filename":""
              , "line":0
            }
          ]
        ]
      }
    ]
  }
  , "estimatedResources":
  {
    "name":"Estimated Resource Usage"
    , "columns":
    ["Kernel Name", "ALUTs ", "FFs  ", "RAMs ", "DSPs ", "MLABs"]
    , "children":
    [
      {
        "name":"testInputSrcTask"
        , "data":
        [7206, 14457, 68, 0, 305]
        , "debug":
        [
          [
            {
              "filename":""
              , "line":0
            }
          ]
        ]
      }
      , {
        "name":"MakeUniqueTask0"
        , "data":
        [15106, 15822, 0, 0, 150]
        , "debug":
        [
          [
            {
              "filename":""
              , "line":0
            }
          ]
        ]
      }
      , {
        "name":"MapKeyTask0"
        , "data":
        [190352, 187691, 128, 0, 17]
        , "debug":
        [
          [
            {
              "filename":""
              , "line":0
            }
          ]
        ]
      }
      , {
        "name":"TraiageMappingTask0"
        , "data":
        [21186, 56388, 0, 0, 825]
        , "debug":
        [
          [
            {
              "filename":""
              , "line":0
            }
          ]
        ]
      }
      , {
        "name":"AggregateTask0"
        , "data":
        [38306, 30908, 64, 0, 13]
        , "debug":
        [
          [
            {
              "filename":""
              , "line":0
            }
          ]
        ]
      }
      , {
        "name":"MergeAndAggregateTask"
        , "data":
        [4183, 5052, 4, 0, 31]
        , "debug":
        [
          [
            {
              "filename":""
              , "line":0
            }
          ]
        ]
      }
      , {
        "name":"ReadoutTask"
        , "data":
        [866, 3220, 17, 0, 16]
        , "debug":
        [
          [
            {
              "filename":""
              , "line":0
            }
          ]
        ]
      }
      , {
        "name":"AggFuncSelectTask"
        , "data":
        [464, 552, 15, 0, 7]
        , "debug":
        [
          [
            {
              "filename":""
              , "line":0
            }
          ]
        ]
      }
      , {
        "name":"Kernel Subtotal"
        , "classes":
        ["summary-highlight", "nohover"]
        , "data":
        [277669, 314090, 296, 0, 1364]
      }
      , {
        "name":"Board Interface"
        , "classes":
        ["summary-highlight", "nohover"]
        , "data":
        [689418, 1249098, 4148, 2284, 0]
      }
      , {
        "name":"System description ROM"
        , "classes":
        ["summary-highlight", "nohover"]
        , "data":
        [2, 71, 2, 0, 0]
      }
      , {
        "name":"Pipe resources"
        , "classes":
        ["summary-highlight", "nohover"]
        , "data":
        [110, 36924, 10, 0, 602]
      }
      , {
        "name":"Total"
        , "classes":
        ["summary-highlight", "nohover"]
        , "data":
        [967199, 1600183, 4456, 2284, 1966]
        , "data_percent":
        [99.261, 82.1112, 62.6723, 50.643]
      }
      , {
        "name":"Available"
        , "classes":
        ["summary-highlight", "nohover"]
        , "data":
        [974400, 1948800, 7110, 4510, 0]
      }
    ]
  }
  , "compileWarnings":
  {
    "name":"Compile Warnings"
    , "children":
    [
    ]
  }
}
