{
  "columns":
  ["", "Pipelined", "II", "Speculated iterations", "Details"]
  , "children":
  [
    {
      "name":"Kernel: testInputSrcTask"
      , "data":
      ["", "", ""]
      , "debug":
      [
        [
          {
            "filename":"/home/wkrska/Aggregation/jamesBenchmark/agg-hls/main.cpp"
            , "line":167
          }
        ]
      ]
      , "details":
      [
        {
          "type":"brief"
          , "text":"Single work-item execution"
        }
        , {
          "type":"text"
          , "text":"Single work-item execution"
        }
        , {
          "type":"text"
          , "text":"fMAX bottleneck block: None"
        }
        , {
          "type":"text"
          , "text":"See %L for more information"
          , "links":
          [
            {
              "guide":"FPGA Optimization Guide : Single Work-item Kernels"
              , "link":"https://www.intel.com/content/www/us/en/docs/oneapi-fpga-add-on/optimization-guide/current/single-work-item-kernels.html"
            }
          ]
        }
      ]
      , "children":
      [
        {
          "name":"testInputSrcTask.B1"
          , "data":
          ["Yes", ">=1", "4"]
          , "debug":
          [
            [
              {
                "filename":"/home/wkrska/Aggregation/jamesBenchmark/agg-hls/main.cpp"
                , "line":168
              }
            ]
          ]
          , "details":
          [
            {
              "type":"text"
              , "text":"User-constrained II."
            }
            , {
              "type":"text"
              , "text":"Stallable instruction: n/a"
            }
            , {
              "type":"text"
              , "text":"Maximum concurrent iterations: Capacity of loop"
              , "details":
              [
                {
                  "type":"text"
                  , "text":"Use the %L viewer to estimate capacity"
                  , "links":
                  [
                    {
                      "view":"Fmax II Report"
                    }
                  ]
                }
              ]
            }
            , {
              "type":"text"
              , "text":"Average Trip count: 8 (exact)"
            }
            , {
              "type":"text"
              , "text":"See %L for more information"
              , "links":
              [
                {
                  "guide":"FPGA Optimization Guide : Loops"
                  , "link":"https://www.intel.com/content/www/us/en/docs/oneapi-fpga-add-on/optimization-guide/current/loops.html"
                }
              ]
            }
          ]
          , "children":
          [
            {
              "name":"testInputSrcTask.B2"
              , "data":
              ["Yes", ">=2", "2"]
              , "debug":
              [
                [
                  {
                    "filename":"/home/wkrska/Aggregation/jamesBenchmark/agg-hls/main.cpp"
                    , "line":169
                  }
                ]
              ]
              , "details":
              [
                {
                  "type":"brief"
                  , "text":"Data dependency"
                }
                , {
                  "type":"text"
                  , "text":"Compiler failed to schedule this loop with smaller II due to data dependency on variable(s):"
                  , "details":
                  [
                    {
                      "type":"text"
                      , "text":"i (%L)"
                      , "links":
                      [
                        {
                          "filename":"/home/wkrska/Aggregation/jamesBenchmark/agg-hls/main.cpp"
                          , "line":"169"
                        }
                      ]
                    }
                  ]
                }
                , {
                  "type":"text"
                  , "text":"Most critical loop feedback path during scheduling:"
                  , "details":
                  [
                    {
                      "type":"text"
                      , "text":"1.46 clock cycle 32-bit Integer Add Operation (%L > %L)"
                      , "links":
                      [
                        {
                          "filename":"/ofs_install/oneapi/2023.2/compiler/2023.2.1/linux/bin-llvm/../include/sycl/handler.hpp"
                          , "line":"1211"
                        }
                        , {
                          "filename":"/home/wkrska/Aggregation/jamesBenchmark/agg-hls/main.cpp"
                          , "line":"169"
                        }
                      ]
                    }
                  ]
                }
                , {
                  "type":"text"
                  , "text":"Stallable instruction: n/a"
                }
                , {
                  "type":"text"
                  , "text":"Maximum concurrent iterations: Capacity of loop"
                  , "details":
                  [
                    {
                      "type":"text"
                      , "text":"Use the %L viewer to estimate capacity"
                      , "links":
                      [
                        {
                          "view":"Fmax II Report"
                        }
                      ]
                    }
                  ]
                }
                , {
                  "type":"text"
                  , "text":"Average Trip count: 65536 (exact)"
                }
                , {
                  "type":"text"
                  , "text":"See %L for more information"
                  , "links":
                  [
                    {
                      "guide":"FPGA Optimization Guide : Loops"
                      , "link":"https://www.intel.com/content/www/us/en/docs/oneapi-fpga-add-on/optimization-guide/current/loops.html"
                    }
                  ]
                }
              ]
              , "children":
              [
                {
                  "name":"testInputSrcTask.B4"
                  , "data":
                  ["Yes", ">=2", "2"]
                  , "debug":
                  [
                    [
                      {
                        "filename":"/home/wkrska/Aggregation/jamesBenchmark/agg-hls/main.cpp"
                        , "line":172
                      }
                    ]
                  ]
                  , "details":
                  [
                    {
                      "type":"brief"
                      , "text":"Data dependency"
                    }
                    , {
                      "type":"text"
                      , "text":"Compiler failed to schedule this loop with smaller II due to data dependency on variable(s):"
                      , "details":
                      [
                        {
                          "type":"text"
                          , "text":"ppln (%L)"
                          , "links":
                          [
                            {
                              "filename":"/home/wkrska/Aggregation/jamesBenchmark/agg-hls/main.cpp"
                              , "line":"172"
                            }
                          ]
                        }
                      ]
                    }
                    , {
                      "type":"text"
                      , "text":"Most critical loop feedback path during scheduling:"
                      , "details":
                      [
                        {
                          "type":"text"
                          , "text":"1.46 clock cycle 32-bit Integer Add Operation (%L > %L)"
                          , "links":
                          [
                            {
                              "filename":"/ofs_install/oneapi/2023.2/compiler/2023.2.1/linux/bin-llvm/../include/sycl/handler.hpp"
                              , "line":"1211"
                            }
                            , {
                              "filename":"/home/wkrska/Aggregation/jamesBenchmark/agg-hls/main.cpp"
                              , "line":"172"
                            }
                          ]
                        }
                      ]
                    }
                    , {
                      "type":"text"
                      , "text":"Stallable instruction: n/a"
                    }
                    , {
                      "type":"text"
                      , "text":"Maximum concurrent iterations: Capacity of loop"
                      , "details":
                      [
                        {
                          "type":"text"
                          , "text":"Use the %L viewer to estimate capacity"
                          , "links":
                          [
                            {
                              "view":"Fmax II Report"
                            }
                          ]
                        }
                      ]
                    }
                    , {
                      "type":"text"
                      , "text":"Average Trip count: 4 (exact)"
                    }
                    , {
                      "type":"text"
                      , "text":"See %L for more information"
                      , "links":
                      [
                        {
                          "guide":"FPGA Optimization Guide : Loops"
                          , "link":"https://www.intel.com/content/www/us/en/docs/oneapi-fpga-add-on/optimization-guide/current/loops.html"
                        }
                      ]
                    }
                  ]
                  , "children":
                  [
                    {
                      "name":"testInputSrcTask.B6"
                      , "data":
                      ["Yes", "~1", "0"]
                      , "debug":
                      [
                        [
                          {
                            "filename":"/home/wkrska/Aggregation/jamesBenchmark/agg-hls/main.cpp"
                            , "line":173
                          }
                        ]
                      ]
                      , "details":
                      [
                        {
                          "type":"text"
                          , "text":"II is an approximation due to the following stallable instruction:"
                          , "details":
                          [
                            {
                              "type":"text"
                              , "text":"Load Operation (%L > %L)"
                              , "links":
                              [
                                {
                                  "filename":"/ofs_install/oneapi/2023.2/compiler/2023.2.1/linux/bin-llvm/../include/sycl/handler.hpp"
                                  , "line":"1211"
                                }
                                , {
                                  "filename":"/home/wkrska/Aggregation/jamesBenchmark/agg-hls/main.cpp"
                                  , "line":"177"
                                }
                              ]
                            }
                          ]
                        }
                        , {
                          "type":"text"
                          , "text":"Maximum concurrent iterations: Capacity of loop"
                          , "details":
                          [
                            {
                              "type":"text"
                              , "text":"Use the %L viewer to estimate capacity"
                              , "links":
                              [
                                {
                                  "view":"Fmax II Report"
                                }
                              ]
                            }
                          ]
                        }
                        , {
                          "type":"text"
                          , "text":"Average Trip count: 4 (exact)"
                        }
                        , {
                          "type":"text"
                          , "text":"See %L for more information"
                          , "links":
                          [
                            {
                              "guide":"FPGA Optimization Guide : Loops"
                              , "link":"https://www.intel.com/content/www/us/en/docs/oneapi-fpga-add-on/optimization-guide/current/loops.html"
                            }
                          ]
                        }
                      ]
                      , "children":
                      [
                      ]
                    }
                  ]
                }
              ]
            }
          ]
        }
      ]
    }
    , {
      "name":"Kernel: MakeUniqueTask0"
      , "data":
      ["", "", ""]
      , "debug":
      [
        [
          {
            "filename":"/home/wkrska/Aggregation/jamesBenchmark/agg-hls/main.cpp"
            , "line":237
          }
        ]
      ]
      , "details":
      [
        {
          "type":"brief"
          , "text":"Single work-item execution"
        }
        , {
          "type":"text"
          , "text":"Single work-item execution"
        }
        , {
          "type":"text"
          , "text":"fMAX bottleneck block: None"
        }
        , {
          "type":"text"
          , "text":"See %L for more information"
          , "links":
          [
            {
              "guide":"FPGA Optimization Guide : Single Work-item Kernels"
              , "link":"https://www.intel.com/content/www/us/en/docs/oneapi-fpga-add-on/optimization-guide/current/single-work-item-kernels.html"
            }
          ]
        }
      ]
      , "children":
      [
        {
          "name":"MakeUniqueTask0.B1"
          , "data":
          ["Yes", "~1", "1"]
          , "debug":
          [
            [
              {
                "filename":"/home/wkrska/Aggregation/jamesBenchmark/agg-hls/./stages.h"
                , "line":25
              }
            ]
          ]
          , "details":
          [
            {
              "type":"text"
              , "text":"II is an approximation due to the following stallable instructions:"
              , "details":
              [
                {
                  "type":"text"
                  , "text":"Pipe Read Operation (%L > %L > %L > %L)"
                  , "links":
                  [
                    {
                      "filename":"/ofs_install/oneapi/2023.2/compiler/2023.2.1/linux/bin-llvm/../include/sycl/handler.hpp"
                      , "line":"1211"
                    }
                    , {
                      "filename":"/home/wkrska/Aggregation/jamesBenchmark/agg-hls/main.cpp"
                      , "line":"238"
                    }
                    , {
                      "filename":"/home/wkrska/Aggregation/jamesBenchmark/agg-hls/./stages.h"
                      , "line":"27"
                    }
                    , {
                      "filename":"/ofs_install/oneapi/2023.2/compiler/2023.2.1/linux/bin-llvm/../include/sycl/ext/intel/pipes.hpp"
                      , "line":"69"
                    }
                  ]
                }
                , {
                  "type":"text"
                  , "text":"Pipe Write Operation (%L > %L > %L > %L)"
                  , "links":
                  [
                    {
                      "filename":"/ofs_install/oneapi/2023.2/compiler/2023.2.1/linux/bin-llvm/../include/sycl/handler.hpp"
                      , "line":"1211"
                    }
                    , {
                      "filename":"/home/wkrska/Aggregation/jamesBenchmark/agg-hls/main.cpp"
                      , "line":"238"
                    }
                    , {
                      "filename":"/home/wkrska/Aggregation/jamesBenchmark/agg-hls/./stages.h"
                      , "line":"40"
                    }
                    , {
                      "filename":"/ofs_install/oneapi/2023.2/compiler/2023.2.1/linux/bin-llvm/../include/sycl/ext/intel/pipes.hpp"
                      , "line":"85"
                    }
                  ]
                }
              ]
            }
            , {
              "type":"text"
              , "text":"Maximum concurrent iterations: Capacity of loop"
              , "details":
              [
                {
                  "type":"text"
                  , "text":"Use the %L viewer to estimate capacity"
                  , "links":
                  [
                    {
                      "view":"Fmax II Report"
                    }
                  ]
                }
              ]
            }
            , {
              "type":"text"
              , "text":"See %L for more information"
              , "links":
              [
                {
                  "guide":"FPGA Optimization Guide : Loops"
                  , "link":"https://www.intel.com/content/www/us/en/docs/oneapi-fpga-add-on/optimization-guide/current/loops.html"
                }
              ]
            }
          ]
          , "children":
          [
            {
              "name":"Fully unrolled loop"
              , "data":
              ["n/a", "n/a", "n/a"]
              , "debug":
              [
                [
                  {
                    "filename":"core.h"
                    , "line":47
                  }
                ]
              ]
              , "details":
              [
                {
                  "type":"brief"
                  , "text":"Unrolled by #pragma unroll"
                }
                , {
                  "type":"text"
                  , "text":"Unrolled by #pragma unroll"
                }
              ]
              , "children":
              [
              ]
            }
            , {
              "name":"Fully unrolled loop"
              , "data":
              ["n/a", "n/a", "n/a"]
              , "debug":
              [
                [
                  {
                    "filename":"core.h"
                    , "line":47
                  }
                ]
              ]
              , "details":
              [
                {
                  "type":"brief"
                  , "text":"Unrolled by #pragma unroll"
                }
                , {
                  "type":"text"
                  , "text":"Unrolled by #pragma unroll"
                }
              ]
              , "children":
              [
              ]
            }
            , {
              "name":"Fully unrolled loop"
              , "data":
              ["n/a", "n/a", "n/a"]
              , "debug":
              [
                [
                  {
                    "filename":"core.h"
                    , "line":47
                  }
                ]
              ]
              , "details":
              [
                {
                  "type":"brief"
                  , "text":"Unrolled by #pragma unroll"
                }
                , {
                  "type":"text"
                  , "text":"Unrolled by #pragma unroll"
                }
              ]
              , "children":
              [
              ]
            }
            , {
              "name":"Fully unrolled loop"
              , "data":
              ["n/a", "n/a", "n/a"]
              , "debug":
              [
                [
                  {
                    "filename":"core.h"
                    , "line":47
                  }
                ]
              ]
              , "details":
              [
                {
                  "type":"brief"
                  , "text":"Unrolled by #pragma unroll"
                }
                , {
                  "type":"text"
                  , "text":"Unrolled by #pragma unroll"
                }
              ]
              , "children":
              [
              ]
            }
            , {
              "name":"Fully unrolled loop"
              , "data":
              ["n/a", "n/a", "n/a"]
              , "debug":
              [
                [
                  {
                    "filename":"core.h"
                    , "line":47
                  }
                ]
              ]
              , "details":
              [
                {
                  "type":"brief"
                  , "text":"Unrolled by #pragma unroll"
                }
                , {
                  "type":"text"
                  , "text":"Unrolled by #pragma unroll"
                }
              ]
              , "children":
              [
              ]
            }
            , {
              "name":"Fully unrolled loop"
              , "data":
              ["n/a", "n/a", "n/a"]
              , "debug":
              [
                [
                  {
                    "filename":"core.h"
                    , "line":47
                  }
                ]
              ]
              , "details":
              [
                {
                  "type":"brief"
                  , "text":"Unrolled by #pragma unroll"
                }
                , {
                  "type":"text"
                  , "text":"Unrolled by #pragma unroll"
                }
              ]
              , "children":
              [
              ]
            }
            , {
              "name":"Fully unrolled loop"
              , "data":
              ["n/a", "n/a", "n/a"]
              , "debug":
              [
                [
                  {
                    "filename":"core.h"
                    , "line":47
                  }
                ]
              ]
              , "details":
              [
                {
                  "type":"brief"
                  , "text":"Unrolled by #pragma unroll"
                }
                , {
                  "type":"text"
                  , "text":"Unrolled by #pragma unroll"
                }
              ]
              , "children":
              [
              ]
            }
            , {
              "name":"Fully unrolled loop"
              , "data":
              ["n/a", "n/a", "n/a"]
              , "debug":
              [
                [
                  {
                    "filename":"core.h"
                    , "line":47
                  }
                ]
              ]
              , "details":
              [
                {
                  "type":"brief"
                  , "text":"Unrolled by #pragma unroll"
                }
                , {
                  "type":"text"
                  , "text":"Unrolled by #pragma unroll"
                }
              ]
              , "children":
              [
              ]
            }
            , {
              "name":"Fully unrolled loop"
              , "data":
              ["n/a", "n/a", "n/a"]
              , "debug":
              [
                [
                  {
                    "filename":"stages.h"
                    , "line":33
                  }
                ]
              ]
              , "details":
              [
                {
                  "type":"brief"
                  , "text":"Unrolled by #pragma unroll"
                }
                , {
                  "type":"text"
                  , "text":"Unrolled by #pragma unroll"
                }
              ]
              , "children":
              [
                {
                  "name":"Fully unrolled loop"
                  , "data":
                  ["n/a", "n/a", "n/a"]
                  , "debug":
                  [
                    [
                      {
                        "filename":"core.h"
                        , "line":37
                      }
                    ]
                  ]
                  , "details":
                  [
                    {
                      "type":"brief"
                      , "text":"Unrolled by #pragma unroll"
                    }
                    , {
                      "type":"text"
                      , "text":"Unrolled by #pragma unroll"
                    }
                  ]
                  , "children":
                  [
                  ]
                }
                , {
                  "name":"Fully unrolled loop"
                  , "data":
                  ["n/a", "n/a", "n/a"]
                  , "debug":
                  [
                    [
                      {
                        "filename":"core.h"
                        , "line":44
                      }
                    ]
                  ]
                  , "details":
                  [
                    {
                      "type":"brief"
                      , "text":"Unrolled by #pragma unroll"
                    }
                    , {
                      "type":"text"
                      , "text":"Unrolled by #pragma unroll"
                    }
                  ]
                  , "children":
                  [
                  ]
                }
              ]
            }
          ]
        }
      ]
    }
    , {
      "name":"Kernel: MapKeyTask0"
      , "data":
      ["", "", ""]
      , "debug":
      [
        [
          {
            "filename":"/home/wkrska/Aggregation/jamesBenchmark/agg-hls/main.cpp"
            , "line":248
          }
        ]
      ]
      , "details":
      [
        {
          "type":"brief"
          , "text":"Single work-item execution"
        }
        , {
          "type":"text"
          , "text":"Single work-item execution"
        }
        , {
          "type":"text"
          , "text":"fMAX bottleneck block: None"
        }
        , {
          "type":"text"
          , "text":"See %L for more information"
          , "links":
          [
            {
              "guide":"FPGA Optimization Guide : Single Work-item Kernels"
              , "link":"https://www.intel.com/content/www/us/en/docs/oneapi-fpga-add-on/optimization-guide/current/single-work-item-kernels.html"
            }
          ]
        }
      ]
      , "children":
      [
        {
          "name":"MapKeyTask0.B1"
          , "data":
          ["Yes", "~1", "1"]
          , "debug":
          [
            [
              {
                "filename":"/home/wkrska/Aggregation/jamesBenchmark/agg-hls/./stages.h"
                , "line":53
              }
            ]
          ]
          , "details":
          [
            {
              "type":"text"
              , "text":"II is an approximation due to the following stallable instructions:"
              , "details":
              [
                {
                  "type":"text"
                  , "text":"Pipe Read Operation (%L > %L > %L > %L)"
                  , "links":
                  [
                    {
                      "filename":"/ofs_install/oneapi/2023.2/compiler/2023.2.1/linux/bin-llvm/../include/sycl/handler.hpp"
                      , "line":"1211"
                    }
                    , {
                      "filename":"/home/wkrska/Aggregation/jamesBenchmark/agg-hls/main.cpp"
                      , "line":"249"
                    }
                    , {
                      "filename":"/home/wkrska/Aggregation/jamesBenchmark/agg-hls/./stages.h"
                      , "line":"56"
                    }
                    , {
                      "filename":"/ofs_install/oneapi/2023.2/compiler/2023.2.1/linux/bin-llvm/../include/sycl/ext/intel/pipes.hpp"
                      , "line":"69"
                    }
                  ]
                }
                , {
                  "type":"text"
                  , "text":"Pipe Write Operation (%L > %L > %L > %L)"
                  , "links":
                  [
                    {
                      "filename":"/ofs_install/oneapi/2023.2/compiler/2023.2.1/linux/bin-llvm/../include/sycl/handler.hpp"
                      , "line":"1211"
                    }
                    , {
                      "filename":"/home/wkrska/Aggregation/jamesBenchmark/agg-hls/main.cpp"
                      , "line":"249"
                    }
                    , {
                      "filename":"/home/wkrska/Aggregation/jamesBenchmark/agg-hls/./stages.h"
                      , "line":"88"
                    }
                    , {
                      "filename":"/ofs_install/oneapi/2023.2/compiler/2023.2.1/linux/bin-llvm/../include/sycl/ext/intel/pipes.hpp"
                      , "line":"85"
                    }
                  ]
                }
              ]
            }
            , {
              "type":"text"
              , "text":"Maximum concurrent iterations: Capacity of loop"
              , "details":
              [
                {
                  "type":"text"
                  , "text":"Use the %L viewer to estimate capacity"
                  , "links":
                  [
                    {
                      "view":"Fmax II Report"
                    }
                  ]
                }
              ]
            }
            , {
              "type":"text"
              , "text":"See %L for more information"
              , "links":
              [
                {
                  "guide":"FPGA Optimization Guide : Loops"
                  , "link":"https://www.intel.com/content/www/us/en/docs/oneapi-fpga-add-on/optimization-guide/current/loops.html"
                }
              ]
            }
          ]
          , "children":
          [
            {
              "name":"Fully unrolled loop"
              , "data":
              ["n/a", "n/a", "n/a"]
              , "debug":
              [
                [
                  {
                    "filename":"stages.h"
                    , "line":63
                  }
                ]
              ]
              , "details":
              [
                {
                  "type":"brief"
                  , "text":"Unrolled by #pragma unroll"
                }
                , {
                  "type":"text"
                  , "text":"Unrolled by #pragma unroll"
                }
              ]
              , "children":
              [
                {
                  "name":"Fully unrolled loop"
                  , "data":
                  ["n/a", "n/a", "n/a"]
                  , "debug":
                  [
                    [
                      {
                        "filename":"core.h"
                        , "line":106
                      }
                    ]
                  ]
                  , "details":
                  [
                    {
                      "type":"brief"
                      , "text":"Unrolled by #pragma unroll"
                    }
                    , {
                      "type":"text"
                      , "text":"Unrolled by #pragma unroll"
                    }
                  ]
                  , "children":
                  [
                  ]
                }
                , {
                  "name":"Fully unrolled loop"
                  , "data":
                  ["n/a", "n/a", "n/a"]
                  , "debug":
                  [
                    [
                      {
                        "filename":"core.h"
                        , "line":114
                      }
                    ]
                  ]
                  , "details":
                  [
                    {
                      "type":"brief"
                      , "text":"Unrolled by #pragma unroll"
                    }
                    , {
                      "type":"text"
                      , "text":"Unrolled by #pragma unroll"
                    }
                  ]
                  , "children":
                  [
                    {
                      "name":"Fully unrolled loop"
                      , "data":
                      ["n/a", "n/a", "n/a"]
                      , "debug":
                      [
                        [
                          {
                            "filename":"core.h"
                            , "line":120
                          }
                        ]
                      ]
                      , "details":
                      [
                        {
                          "type":"brief"
                          , "text":"Unrolled by #pragma unroll"
                        }
                        , {
                          "type":"text"
                          , "text":"Unrolled by #pragma unroll"
                        }
                      ]
                      , "children":
                      [
                      ]
                    }
                    , {
                      "name":"Fully unrolled loop"
                      , "data":
                      ["n/a", "n/a", "n/a"]
                      , "debug":
                      [
                        [
                          {
                            "filename":"core.h"
                            , "line":130
                          }
                        ]
                      ]
                      , "details":
                      [
                        {
                          "type":"brief"
                          , "text":"Unrolled by #pragma unroll"
                        }
                        , {
                          "type":"text"
                          , "text":"Unrolled by #pragma unroll"
                        }
                      ]
                      , "children":
                      [
                      ]
                    }
                  ]
                }
                , {
                  "name":"Fully unrolled loop"
                  , "data":
                  ["n/a", "n/a", "n/a"]
                  , "debug":
                  [
                    [
                      {
                        "filename":"stages.h"
                        , "line":74
                      }
                    ]
                  ]
                  , "details":
                  [
                    {
                      "type":"brief"
                      , "text":"Unrolled by #pragma unroll"
                    }
                    , {
                      "type":"text"
                      , "text":"Unrolled by #pragma unroll"
                    }
                  ]
                  , "children":
                  [
                  ]
                }
                , {
                  "name":"Fully unrolled loop"
                  , "data":
                  ["n/a", "n/a", "n/a"]
                  , "debug":
                  [
                    [
                      {
                        "filename":"stages.h"
                        , "line":81
                      }
                    ]
                  ]
                  , "details":
                  [
                    {
                      "type":"brief"
                      , "text":"Unrolled by #pragma unroll"
                    }
                    , {
                      "type":"text"
                      , "text":"Unrolled by #pragma unroll"
                    }
                  ]
                  , "children":
                  [
                  ]
                }
              ]
            }
          ]
        }
      ]
    }
    , {
      "name":"Kernel: TraiageMappingTask0"
      , "data":
      ["", "", ""]
      , "debug":
      [
        [
          {
            "filename":"/home/wkrska/Aggregation/jamesBenchmark/agg-hls/main.cpp"
            , "line":255
          }
        ]
      ]
      , "details":
      [
        {
          "type":"brief"
          , "text":"Single work-item execution"
        }
        , {
          "type":"text"
          , "text":"Single work-item execution"
        }
        , {
          "type":"text"
          , "text":"fMAX bottleneck block: None"
        }
        , {
          "type":"text"
          , "text":"See %L for more information"
          , "links":
          [
            {
              "guide":"FPGA Optimization Guide : Single Work-item Kernels"
              , "link":"https://www.intel.com/content/www/us/en/docs/oneapi-fpga-add-on/optimization-guide/current/single-work-item-kernels.html"
            }
          ]
        }
      ]
      , "children":
      [
        {
          "name":"TraiageMappingTask0.B1"
          , "data":
          ["Yes", ">=1", "1"]
          , "debug":
          [
            [
              {
                "filename":"/home/wkrska/Aggregation/jamesBenchmark/agg-hls/./stages.h"
                , "line":97
              }
            ]
          ]
          , "details":
          [
            {
              "type":"text"
              , "text":"User-constrained II."
            }
            , {
              "type":"text"
              , "text":"Stallable instruction: n/a"
            }
            , {
              "type":"text"
              , "text":"Maximum concurrent iterations: Capacity of loop"
              , "details":
              [
                {
                  "type":"text"
                  , "text":"Use the %L viewer to estimate capacity"
                  , "links":
                  [
                    {
                      "view":"Fmax II Report"
                    }
                  ]
                }
              ]
            }
            , {
              "type":"text"
              , "text":"See %L for more information"
              , "links":
              [
                {
                  "guide":"FPGA Optimization Guide : Loops"
                  , "link":"https://www.intel.com/content/www/us/en/docs/oneapi-fpga-add-on/optimization-guide/current/loops.html"
                }
              ]
            }
          ]
          , "children":
          [
            {
              "name":"TraiageMappingTask0.B2"
              , "data":
              ["Yes", ">=1", "4"]
              , "debug":
              [
                [
                  {
                    "filename":"/home/wkrska/Aggregation/jamesBenchmark/agg-hls/./stages.h"
                    , "line":103
                  }
                ]
              ]
              , "details":
              [
                {
                  "type":"text"
                  , "text":"Stallable instruction: n/a"
                }
                , {
                  "type":"text"
                  , "text":"Maximum concurrent iterations: Capacity of loop"
                  , "details":
                  [
                    {
                      "type":"text"
                      , "text":"Use the %L viewer to estimate capacity"
                      , "links":
                      [
                        {
                          "view":"Fmax II Report"
                        }
                      ]
                    }
                  ]
                }
                , {
                  "type":"text"
                  , "text":"Average Trip count: 4 (exact)"
                }
                , {
                  "type":"text"
                  , "text":"See %L for more information"
                  , "links":
                  [
                    {
                      "guide":"FPGA Optimization Guide : Loops"
                      , "link":"https://www.intel.com/content/www/us/en/docs/oneapi-fpga-add-on/optimization-guide/current/loops.html"
                    }
                  ]
                }
              ]
              , "children":
              [
                {
                  "name":"TraiageMappingTask0.B5"
                  , "data":
                  ["Yes", "1", "0"]
                  , "debug":
                  [
                    [
                      {
                        "filename":"/home/wkrska/Aggregation/jamesBenchmark/agg-hls/./stages.h"
                        , "line":104
                      }
                    ]
                  ]
                  , "details":
                  [
                    {
                      "type":"text"
                      , "text":"Stallable instruction: None"
                    }
                    , {
                      "type":"text"
                      , "text":"Maximum concurrent iterations: Capacity of loop"
                      , "details":
                      [
                        {
                          "type":"text"
                          , "text":"Use the %L viewer to estimate capacity"
                          , "links":
                          [
                            {
                              "view":"Fmax II Report"
                            }
                          ]
                        }
                      ]
                    }
                    , {
                      "type":"text"
                      , "text":"Average Trip count: 4 (exact)"
                    }
                    , {
                      "type":"text"
                      , "text":"See %L for more information"
                      , "links":
                      [
                        {
                          "guide":"FPGA Optimization Guide : Loops"
                          , "link":"https://www.intel.com/content/www/us/en/docs/oneapi-fpga-add-on/optimization-guide/current/loops.html"
                        }
                      ]
                    }
                  ]
                  , "children":
                  [
                  ]
                }
              ]
            }
          ]
        }
      ]
    }
    , {
      "name":"Kernel: AggregateTask0"
      , "data":
      ["", "", ""]
      , "debug":
      [
        [
          {
            "filename":"/home/wkrska/Aggregation/jamesBenchmark/agg-hls/main.cpp"
            , "line":263
          }
        ]
      ]
      , "details":
      [
        {
          "type":"brief"
          , "text":"Single work-item execution"
        }
        , {
          "type":"text"
          , "text":"Single work-item execution"
        }
        , {
          "type":"text"
          , "text":"fMAX bottleneck block: None"
        }
        , {
          "type":"text"
          , "text":"See %L for more information"
          , "links":
          [
            {
              "guide":"FPGA Optimization Guide : Single Work-item Kernels"
              , "link":"https://www.intel.com/content/www/us/en/docs/oneapi-fpga-add-on/optimization-guide/current/single-work-item-kernels.html"
            }
          ]
        }
      ]
      , "children":
      [
        {
          "name":"AggregateTask0.B2"
          , "data":
          ["No", "n/a", "n/a"]
          , "debug":
          [
            [
              {
                "filename":"/home/wkrska/Aggregation/jamesBenchmark/agg-hls/./core.h"
                , "line":206
              }
            ]
          ]
          , "details":
          [
            {
              "type":"brief"
              , "text":"Pipelining disabled"
            }
            , {
              "type":"text"
              , "text":"Loop not pipelined due to:"
              , "details":
              [
                {
                  "type":"text"
                  , "text":"Loop annotated with #pragma disable_loop_pipelining."
                }
              ]
            }
            , {
              "type":"text"
              , "text":"Stallable instruction: n/a"
            }
            , {
              "type":"text"
              , "text":"Maximum concurrent iterations: 1 due to not being pipelined"
            }
            , {
              "type":"text"
              , "text":"See %L for more information"
              , "links":
              [
                {
                  "guide":"FPGA Optimization Guide : Loops"
                  , "link":"https://www.intel.com/content/www/us/en/docs/oneapi-fpga-add-on/optimization-guide/current/loops.html"
                }
              ]
            }
          ]
          , "children":
          [
            {
              "name":"AggregateTask0.B7"
              , "data":
              ["No", "n/a", "n/a"]
              , "debug":
              [
                [
                  {
                    "filename":"/home/wkrska/Aggregation/jamesBenchmark/agg-hls/./stages.h"
                    , "line":139
                  }
                ]
              ]
              , "details":
              [
                {
                  "type":"brief"
                  , "text":"Pipelining disabled"
                }
                , {
                  "type":"text"
                  , "text":"Loop not pipelined due to:"
                  , "details":
                  [
                    {
                      "type":"text"
                      , "text":"Loop annotated with #pragma disable_loop_pipelining."
                    }
                  ]
                }
                , {
                  "type":"text"
                  , "text":"Stallable instruction: n/a"
                }
                , {
                  "type":"text"
                  , "text":"Maximum concurrent iterations: 1 due to not being pipelined"
                }
                , {
                  "type":"text"
                  , "text":"Average Trip count: 64 (exact)"
                }
                , {
                  "type":"text"
                  , "text":"See %L for more information"
                  , "links":
                  [
                    {
                      "guide":"FPGA Optimization Guide : Loops"
                      , "link":"https://www.intel.com/content/www/us/en/docs/oneapi-fpga-add-on/optimization-guide/current/loops.html"
                    }
                  ]
                }
              ]
              , "children":
              [
                {
                  "name":"AggregateTask0.B9"
                  , "data":
                  ["No", "n/a", "n/a"]
                  , "debug":
                  [
                    [
                      {
                        "filename":"/home/wkrska/Aggregation/jamesBenchmark/agg-hls/./stages.h"
                        , "line":183
                      }
                    ]
                  ]
                  , "details":
                  [
                    {
                      "type":"brief"
                      , "text":"Pipelining disabled"
                    }
                    , {
                      "type":"text"
                      , "text":"Loop not pipelined due to:"
                      , "details":
                      [
                        {
                          "type":"text"
                          , "text":"Loop annotated with #pragma disable_loop_pipelining."
                        }
                      ]
                    }
                    , {
                      "type":"text"
                      , "text":"II is an approximation due to the following stallable instruction:"
                      , "details":
                      [
                        {
                          "type":"text"
                          , "text":"Pipe Write Operation (%L > %L > %L > %L)"
                          , "links":
                          [
                            {
                              "filename":"/ofs_install/oneapi/2023.2/compiler/2023.2.1/linux/bin-llvm/../include/sycl/handler.hpp"
                              , "line":"1211"
                            }
                            , {
                              "filename":"/home/wkrska/Aggregation/jamesBenchmark/agg-hls/main.cpp"
                              , "line":"264"
                            }
                            , {
                              "filename":"/home/wkrska/Aggregation/jamesBenchmark/agg-hls/./stages.h"
                              , "line":"185"
                            }
                            , {
                              "filename":"/ofs_install/oneapi/2023.2/compiler/2023.2.1/linux/bin-llvm/../include/sycl/ext/intel/pipes.hpp"
                              , "line":"85"
                            }
                          ]
                        }
                      ]
                    }
                    , {
                      "type":"text"
                      , "text":"Maximum concurrent iterations: 1 due to not being pipelined"
                    }
                    , {
                      "type":"text"
                      , "text":"Average Trip count: 4 (exact)"
                    }
                    , {
                      "type":"text"
                      , "text":"See %L for more information"
                      , "links":
                      [
                        {
                          "guide":"FPGA Optimization Guide : Loops"
                          , "link":"https://www.intel.com/content/www/us/en/docs/oneapi-fpga-add-on/optimization-guide/current/loops.html"
                        }
                      ]
                    }
                  ]
                  , "children":
                  [
                  ]
                }
              ]
            }
            , {
              "name":"AggregateTask0.B6"
              , "data":
              ["Yes", "1", "4"]
              , "debug":
              [
                [
                  {
                    "filename":"/home/wkrska/Aggregation/jamesBenchmark/agg-hls/./stages.h"
                    , "line":148
                  }
                ]
              ]
              , "details":
              [
                {
                  "type":"text"
                  , "text":"User-constrained II."
                }
                , {
                  "type":"text"
                  , "text":"Stallable instruction: None"
                }
                , {
                  "type":"text"
                  , "text":"Maximum concurrent iterations: Capacity of loop"
                  , "details":
                  [
                    {
                      "type":"text"
                      , "text":"Use the %L viewer to estimate capacity"
                      , "links":
                      [
                        {
                          "view":"Fmax II Report"
                        }
                      ]
                    }
                  ]
                }
                , {
                  "type":"text"
                  , "text":"See %L for more information"
                  , "links":
                  [
                    {
                      "guide":"FPGA Optimization Guide : Loops"
                      , "link":"https://www.intel.com/content/www/us/en/docs/oneapi-fpga-add-on/optimization-guide/current/loops.html"
                    }
                  ]
                }
              ]
              , "children":
              [
                {
                  "name":"Fully unrolled loop"
                  , "data":
                  ["n/a", "n/a", "n/a"]
                  , "debug":
                  [
                    [
                      {
                        "filename":"stages.h"
                        , "line":163
                      }
                    ]
                  ]
                  , "details":
                  [
                    {
                      "type":"brief"
                      , "text":"Unrolled by #pragma unroll"
                    }
                    , {
                      "type":"text"
                      , "text":"Unrolled by #pragma unroll"
                    }
                  ]
                  , "children":
                  [
                    {
                      "name":"Fully unrolled loop"
                      , "data":
                      ["n/a", "n/a", "n/a"]
                      , "debug":
                      [
                        [
                          {
                            "filename":"core.h"
                            , "line":241
                          }
                        ]
                      ]
                      , "details":
                      [
                        {
                          "type":"brief"
                          , "text":"Unrolled by #pragma unroll"
                        }
                        , {
                          "type":"text"
                          , "text":"Unrolled by #pragma unroll"
                        }
                      ]
                      , "children":
                      [
                      ]
                    }
                    , {
                      "name":"Fully unrolled loop"
                      , "data":
                      ["n/a", "n/a", "n/a"]
                      , "debug":
                      [
                        [
                          {
                            "filename":"core.h"
                            , "line":261
                          }
                        ]
                      ]
                      , "details":
                      [
                        {
                          "type":"brief"
                          , "text":"Unrolled by #pragma unroll"
                        }
                        , {
                          "type":"text"
                          , "text":"Unrolled by #pragma unroll"
                        }
                      ]
                      , "children":
                      [
                      ]
                    }
                    , {
                      "name":"Fully unrolled loop"
                      , "data":
                      ["n/a", "n/a", "n/a"]
                      , "debug":
                      [
                        [
                          {
                            "filename":"core.h"
                            , "line":271
                          }
                        ]
                      ]
                      , "details":
                      [
                        {
                          "type":"brief"
                          , "text":"Unrolled by #pragma unroll"
                        }
                        , {
                          "type":"text"
                          , "text":"Unrolled by #pragma unroll"
                        }
                      ]
                      , "children":
                      [
                      ]
                    }
                    , {
                      "name":"Fully unrolled loop"
                      , "data":
                      ["n/a", "n/a", "n/a"]
                      , "debug":
                      [
                        [
                          {
                            "filename":"core.h"
                            , "line":282
                          }
                        ]
                      ]
                      , "details":
                      [
                        {
                          "type":"brief"
                          , "text":"Unrolled by #pragma unroll"
                        }
                        , {
                          "type":"text"
                          , "text":"Unrolled by #pragma unroll"
                        }
                      ]
                      , "children":
                      [
                      ]
                    }
                    , {
                      "name":"Fully unrolled loop"
                      , "data":
                      ["n/a", "n/a", "n/a"]
                      , "debug":
                      [
                        [
                          {
                            "filename":"stages.h"
                            , "line":165
                          }
                        ]
                      ]
                      , "details":
                      [
                        {
                          "type":"brief"
                          , "text":"Unrolled by #pragma unroll"
                        }
                        , {
                          "type":"text"
                          , "text":"Unrolled by #pragma unroll"
                        }
                      ]
                      , "children":
                      [
                      ]
                    }
                  ]
                }
              ]
            }
            , {
              "name":"AggregateTask0.B3"
              , "data":
              ["No", "n/a", "n/a"]
              , "debug":
              [
                [
                  {
                    "filename":"/home/wkrska/Aggregation/jamesBenchmark/agg-hls/./core.h"
                    , "line":206
                  }
                ]
              ]
              , "details":
              [
                {
                  "type":"brief"
                  , "text":"Pipelining disabled"
                }
                , {
                  "type":"text"
                  , "text":"Loop not pipelined due to:"
                  , "details":
                  [
                    {
                      "type":"text"
                      , "text":"Loop annotated with #pragma disable_loop_pipelining."
                    }
                  ]
                }
                , {
                  "type":"text"
                  , "text":"Stallable instruction: None"
                }
                , {
                  "type":"text"
                  , "text":"Maximum concurrent iterations: 1 due to not being pipelined"
                }
                , {
                  "type":"text"
                  , "text":"Average Trip count: 64 (exact)"
                }
                , {
                  "type":"text"
                  , "text":"See %L for more information"
                  , "links":
                  [
                    {
                      "guide":"FPGA Optimization Guide : Loops"
                      , "link":"https://www.intel.com/content/www/us/en/docs/oneapi-fpga-add-on/optimization-guide/current/loops.html"
                    }
                  ]
                }
              ]
              , "children":
              [
                {
                  "name":"Fully unrolled loop"
                  , "data":
                  ["n/a", "n/a", "n/a"]
                  , "debug":
                  [
                    [
                      {
                        "filename":"core.h"
                        , "line":209
                      }
                    ]
                  ]
                  , "details":
                  [
                    {
                      "type":"brief"
                      , "text":"Unrolled by #pragma unroll"
                    }
                    , {
                      "type":"text"
                      , "text":"Unrolled by #pragma unroll"
                    }
                  ]
                  , "children":
                  [
                    {
                      "name":"Fully unrolled loop"
                      , "data":
                      ["n/a", "n/a", "n/a"]
                      , "debug":
                      [
                        [
                          {
                            "filename":"core.h"
                            , "line":211
                          }
                        ]
                      ]
                      , "details":
                      [
                        {
                          "type":"brief"
                          , "text":"Unrolled by #pragma unroll"
                        }
                        , {
                          "type":"text"
                          , "text":"Unrolled by #pragma unroll"
                        }
                      ]
                      , "children":
                      [
                      ]
                    }
                  ]
                }
              ]
            }
          ]
        }
      ]
    }
    , {
      "name":"Kernel: MergeAndAggregateTask"
      , "data":
      ["", "", ""]
      , "debug":
      [
        [
          {
            "filename":"/home/wkrska/Aggregation/jamesBenchmark/agg-hls/main.cpp"
            , "line":355
          }
        ]
      ]
      , "details":
      [
        {
          "type":"brief"
          , "text":"Single work-item execution"
        }
        , {
          "type":"text"
          , "text":"Single work-item execution"
        }
        , {
          "type":"text"
          , "text":"fMAX bottleneck block: None"
        }
        , {
          "type":"text"
          , "text":"See %L for more information"
          , "links":
          [
            {
              "guide":"FPGA Optimization Guide : Single Work-item Kernels"
              , "link":"https://www.intel.com/content/www/us/en/docs/oneapi-fpga-add-on/optimization-guide/current/single-work-item-kernels.html"
            }
          ]
        }
      ]
      , "children":
      [
        {
          "name":"MergeAndAggregateTask.B2"
          , "data":
          ["No", "n/a", "n/a"]
          , "debug":
          [
            [
              {
                "filename":"/home/wkrska/Aggregation/jamesBenchmark/agg-hls/./stages.h"
                , "line":234
              }
            ]
          ]
          , "details":
          [
            {
              "type":"brief"
              , "text":"Pipelining disabled"
            }
            , {
              "type":"text"
              , "text":"Loop not pipelined due to:"
              , "details":
              [
                {
                  "type":"text"
                  , "text":"Loop annotated with #pragma disable_loop_pipelining."
                }
              ]
            }
            , {
              "type":"text"
              , "text":"Stallable instruction: n/a"
            }
            , {
              "type":"text"
              , "text":"Maximum concurrent iterations: 1 due to not being pipelined"
            }
            , {
              "type":"text"
              , "text":"See %L for more information"
              , "links":
              [
                {
                  "guide":"FPGA Optimization Guide : Loops"
                  , "link":"https://www.intel.com/content/www/us/en/docs/oneapi-fpga-add-on/optimization-guide/current/loops.html"
                }
              ]
            }
          ]
          , "children":
          [
            {
              "name":"MergeAndAggregateTask.B17"
              , "data":
              ["Yes", "~1", "4"]
              , "debug":
              [
                [
                  {
                    "filename":"/home/wkrska/Aggregation/jamesBenchmark/agg-hls/./stages.h"
                    , "line":233
                  }
                ]
              ]
              , "details":
              [
                {
                  "type":"text"
                  , "text":"II is an approximation due to the following stallable instruction:"
                  , "details":
                  [
                    {
                      "type":"text"
                      , "text":"Pipe Write Operation (%L > %L > %L > %L)"
                      , "links":
                      [
                        {
                          "filename":"/ofs_install/oneapi/2023.2/compiler/2023.2.1/linux/bin-llvm/../include/sycl/handler.hpp"
                          , "line":"1211"
                        }
                        , {
                          "filename":"/home/wkrska/Aggregation/jamesBenchmark/agg-hls/main.cpp"
                          , "line":"356"
                        }
                        , {
                          "filename":"/home/wkrska/Aggregation/jamesBenchmark/agg-hls/./stages.h"
                          , "line":"338"
                        }
                        , {
                          "filename":"/ofs_install/oneapi/2023.2/compiler/2023.2.1/linux/bin-llvm/../include/sycl/ext/intel/pipes.hpp"
                          , "line":"85"
                        }
                      ]
                    }
                  ]
                }
                , {
                  "type":"text"
                  , "text":"Maximum concurrent iterations: Capacity of loop"
                  , "details":
                  [
                    {
                      "type":"text"
                      , "text":"Use the %L viewer to estimate capacity"
                      , "links":
                      [
                        {
                          "view":"Fmax II Report"
                        }
                      ]
                    }
                  ]
                }
                , {
                  "type":"text"
                  , "text":"Average Trip count: 128 (exact)"
                }
                , {
                  "type":"text"
                  , "text":"See %L for more information"
                  , "links":
                  [
                    {
                      "guide":"FPGA Optimization Guide : Loops"
                      , "link":"https://www.intel.com/content/www/us/en/docs/oneapi-fpga-add-on/optimization-guide/current/loops.html"
                    }
                  ]
                }
              ]
              , "children":
              [
              ]
            }
            , {
              "name":"MergeAndAggregateTask.B4"
              , "data":
              ["No", "n/a", "n/a"]
              , "debug":
              [
                [
                  {
                    "filename":"/home/wkrska/Aggregation/jamesBenchmark/agg-hls/./stages.h"
                    , "line":234
                  }
                ]
              ]
              , "details":
              [
                {
                  "type":"brief"
                  , "text":"Pipelining disabled"
                }
                , {
                  "type":"text"
                  , "text":"Loop not pipelined due to:"
                  , "details":
                  [
                    {
                      "type":"text"
                      , "text":"Loop annotated with #pragma disable_loop_pipelining."
                    }
                  ]
                }
                , {
                  "type":"text"
                  , "text":"Stallable instruction: None"
                }
                , {
                  "type":"text"
                  , "text":"Maximum concurrent iterations: 1 due to not being pipelined"
                }
                , {
                  "type":"text"
                  , "text":"Average Trip count: 128 (exact)"
                }
                , {
                  "type":"text"
                  , "text":"See %L for more information"
                  , "links":
                  [
                    {
                      "guide":"FPGA Optimization Guide : Loops"
                      , "link":"https://www.intel.com/content/www/us/en/docs/oneapi-fpga-add-on/optimization-guide/current/loops.html"
                    }
                  ]
                }
              ]
              , "children":
              [
              ]
            }
            , {
              "name":"MergeAndAggregateTask.B6"
              , "data":
              ["No", "n/a", "n/a"]
              , "debug":
              [
                [
                  {
                    "filename":"/home/wkrska/Aggregation/jamesBenchmark/agg-hls/./stages.h"
                    , "line":245
                  }
                ]
              ]
              , "details":
              [
                {
                  "type":"brief"
                  , "text":"Out-of-order inner loop"
                }
                , {
                  "type":"text"
                  , "text":"Loop not pipelined due to:"
                  , "details":
                  [
                    {
                      "type":"text"
                      , "text":"Loop iteration ordering: iterations of inner loop shown may get out of order with respect to the listed inner loop, as the number of iterations of the listed inner loop may be different for different iterations of this loop."
                      , "details":
                      [
                        {
                          "type":"text"
                          , "text":"MergeAndAggregateTask.B11 (%L)"
                          , "links":
                          [
                            {
                              "filename":"/home/wkrska/Aggregation/jamesBenchmark/agg-hls/./stages.h"
                              , "line":"195"
                            }
                          ]
                        }
                        , {
                          "type":"text"
                          , "text":"MergeAndAggregateTask.B10 (%L)"
                          , "links":
                          [
                            {
                              "filename":"/home/wkrska/Aggregation/jamesBenchmark/agg-hls/./stages.h"
                              , "line":"279"
                            }
                          ]
                        }
                        , {
                          "type":"text"
                          , "text":"MergeAndAggregateTask.B7 (%L)"
                          , "links":
                          [
                            {
                              "filename":"/home/wkrska/Aggregation/jamesBenchmark/agg-hls/./stages.h"
                              , "line":"278"
                            }
                          ]
                        }
                      ]
                    }
                  ]
                }
                , {
                  "type":"text"
                  , "text":"Stallable instruction: n/a"
                }
                , {
                  "type":"text"
                  , "text":"Maximum concurrent iterations: 1 due to not being pipelined"
                }
                , {
                  "type":"text"
                  , "text":"See %L for more information"
                  , "links":
                  [
                    {
                      "guide":"FPGA Optimization Guide : Loops"
                      , "link":"https://www.intel.com/content/www/us/en/docs/oneapi-fpga-add-on/optimization-guide/current/loops.html"
                    }
                  ]
                }
              ]
              , "children":
              [
                {
                  "name":"MergeAndAggregateTask.B7"
                  , "data":
                  ["No", "n/a", "n/a"]
                  , "debug":
                  [
                    [
                      {
                        "filename":"/home/wkrska/Aggregation/jamesBenchmark/agg-hls/./stages.h"
                        , "line":278
                      }
                    ]
                  ]
                  , "details":
                  [
                    {
                      "type":"brief"
                      , "text":"Out-of-order inner loop"
                    }
                    , {
                      "type":"text"
                      , "text":"Loop not pipelined due to:"
                      , "details":
                      [
                        {
                          "type":"text"
                          , "text":"Loop iteration ordering: iterations of inner loop shown may get out of order with respect to the listed inner loop, as the number of iterations of the listed inner loop may be different for different iterations of this loop."
                          , "details":
                          [
                            {
                              "type":"text"
                              , "text":"MergeAndAggregateTask.B11 (%L)"
                              , "links":
                              [
                                {
                                  "filename":"/home/wkrska/Aggregation/jamesBenchmark/agg-hls/./stages.h"
                                  , "line":"195"
                                }
                              ]
                            }
                            , {
                              "type":"text"
                              , "text":"MergeAndAggregateTask.B10 (%L)"
                              , "links":
                              [
                                {
                                  "filename":"/home/wkrska/Aggregation/jamesBenchmark/agg-hls/./stages.h"
                                  , "line":"279"
                                }
                              ]
                            }
                          ]
                        }
                      ]
                    }
                    , {
                      "type":"text"
                      , "text":"Stallable instruction: n/a"
                    }
                    , {
                      "type":"text"
                      , "text":"Maximum concurrent iterations: 1 due to not being pipelined"
                    }
                    , {
                      "type":"text"
                      , "text":"Average Trip count: 4 (exact)"
                    }
                    , {
                      "type":"text"
                      , "text":"See %L for more information"
                      , "links":
                      [
                        {
                          "guide":"FPGA Optimization Guide : Loops"
                          , "link":"https://www.intel.com/content/www/us/en/docs/oneapi-fpga-add-on/optimization-guide/current/loops.html"
                        }
                      ]
                    }
                  ]
                  , "children":
                  [
                    {
                      "name":"MergeAndAggregateTask.B10"
                      , "data":
                      ["No", "n/a", "n/a"]
                      , "debug":
                      [
                        [
                          {
                            "filename":"/home/wkrska/Aggregation/jamesBenchmark/agg-hls/./stages.h"
                            , "line":279
                          }
                        ]
                      ]
                      , "details":
                      [
                        {
                          "type":"brief"
                          , "text":"Out-of-order inner loop"
                        }
                        , {
                          "type":"text"
                          , "text":"Loop not pipelined due to:"
                          , "details":
                          [
                            {
                              "type":"text"
                              , "text":"Loop iteration ordering: iterations of inner loop shown may get out of order with respect to the listed inner loop, as the number of iterations of the listed inner loop may be different for different iterations of this loop."
                              , "details":
                              [
                                {
                                  "type":"text"
                                  , "text":"MergeAndAggregateTask.B11 (%L)"
                                  , "links":
                                  [
                                    {
                                      "filename":"/home/wkrska/Aggregation/jamesBenchmark/agg-hls/./stages.h"
                                      , "line":"195"
                                    }
                                  ]
                                }
                              ]
                            }
                          ]
                        }
                        , {
                          "type":"text"
                          , "text":"Stallable instruction: n/a"
                        }
                        , {
                          "type":"text"
                          , "text":"Maximum concurrent iterations: 1 due to not being pipelined"
                        }
                        , {
                          "type":"text"
                          , "text":"Average Trip count: 4 (exact)"
                        }
                        , {
                          "type":"text"
                          , "text":"See %L for more information"
                          , "links":
                          [
                            {
                              "guide":"FPGA Optimization Guide : Loops"
                              , "link":"https://www.intel.com/content/www/us/en/docs/oneapi-fpga-add-on/optimization-guide/current/loops.html"
                            }
                          ]
                        }
                      ]
                      , "children":
                      [
                        {
                          "name":"MergeAndAggregateTask.B11"
                          , "data":
                          ["No", "n/a", "n/a"]
                          , "debug":
                          [
                            [
                              {
                                "filename":"/home/wkrska/Aggregation/jamesBenchmark/agg-hls/./stages.h"
                                , "line":195
                              }
                            ]
                          ]
                          , "details":
                          [
                            {
                              "type":"brief"
                              , "text":"Pipelining disabled"
                            }
                            , {
                              "type":"text"
                              , "text":"Loop not pipelined due to:"
                              , "details":
                              [
                                {
                                  "type":"text"
                                  , "text":"Loop annotated with #pragma disable_loop_pipelining."
                                }
                              ]
                            }
                            , {
                              "type":"text"
                              , "text":"Stallable instruction: None"
                            }
                            , {
                              "type":"text"
                              , "text":"Maximum concurrent iterations: 1 due to not being pipelined"
                            }
                            , {
                              "type":"text"
                              , "text":"See %L for more information"
                              , "links":
                              [
                                {
                                  "guide":"FPGA Optimization Guide : Loops"
                                  , "link":"https://www.intel.com/content/www/us/en/docs/oneapi-fpga-add-on/optimization-guide/current/loops.html"
                                }
                              ]
                            }
                          ]
                          , "children":
                          [
                          ]
                        }
                      ]
                    }
                  ]
                }
              ]
            }
            , {
              "name":"MergeAndAggregateTask.B13"
              , "data":
              ["No", "n/a", "n/a"]
              , "debug":
              [
                [
                  {
                    "filename":"/home/wkrska/Aggregation/jamesBenchmark/agg-hls/./stages.h"
                    , "line":297
                  }
                ]
              ]
              , "details":
              [
                {
                  "type":"brief"
                  , "text":"Out-of-order inner loop"
                }
                , {
                  "type":"text"
                  , "text":"Loop not pipelined due to:"
                  , "details":
                  [
                    {
                      "type":"text"
                      , "text":"Loop iteration ordering: iterations of inner loop shown may get out of order with respect to the listed inner loop, as the number of iterations of the listed inner loop may be different for different iterations of this loop."
                      , "details":
                      [
                        {
                          "type":"text"
                          , "text":"MergeAndAggregateTask.B16 (%L)"
                          , "links":
                          [
                            {
                              "filename":"/home/wkrska/Aggregation/jamesBenchmark/agg-hls/./stages.h"
                              , "line":"195"
                            }
                          ]
                        }
                      ]
                    }
                  ]
                }
                , {
                  "type":"text"
                  , "text":"Stallable instruction: n/a"
                }
                , {
                  "type":"text"
                  , "text":"Maximum concurrent iterations: 1 due to not being pipelined"
                }
                , {
                  "type":"text"
                  , "text":"Average Trip count: 4 (exact)"
                }
                , {
                  "type":"text"
                  , "text":"See %L for more information"
                  , "links":
                  [
                    {
                      "guide":"FPGA Optimization Guide : Loops"
                      , "link":"https://www.intel.com/content/www/us/en/docs/oneapi-fpga-add-on/optimization-guide/current/loops.html"
                    }
                  ]
                }
              ]
              , "children":
              [
                {
                  "name":"MergeAndAggregateTask.B14"
                  , "data":
                  ["No", "n/a", "n/a"]
                  , "debug":
                  [
                    [
                      {
                        "filename":"/home/wkrska/Aggregation/jamesBenchmark/agg-hls/./stages.h"
                        , "line":298
                      }
                    ]
                  ]
                  , "details":
                  [
                    {
                      "type":"brief"
                      , "text":"Out-of-order inner loop"
                    }
                    , {
                      "type":"text"
                      , "text":"Loop not pipelined due to:"
                      , "details":
                      [
                        {
                          "type":"text"
                          , "text":"Loop iteration ordering: iterations of inner loop shown may get out of order with respect to the listed inner loop, as the number of iterations of the listed inner loop may be different for different iterations of this loop."
                          , "details":
                          [
                            {
                              "type":"text"
                              , "text":"MergeAndAggregateTask.B16 (%L)"
                              , "links":
                              [
                                {
                                  "filename":"/home/wkrska/Aggregation/jamesBenchmark/agg-hls/./stages.h"
                                  , "line":"195"
                                }
                              ]
                            }
                          ]
                        }
                      ]
                    }
                    , {
                      "type":"text"
                      , "text":"Stallable instruction: n/a"
                    }
                    , {
                      "type":"text"
                      , "text":"Maximum concurrent iterations: 1 due to not being pipelined"
                    }
                    , {
                      "type":"text"
                      , "text":"Average Trip count: 64 (exact)"
                    }
                    , {
                      "type":"text"
                      , "text":"See %L for more information"
                      , "links":
                      [
                        {
                          "guide":"FPGA Optimization Guide : Loops"
                          , "link":"https://www.intel.com/content/www/us/en/docs/oneapi-fpga-add-on/optimization-guide/current/loops.html"
                        }
                      ]
                    }
                  ]
                  , "children":
                  [
                    {
                      "name":"MergeAndAggregateTask.B16"
                      , "data":
                      ["No", "n/a", "n/a"]
                      , "debug":
                      [
                        [
                          {
                            "filename":"/home/wkrska/Aggregation/jamesBenchmark/agg-hls/./stages.h"
                            , "line":195
                          }
                        ]
                      ]
                      , "details":
                      [
                        {
                          "type":"brief"
                          , "text":"Pipelining disabled"
                        }
                        , {
                          "type":"text"
                          , "text":"Loop not pipelined due to:"
                          , "details":
                          [
                            {
                              "type":"text"
                              , "text":"Loop annotated with #pragma disable_loop_pipelining."
                            }
                          ]
                        }
                        , {
                          "type":"text"
                          , "text":"Stallable instruction: None"
                        }
                        , {
                          "type":"text"
                          , "text":"Maximum concurrent iterations: 1 due to not being pipelined"
                        }
                        , {
                          "type":"text"
                          , "text":"See %L for more information"
                          , "links":
                          [
                            {
                              "guide":"FPGA Optimization Guide : Loops"
                              , "link":"https://www.intel.com/content/www/us/en/docs/oneapi-fpga-add-on/optimization-guide/current/loops.html"
                            }
                          ]
                        }
                      ]
                      , "children":
                      [
                      ]
                    }
                  ]
                }
              ]
            }
          ]
        }
      ]
    }
    , {
      "name":"Kernel: ReadoutTask"
      , "data":
      ["", "", ""]
      , "debug":
      [
        [
          {
            "filename":"/home/wkrska/Aggregation/jamesBenchmark/agg-hls/main.cpp"
            , "line":366
          }
        ]
      ]
      , "details":
      [
        {
          "type":"brief"
          , "text":"Single work-item execution"
        }
        , {
          "type":"text"
          , "text":"Single work-item execution"
        }
        , {
          "type":"text"
          , "text":"fMAX bottleneck block: None"
        }
        , {
          "type":"text"
          , "text":"See %L for more information"
          , "links":
          [
            {
              "guide":"FPGA Optimization Guide : Single Work-item Kernels"
              , "link":"https://www.intel.com/content/www/us/en/docs/oneapi-fpga-add-on/optimization-guide/current/single-work-item-kernels.html"
            }
          ]
        }
      ]
      , "children":
      [
        {
          "name":"ReadoutTask.B1"
          , "data":
          ["Yes", ">=2", "2"]
          , "debug":
          [
            [
              {
                "filename":"/home/wkrska/Aggregation/jamesBenchmark/agg-hls/main.cpp"
                , "line":367
              }
            ]
          ]
          , "details":
          [
            {
              "type":"brief"
              , "text":"Data dependency"
            }
            , {
              "type":"text"
              , "text":"Compiler failed to schedule this loop with smaller II due to data dependency on variable(s):"
              , "details":
              [
                {
                  "type":"text"
                  , "text":"r (%L)"
                  , "links":
                  [
                    {
                      "filename":"/home/wkrska/Aggregation/jamesBenchmark/agg-hls/main.cpp"
                      , "line":"367"
                    }
                  ]
                }
              ]
            }
            , {
              "type":"text"
              , "text":"Most critical loop feedback path during scheduling:"
              , "details":
              [
                {
                  "type":"text"
                  , "text":"1.46 clock cycle 32-bit Integer Add Operation (%L > %L)"
                  , "links":
                  [
                    {
                      "filename":"/ofs_install/oneapi/2023.2/compiler/2023.2.1/linux/bin-llvm/../include/sycl/handler.hpp"
                      , "line":"1211"
                    }
                    , {
                      "filename":"/home/wkrska/Aggregation/jamesBenchmark/agg-hls/main.cpp"
                      , "line":"367"
                    }
                  ]
                }
              ]
            }
            , {
              "type":"text"
              , "text":"Stallable instruction: n/a"
            }
            , {
              "type":"text"
              , "text":"Maximum concurrent iterations: Capacity of loop"
              , "details":
              [
                {
                  "type":"text"
                  , "text":"Use the %L viewer to estimate capacity"
                  , "links":
                  [
                    {
                      "view":"Fmax II Report"
                    }
                  ]
                }
              ]
            }
            , {
              "type":"text"
              , "text":"Average Trip count: 8 (exact)"
            }
            , {
              "type":"text"
              , "text":"See %L for more information"
              , "links":
              [
                {
                  "guide":"FPGA Optimization Guide : Loops"
                  , "link":"https://www.intel.com/content/www/us/en/docs/oneapi-fpga-add-on/optimization-guide/current/loops.html"
                }
              ]
            }
          ]
          , "children":
          [
            {
              "name":"ReadoutTask.B3"
              , "data":
              ["Yes", "~1", "4"]
              , "debug":
              [
                [
                  {
                    "filename":"/home/wkrska/Aggregation/jamesBenchmark/agg-hls/main.cpp"
                    , "line":370
                  }
                ]
              ]
              , "details":
              [
                {
                  "type":"text"
                  , "text":"II is an approximation due to the following stallable instructions:"
                  , "details":
                  [
                    {
                      "type":"text"
                      , "text":"Pipe Read Operation (%L > %L > %L)"
                      , "links":
                      [
                        {
                          "filename":"/ofs_install/oneapi/2023.2/compiler/2023.2.1/linux/bin-llvm/../include/sycl/handler.hpp"
                          , "line":"1211"
                        }
                        , {
                          "filename":"/home/wkrska/Aggregation/jamesBenchmark/agg-hls/main.cpp"
                          , "line":"371"
                        }
                        , {
                          "filename":"/ofs_install/oneapi/2023.2/compiler/2023.2.1/linux/bin-llvm/../include/sycl/ext/intel/pipes.hpp"
                          , "line":"69"
                        }
                      ]
                    }
                    , {
                      "type":"text"
                      , "text":"Store Operation (%L > %L)"
                      , "links":
                      [
                        {
                          "filename":"/ofs_install/oneapi/2023.2/compiler/2023.2.1/linux/bin-llvm/../include/sycl/handler.hpp"
                          , "line":"1211"
                        }
                        , {
                          "filename":"/home/wkrska/Aggregation/jamesBenchmark/agg-hls/main.cpp"
                          , "line":"378"
                        }
                      ]
                    }
                  ]
                }
                , {
                  "type":"text"
                  , "text":"Maximum concurrent iterations: Capacity of loop"
                  , "details":
                  [
                    {
                      "type":"text"
                      , "text":"Use the %L viewer to estimate capacity"
                      , "links":
                      [
                        {
                          "view":"Fmax II Report"
                        }
                      ]
                    }
                  ]
                }
                , {
                  "type":"text"
                  , "text":"Average Trip count: 128 (exact)"
                }
                , {
                  "type":"text"
                  , "text":"See %L for more information"
                  , "links":
                  [
                    {
                      "guide":"FPGA Optimization Guide : Loops"
                      , "link":"https://www.intel.com/content/www/us/en/docs/oneapi-fpga-add-on/optimization-guide/current/loops.html"
                    }
                  ]
                }
              ]
              , "children":
              [
              ]
            }
          ]
        }
      ]
    }
  ]
}
