{
    "quartusFitClockSummary"         : {
        "nodes" : [{
            "name"              : "Quartus Fitter: Clock Frequency (MHz)",
            "kernel clock"      : "600.00",
            "kernel clock fmax" : "600.00",
            "clock1x"           : "600.00",
            "clock2x"           : "600.00",
            "details"           : [{
                "text" : "The actual frequency of kernel clock is 600.00 MHz after platform PLL adjustment. The maximum frequency for kernel clock is 600.00 MHz. "
            }],
            "type"              : "system"
        }]
    },
    "quartusFitResourceUsageSummary" : {
        "nodes" : [{
            "type" : "system",
            "id"   : "1000",
            "name" : "Quartus Fitter: Kernel System",
            "alm"  : "80959.1",
            "reg"  : "272678",
            "dsp"  : "0",
            "ram"  : "250",
            "mlab" : "677"
        },{
            "type" : "kernel",
            "id"   : "1010",
            "name" : "ZTSZZ4mainENKUlRN4sycl3_V17handlerEE0_clES2_E15MakeUniqueTask0",
            "alm"  : "2671.8",
            "reg"  : "8386",
            "dsp"  : "0",
            "ram"  : "0",
            "mlab" : "53"
        },{
            "type" : "kernel",
            "id"   : "1010",
            "name" : "ZTSZZ4mainENKUlRN4sycl3_V17handlerEE1_clES2_E11MapKeyTask0",
            "alm"  : "49931.3",
            "reg"  : "175418",
            "dsp"  : "0",
            "ram"  : "78",
            "mlab" : "1"
        },{
            "type" : "kernel",
            "id"   : "1010",
            "name" : "ZTSZZ4mainENKUlRN4sycl3_V17handlerEE2_clES2_E19TraiageMappingTask0",
            "alm"  : "9643.0",
            "reg"  : "35478",
            "dsp"  : "0",
            "ram"  : "0",
            "mlab" : "204"
        },{
            "type" : "kernel",
            "id"   : "1010",
            "name" : "ZTSZZ4mainENKUlRN4sycl3_V17handlerEE3_clES2_E14AggregateTask0",
            "alm"  : "2092.7",
            "reg"  : "8265",
            "dsp"  : "0",
            "ram"  : "0",
            "mlab" : "6"
        },{
            "type" : "kernel",
            "id"   : "1010",
            "name" : "ZTSZZ4mainENKUlRN4sycl3_V17handlerEE4_clES2_E21MergeAndAggregateTask",
            "alm"  : "2615.7",
            "reg"  : "5844",
            "dsp"  : "0",
            "ram"  : "0",
            "mlab" : "16"
        },{
            "type" : "kernel",
            "id"   : "1010",
            "name" : "ZTSZZ4mainENKUlRN4sycl3_V17handlerEE5_clES2_E11ReadoutTask",
            "alm"  : "1143.5",
            "reg"  : "5022",
            "dsp"  : "0",
            "ram"  : "0",
            "mlab" : "29"
        },{
            "type" : "kernel",
            "id"   : "1010",
            "name" : "ZTSZZ4mainENKUlRN4sycl3_V17handlerEE_clES2_E16testInputSrcTask",
            "alm"  : "4729.1",
            "reg"  : "13736",
            "dsp"  : "0",
            "ram"  : "34",
            "mlab" : "115"
        },{
            "type" : "aclsystem",
            "id"   : "1001",
            "name" : "Quartus Fitter: Total Used (Entire System)",
            "alm"  : "313,556",
            "reg"  : "686,941",
            "dsp"  : "0",
            "ram"  : "1,256"
        }]
    }
}
