{
  "nodes":
  [
    {
      "name":"DDR"
      , "id":27972
      , "details":
      [
        {
          "type":"table"
          , "Board Supports Interleaving":"Yes"
          , "Interleave Size":"4096 bytes"
          , "Channels":"4 channels"
          , "Maximum bandwidth the BSP can deliver":"76800.00 MB/s<br><small><i> Note: Realistic maximum bandwidth is about 90% of the above due to loss from interconnect and memory controller.</i></small>"
          , "Channel DDR Width (bits)":"512, 512, 512, 512"
        }
      ]
      , "type":"memsys"
      , "children":
      [
        {
          "name":"channel 0"
          , "id":27974
          , "details":
          [
            {
              "type":"table"
              , "Data Width":"512"
              , "Address Width":"32"
              , "Latency":"1500"
              , "ReadWrite Mode":"Read/Write"
              , "Maximum Burst":"16"
              , "Wait Request":"0"
              , "Start Address":"0x0"
            }
          ]
          , "type":"bb"
        }
        , {
          "name":"channel 1"
          , "id":27975
          , "details":
          [
            {
              "type":"table"
              , "Data Width":"512"
              , "Address Width":"32"
              , "Latency":"1500"
              , "ReadWrite Mode":"Read/Write"
              , "Maximum Burst":"16"
              , "Wait Request":"0"
              , "Start Address":"0x100000000"
            }
          ]
          , "type":"bb"
        }
        , {
          "name":"channel 2"
          , "id":27976
          , "details":
          [
            {
              "type":"table"
              , "Data Width":"512"
              , "Address Width":"32"
              , "Latency":"1500"
              , "ReadWrite Mode":"Read/Write"
              , "Maximum Burst":"16"
              , "Wait Request":"0"
              , "Start Address":"0x200000000"
            }
          ]
          , "type":"bb"
        }
        , {
          "name":"channel 3"
          , "id":27977
          , "details":
          [
            {
              "type":"table"
              , "Data Width":"512"
              , "Address Width":"32"
              , "Latency":"1500"
              , "ReadWrite Mode":"Read/Write"
              , "Maximum Burst":"16"
              , "Wait Request":"0"
              , "Start Address":"0x300000000"
            }
          ]
          , "type":"bb"
        }
      ]
    }
    , {
      "name":"Memory Controller"
      , "id":27973
      , "parent":"27972"
      , "bw":"76800.00"
      , "num_channels":"4"
      , "interleave":"1"
      , "details":
      [
        {
          "type":"table"
          , "Maximum bandwidth the BSP can deliver":"76800.00 MB/s<br><small><i> Note: Realistic maximum bandwidth is about 90% of the above due to loss from interconnect and memory controller.</i></small>"
        }
      ]
      , "type":"bb"
    }
    , {
      "name":"Global Memory Interconnect"
      , "id":27978
      , "parent":"27972"
      , "type":"bb"
      , "children":
      [
        {
          "name":"SHARE"
          , "id":27979
          , "type":"arb"
        }
        , {
          "name":"Write Interconnect"
          , "id":27982
          , "details":
          [
            {
              "type":"table"
              , "Name":"DDR"
              , "Interconnect Style":"ring"
              , "Writes":"1"
              , "User specified force-single-store-ring flag":"False"
              , "Store Rings":"4"
            }
          ]
          , "type":"bb"
        }
        , {
          "name":"Read Interconnect"
          , "id":27980
          , "details":
          [
            {
              "type":"table"
              , "Name":"DDR"
              , "Interconnect Style":"ring"
              , "Reads":"2"
            }
          ]
          , "type":"bb"
        }
        , {
          "name":"Read Interconnect Router"
          , "id":27981
          , "details":
          [
            {
              "type":"table"
              , "User specified num-reorder flag":"Unset"
            }
          ]
          , "type":"memsys"
          , "children":
          [
            {
              "name":"Bus 0"
              , "id":27988
              , "type":"memsys"
            }
            , {
              "name":"Bus 1"
              , "id":27989
              , "type":"memsys"
            }
            , {
              "name":"Bus 2"
              , "id":27990
              , "type":"memsys"
            }
            , {
              "name":"Bus 3"
              , "id":27991
              , "type":"memsys"
            }
          ]
        }
      ]
    }
    , {
      "name":"Global Memory Loads"
      , "id":27983
      , "parent":"27972"
      , "type":"bb"
      , "children":
      [
        {
          "name":"LD"
          , "id":27984
          , "kwidth":"32"
          , "mwidth":"512"
          , "details":
          [
            {
              "type":"table"
              , "Start Cycle":"6"
              , "Latency":"1 cycle"
              , "Width":"32 bits"
              , "DDR Width":"512 bits"
              , "Uses Caching":"No"
              , "LSU Style":"BURST-COALESCED"
              , "Kernel":"AggFuncSelectTask"
            }
          ]
          , "debug":
          [
            [
              {
                "filename":"/ofs_install/oneapi/2023.2/compiler/2023.2.1/linux/bin-llvm/../include/sycl/ext/intel/pipes.hpp"
                , "line":85
              }
            ]
          ]
          , "type":"inst"
        }
        , {
          "name":"LD"
          , "id":27985
          , "kwidth":"128"
          , "mwidth":"512"
          , "details":
          [
            {
              "type":"table"
              , "Start Cycle":"10"
              , "Latency":"894 cycles"
              , "Width":"128 bits"
              , "DDR Width":"512 bits"
              , "Uses Caching":"No"
              , "LSU Style":"BURST-COALESCED"
              , "Kernel":"testInputSrcTask"
            }
          ]
          , "debug":
          [
            [
              {
                "filename":"/home/wkrska/Aggregation/agg-hls/main.cpp"
                , "line":298
              }
            ]
          ]
          , "type":"inst"
        }
      ]
    }
    , {
      "name":"Global Memory Stores"
      , "id":27986
      , "parent":"27972"
      , "type":"bb"
      , "children":
      [
        {
          "name":"ST"
          , "id":27987
          , "kwidth":"128"
          , "mwidth":"512"
          , "details":
          [
            {
              "type":"table"
              , "Start Cycle":"17"
              , "Latency":"2 cycles"
              , "Width":"128 bits"
              , "DDR Width":"512 bits"
              , "Uses Write Ack":"No"
              , "LSU Style":"BURST-COALESCED"
              , "Kernel":"ReadoutTask"
            }
          ]
          , "debug":
          [
            [
              {
                "filename":"/home/wkrska/Aggregation/agg-hls/main.cpp"
                , "line":464
              }
            ]
          ]
          , "type":"inst"
        }
      ]
    }
  ]
  , "links":
  [
    {
      "from":27974
      , "to":27973
    }
    , {
      "from":27973
      , "to":27974
    }
    , {
      "from":27975
      , "to":27973
    }
    , {
      "from":27973
      , "to":27975
    }
    , {
      "from":27976
      , "to":27973
    }
    , {
      "from":27973
      , "to":27976
    }
    , {
      "from":27977
      , "to":27973
    }
    , {
      "from":27973
      , "to":27977
    }
    , {
      "from":27980
      , "to":27979
    }
    , {
      "from":27982
      , "to":27979
    }
    , {
      "from":27979
      , "to":27973
    }
    , {
      "from":27984
      , "to":27980
    }
    , {
      "from":27985
      , "to":27980
    }
    , {
      "from":27987
      , "to":27982
    }
    , {
      "from":27973
      , "to":27988
    }
    , {
      "from":27973
      , "to":27989
    }
    , {
      "from":27973
      , "to":27990
    }
    , {
      "from":27973
      , "to":27991
    }
    , {
      "from":27988
      , "to":27984
      , "reverse":1
    }
    , {
      "from":27989
      , "to":27985
      , "reverse":1
    }
  ]
}
