{
    "quartusFitClockSummary"         : {
        "nodes" : [{
            "name"              : "Quartus Fitter: Clock Frequency (MHz)",
            "kernel clock"      : "397.00",
            "kernel clock fmax" : "397.00",
            "clock1x"           : "397.00",
            "clock2x"           : "794.00",
            "details"           : [{
                "text" : "The actual frequency of kernel clock is 397.00 MHz after platform PLL adjustment. The maximum frequency for kernel clock is 397.00 MHz. "
            }],
            "type"              : "system"
        }]
    },
    "quartusFitResourceUsageSummary" : {
        "nodes" : [{
            "type" : "system",
            "id"   : "1000",
            "name" : "Quartus Fitter: Kernel System",
            "alm"  : "104126.1",
            "reg"  : "284915",
            "dsp"  : "0",
            "ram"  : "318",
            "mlab" : "1217"
        },{
            "type" : "kernel",
            "id"   : "1010",
            "name" : "ZTSZZ4mainENKUlRN4sycl3_V17handlerEE0_clES2_E16testInputSrcTask",
            "alm"  : "2888.9",
            "reg"  : "6654",
            "dsp"  : "0",
            "ram"  : "26",
            "mlab" : "91"
        },{
            "type" : "kernel",
            "id"   : "1010",
            "name" : "ZTSZZ4mainENKUlRN4sycl3_V17handlerEE1_clES2_E15MakeUniqueTask0",
            "alm"  : "4805.1",
            "reg"  : "14382",
            "dsp"  : "0",
            "ram"  : "0",
            "mlab" : "92"
        },{
            "type" : "kernel",
            "id"   : "1010",
            "name" : "ZTSZZ4mainENKUlRN4sycl3_V17handlerEE2_clES2_E11MapKeyTask0",
            "alm"  : "51874.0",
            "reg"  : "137157",
            "dsp"  : "0",
            "ram"  : "94",
            "mlab" : "86"
        },{
            "type" : "kernel",
            "id"   : "1010",
            "name" : "ZTSZZ4mainENKUlRN4sycl3_V17handlerEE3_clES2_E19TraiageMappingTask0",
            "alm"  : "14415.6",
            "reg"  : "43981",
            "dsp"  : "0",
            "ram"  : "0",
            "mlab" : "356"
        },{
            "type" : "kernel",
            "id"   : "1010",
            "name" : "ZTSZZ4mainENKUlRN4sycl3_V17handlerEE4_clES2_E14AggregateTask0",
            "alm"  : "10929.5",
            "reg"  : "35355",
            "dsp"  : "0",
            "ram"  : "0",
            "mlab" : "9"
        },{
            "type" : "kernel",
            "id"   : "1010",
            "name" : "ZTSZZ4mainENKUlRN4sycl3_V17handlerEE5_clES2_E21MergeAndAggregateTask",
            "alm"  : "2331.2",
            "reg"  : "5411",
            "dsp"  : "0",
            "ram"  : "0",
            "mlab" : "17"
        },{
            "type" : "kernel",
            "id"   : "1010",
            "name" : "ZTSZZ4mainENKUlRN4sycl3_V17handlerEE6_clES2_E11ReadoutTask",
            "alm"  : "1374.6",
            "reg"  : "2747",
            "dsp"  : "0",
            "ram"  : "0",
            "mlab" : "37"
        },{
            "type" : "kernel",
            "id"   : "1010",
            "name" : "ZTSZZ4mainENKUlRN4sycl3_V17handlerEE_clES2_E17AggFuncSelectTask",
            "alm"  : "396.8",
            "reg"  : "529",
            "dsp"  : "0",
            "ram"  : "2",
            "mlab" : "10"
        },{
            "type" : "aclsystem",
            "id"   : "1001",
            "name" : "Quartus Fitter: Total Used (Entire System)",
            "alm"  : "334,969",
            "reg"  : "713,346",
            "dsp"  : "0",
            "ram"  : "1,340"
        }]
    }
}
