{"compileInfo":{"nodes":[{"command":"aoc -o /tmp/main-d181fb-b14a92.aocx /tmp/icpx-b7988c/main-75247e-584185.spv -sycl -dep-files=/tmp/icpx-b7988c/main-2e193c.d -output-report-folder=build/aggv2_fpgaG-D_S_=1-D_P_=4-D_N_=4-D_G_=64-DTIMERUN=0_0_550MHz.prj -g -v -hardware -clock=550MHz -seed=0 -target=de10_agilex:B2E2_8GBx4","family":"Agilex 7, AGFB014R24A3E3VR0, de10_agilex:B2E2_8GBx4","id":1,"name":"aggv2_fpgaG-D_S_=1-D_P_=4-D_N_=4-D_G_=64-DTIMERUN=0_0_550MHz","product":"SYCL","quartus":"21.2.0 Build 72 Pro","time":"Tue Oct 31 15:41:58 2023","version":"2023.2.0 Build 8839871d827d1f178a46fc769b430a6b44b79bef"}]}}