{
    "quartusFitClockSummary"         : {
        "nodes" : [{
            "name"              : "Quartus Fitter: Clock Frequency (MHz)",
            "kernel clock"      : "370.83",
            "kernel clock fmax" : "371.19",
            "clock1x"           : "371.19",
            "details"           : [{
                "text" : "The actual frequency of kernel clock is 370.83 MHz after platform PLL adjustment. The maximum frequency for kernel clock is 371.19 MHz. "
            }],
            "type"              : "system"
        }]
    },
    "quartusFitResourceUsageSummary" : {
        "nodes" : [{
            "type" : "system",
            "id"   : "1000",
            "name" : "Quartus Fitter: Kernel System",
            "alm"  : "116558.6",
            "reg"  : "320300",
            "dsp"  : "0",
            "ram"  : "306",
            "mlab" : "1174"
        },{
            "type" : "kernel",
            "id"   : "1010",
            "name" : "ZTSZZ4mainENKUlRN4sycl3_V17handlerEE0_clES2_E16testInputSrcTask",
            "alm"  : "2937.4",
            "reg"  : "6689",
            "dsp"  : "0",
            "ram"  : "14",
            "mlab" : "91"
        },{
            "type" : "kernel",
            "id"   : "1010",
            "name" : "ZTSZZ4mainENKUlRN4sycl3_V17handlerEE1_clES2_E15MakeUniqueTask0",
            "alm"  : "5301.4",
            "reg"  : "14667",
            "dsp"  : "0",
            "ram"  : "0",
            "mlab" : "106"
        },{
            "type" : "kernel",
            "id"   : "1010",
            "name" : "ZTSZZ4mainENKUlRN4sycl3_V17handlerEE2_clES2_E11MapKeyTask0",
            "alm"  : "56672.0",
            "reg"  : "160899",
            "dsp"  : "0",
            "ram"  : "94",
            "mlab" : "102"
        },{
            "type" : "kernel",
            "id"   : "1010",
            "name" : "ZTSZZ4mainENKUlRN4sycl3_V17handlerEE3_clES2_E19TraiageMappingTask0",
            "alm"  : "16113.2",
            "reg"  : "45615",
            "dsp"  : "0",
            "ram"  : "0",
            "mlab" : "357"
        },{
            "type" : "kernel",
            "id"   : "1010",
            "name" : "ZTSZZ4mainENKUlRN4sycl3_V17handlerEE4_clES2_E14AggregateTask0",
            "alm"  : "11617.2",
            "reg"  : "33336",
            "dsp"  : "0",
            "ram"  : "0",
            "mlab" : "9"
        },{
            "type" : "kernel",
            "id"   : "1010",
            "name" : "ZTSZZ4mainENKUlRN4sycl3_V17handlerEE5_clES2_E21MergeAndAggregateTask",
            "alm"  : "2426.5",
            "reg"  : "5368",
            "dsp"  : "0",
            "ram"  : "0",
            "mlab" : "17"
        },{
            "type" : "kernel",
            "id"   : "1010",
            "name" : "ZTSZZ4mainENKUlRN4sycl3_V17handlerEE6_clES2_E11ReadoutTask",
            "alm"  : "1603.5",
            "reg"  : "3314",
            "dsp"  : "0",
            "ram"  : "0",
            "mlab" : "45"
        },{
            "type" : "kernel",
            "id"   : "1010",
            "name" : "ZTSZZ4mainENKUlRN4sycl3_V17handlerEE_clES2_E17AggFuncSelectTask",
            "alm"  : "401.8",
            "reg"  : "603",
            "dsp"  : "0",
            "ram"  : "2",
            "mlab" : "10"
        },{
            "type" : "aclsystem",
            "id"   : "1001",
            "name" : "Quartus Fitter: Total Used (Entire System)",
            "alm"  : "195,499",
            "reg"  : "495,120",
            "dsp"  : "0",
            "ram"  : "830"
        }]
    }
}
