{
    "quartusFitClockSummary"         : {
        "nodes" : [{
            "name"              : "Quartus Fitter: Clock Frequency (MHz)",
            "kernel clock"      : "439.00",
            "kernel clock fmax" : "439.00",
            "clock1x"           : "439.00",
            "clock2x"           : "439.00",
            "details"           : [{
                "text" : "The actual frequency of kernel clock is 439.00 MHz after platform PLL adjustment. The maximum frequency for kernel clock is 439.00 MHz. "
            }],
            "type"              : "system"
        }]
    },
    "quartusFitResourceUsageSummary" : {
        "nodes" : [{
            "type" : "system",
            "id"   : "1000",
            "name" : "Quartus Fitter: Kernel System",
            "alm"  : "107391.7",
            "reg"  : "301074",
            "dsp"  : "0",
            "ram"  : "350",
            "mlab" : "1304"
        },{
            "type" : "kernel",
            "id"   : "1010",
            "name" : "ZTSZZ4mainENKUlRN4sycl3_V17handlerEE0_clES2_E15MakeUniqueTask0",
            "alm"  : "11245.1",
            "reg"  : "21413",
            "dsp"  : "0",
            "ram"  : "0",
            "mlab" : "244"
        },{
            "type" : "kernel",
            "id"   : "1010",
            "name" : "ZTSZZ4mainENKUlRN4sycl3_V17handlerEE1_clES2_E11MapKeyTask0",
            "alm"  : "48594.1",
            "reg"  : "155960",
            "dsp"  : "0",
            "ram"  : "113",
            "mlab" : "1"
        },{
            "type" : "kernel",
            "id"   : "1010",
            "name" : "ZTSZZ4mainENKUlRN4sycl3_V17handlerEE2_clES2_E19TraiageMappingTask0",
            "alm"  : "15581.9",
            "reg"  : "46108",
            "dsp"  : "0",
            "ram"  : "0",
            "mlab" : "362"
        },{
            "type" : "kernel",
            "id"   : "1010",
            "name" : "ZTSZZ4mainENKUlRN4sycl3_V17handlerEE3_clES2_E14AggregateTask0",
            "alm"  : "8358.7",
            "reg"  : "25072",
            "dsp"  : "0",
            "ram"  : "0",
            "mlab" : "9"
        },{
            "type" : "kernel",
            "id"   : "1010",
            "name" : "ZTSZZ4mainENKUlRN4sycl3_V17handlerEE4_clES2_E21MergeAndAggregateTask",
            "alm"  : "2972.7",
            "reg"  : "5457",
            "dsp"  : "0",
            "ram"  : "0",
            "mlab" : "15"
        },{
            "type" : "kernel",
            "id"   : "1010",
            "name" : "ZTSZZ4mainENKUlRN4sycl3_V17handlerEE5_clES2_E11ReadoutTask",
            "alm"  : "1395.3",
            "reg"  : "2880",
            "dsp"  : "0",
            "ram"  : "0",
            "mlab" : "37"
        },{
            "type" : "kernel",
            "id"   : "1010",
            "name" : "ZTSZZ4mainENKUlRN4sycl3_V17handlerEE_clES2_E16testInputSrcTask",
            "alm"  : "4936.6",
            "reg"  : "11697",
            "dsp"  : "0",
            "ram"  : "52",
            "mlab" : "109"
        },{
            "type" : "aclsystem",
            "id"   : "1001",
            "name" : "Quartus Fitter: Total Used (Entire System)",
            "alm"  : "338,572",
            "reg"  : "714,771",
            "dsp"  : "0",
            "ram"  : "1,368"
        }]
    }
}
