{"compileInfo":{"nodes":[{"command":"aoc -o /tmp/main-a28cd8-6040c8.aocx /tmp/icpx-d14c50/main-8a2f26-e4e8c8.spv -sycl -dep-files=/tmp/icpx-d14c50/main-fb77d6.d -output-report-folder=build/agg_v2_1_1_fpgaG-D_S_=1-D_P_=4-D_N_=4-D_G_=64-DTIMERUN=0_2_650MHz.prj -g -v -hardware -clock=650MHz -seed=2 -target=/ofs_install/ofs/n6001/2023.1/oneapi-asp/n6001:ofs_n6001","family":"Agilex 7, AGFB014R24A3E3VR0, ofs_n6001_shim:ofs_n6001","id":1,"name":"agg_v2_1_1_fpgaG-D_S_=1-D_P_=4-D_N_=4-D_G_=64-DTIMERUN=0_2_650MHz","product":"SYCL","quartus":"23.1.0 Build 115 Pro","time":"Wed Nov 15 10:42:36 2023","version":"2023.2.0 Build 4869f1a04d0a1423314a5e6aee7a5aa5589655f6"}]}}