{
  "name":"loop_attributes"
  , "id":26051
  , "nodes":
  [
    {
      "name":"MakeUniqueTask0"
      , "id":2
      , "clk":"Yes"
      , "fmax":"650.00"
      , "type":"kernel"
      , "children":
      [
        {
          "name":"MakeUniqueTask0.B0"
          , "id":17
          , "af":"650.00"
          , "br":"0"
          , "ci":"0"
          , "fo":"Disabled"
          , "ii":"1"
          , "ll":"1"
          , "lllt":"2.000000"
          , "lt":"2.000000"
          , "mi":"n/a"
          , "pl":"Yes"
          , "tc":"0"
          , "tn":"1"
          , "type":"bb"
        }
        , {
          "name":"MakeUniqueTask0.B1"
          , "id":18
          , "af":"650.00"
          , "br":"0"
          , "ci":"0"
          , "fo":"Enabled"
          , "ii":"1"
          , "ll":"1"
          , "lllt":"17.000000"
          , "lt":"17.000000"
          , "mi":"1"
          , "pl":"Yes"
          , "tc":"0"
          , "tn":"1"
          , "details":
          [
            {
              "type":"text"
              , "text":"Hyper-Optimized loop structure: enabled."
            }
          ]
          , "debug":
          [
            [
              {
                "filename":"/home/wkrska/Aggregation/jamesBenchmark/agg-hls/./stages.h"
                , "line":25
              }
            ]
          ]
          , "type":"loop"
        }
      ]
    }
    , {
      "name":"MapKeyTask0"
      , "id":3
      , "clk":"Yes"
      , "fmax":"650.00"
      , "type":"kernel"
      , "children":
      [
        {
          "name":"MapKeyTask0.B0"
          , "id":19
          , "af":"650.00"
          , "br":"0"
          , "ci":"0"
          , "fo":"Disabled"
          , "ii":"1"
          , "ll":"1"
          , "lllt":"2.000000"
          , "lt":"2.000000"
          , "mi":"n/a"
          , "pl":"Yes"
          , "tc":"0"
          , "tn":"1"
          , "type":"bb"
        }
        , {
          "name":"MapKeyTask0.B1"
          , "id":20
          , "af":"650.00"
          , "br":"0"
          , "ci":"0"
          , "fo":"Enabled"
          , "ii":"1"
          , "ll":"1"
          , "lllt":"205.000000"
          , "lt":"205.000000"
          , "mi":"1"
          , "pl":"Yes"
          , "tc":"0"
          , "tn":"1"
          , "details":
          [
            {
              "type":"text"
              , "text":"Hyper-Optimized loop structure: enabled."
            }
          ]
          , "debug":
          [
            [
              {
                "filename":"/home/wkrska/Aggregation/jamesBenchmark/agg-hls/./stages.h"
                , "line":53
              }
            ]
          ]
          , "type":"loop"
        }
      ]
    }
    , {
      "name":"TraiageMappingTask0"
      , "id":4
      , "clk":"Yes"
      , "fmax":"650.00"
      , "type":"kernel"
      , "children":
      [
        {
          "name":"TraiageMappingTask0.B0"
          , "id":21
          , "af":"650.00"
          , "br":"0"
          , "ci":"0"
          , "fo":"Disabled"
          , "ii":"1"
          , "ll":"1"
          , "lllt":"2.000000"
          , "lt":"2.000000"
          , "mi":"n/a"
          , "pl":"Yes"
          , "tc":"0"
          , "tn":"1"
          , "type":"bb"
        }
        , {
          "name":"TraiageMappingTask0.B1"
          , "id":22
          , "af":"650.00"
          , "br":"0"
          , "ci":"0"
          , "fo":"Enabled"
          , "ii":"1"
          , "ll":"1"
          , "lllt":"16.000000"
          , "lt":"12.000000"
          , "mi":"1"
          , "pl":"Yes"
          , "tc":"0"
          , "tn":"1"
          , "details":
          [
            {
              "type":"text"
              , "text":"Hyper-Optimized loop structure: enabled."
            }
          ]
          , "debug":
          [
            [
              {
                "filename":"/home/wkrska/Aggregation/jamesBenchmark/agg-hls/./stages.h"
                , "line":97
              }
            ]
          ]
          , "type":"loop"
          , "children":
          [
            {
              "name":"TraiageMappingTask0.B2"
              , "id":23
              , "af":"650.00"
              , "br":"0"
              , "ci":"0"
              , "fo":"Enabled"
              , "ii":"1"
              , "ll":"2"
              , "lllt":"9.000000"
              , "lt":"9.000000"
              , "mi":"1"
              , "pl":"Yes"
              , "tc":"4"
              , "tn":"1"
              , "details":
              [
                {
                  "type":"text"
                  , "text":"Hyper-Optimized loop structure: enabled."
                }
              ]
              , "debug":
              [
                [
                  {
                    "filename":"/home/wkrska/Aggregation/jamesBenchmark/agg-hls/./stages.h"
                    , "line":103
                  }
                ]
              ]
              , "type":"loop"
              , "children":
              [
                {
                  "name":"TraiageMappingTask0.B5"
                  , "id":26
                  , "af":"650.00"
                  , "br":"1"
                  , "ci":"0"
                  , "fo":"Disabled"
                  , "ii":"1"
                  , "ll":"3"
                  , "lllt":"7.000000"
                  , "lt":"7.000000"
                  , "mi":"1"
                  , "pl":"Yes"
                  , "tc":"4"
                  , "tn":"1"
                  , "details":
                  [
                    {
                      "type":"text"
                      , "text":"Hyper-Optimized loop structure: disabled."
                      , "details":
                      [
                        {
                          "type":"text"
                          , "text":"Hyper-Optimized loop structure is disabled due to compressed push-pop"
                        }
                      ]
                    }
                  ]
                  , "debug":
                  [
                    [
                      {
                        "filename":"/home/wkrska/Aggregation/jamesBenchmark/agg-hls/./stages.h"
                        , "line":104
                      }
                    ]
                  ]
                  , "type":"loop"
                }
              ]
            }
            , {
              "name":"TraiageMappingTask0.B4"
              , "id":25
              , "af":"650.00"
              , "br":"1"
              , "ci":"0"
              , "fo":"Disabled"
              , "ii":"1"
              , "ll":"2"
              , "lllt":"0.000000"
              , "lt":"0.000000"
              , "mi":"n/a"
              , "pl":"Yes"
              , "tc":"4"
              , "tn":"1"
              , "type":"latch"
            }
          ]
        }
        , {
          "name":"TraiageMappingTask0.B3"
          , "id":24
          , "af":"650.00"
          , "br":"0"
          , "ci":"0"
          , "fo":"Disabled"
          , "ii":"1"
          , "ll":"1"
          , "lllt":"4.000000"
          , "lt":"4.000000"
          , "mi":"n/a"
          , "pl":"Yes"
          , "tc":"0"
          , "tn":"1"
          , "type":"latch"
        }
      ]
    }
    , {
      "name":"AggregateTask0"
      , "id":5
      , "clk":"Yes"
      , "fmax":"650.00"
      , "type":"kernel"
      , "children":
      [
        {
          "name":"AggregateTask0.B0"
          , "id":27
          , "af":"650.00"
          , "br":"0"
          , "ci":"0"
          , "fo":"Disabled"
          , "ii":"1"
          , "ll":"1"
          , "lllt":"2.000000"
          , "lt":"2.000000"
          , "mi":"n/a"
          , "pl":"Yes"
          , "tc":"0"
          , "tn":"1"
          , "type":"bb"
        }
        , {
          "name":"AggregateTask0.B2"
          , "id":29
          , "af":"650.00"
          , "br":"0"
          , "ci":"0"
          , "fo":"Disabled"
          , "ii":"n/a"
          , "ll":"1"
          , "lllt":"6.000000"
          , "lt":"6.000000"
          , "mi":"1"
          , "pl":"No"
          , "tc":"0"
          , "tn":"1"
          , "details":
          [
            {
              "type":"text"
              , "text":"Hyper-Optimized loop structure: disabled."
              , "details":
              [
                {
                  "type":"text"
                  , "text":"Hyper-Optimized loop structure is disabled due to loop not pipelined"
                }
              ]
            }
          ]
          , "debug":
          [
            [
              {
                "filename":"/home/wkrska/Aggregation/jamesBenchmark/agg-hls/./stages.h"
                , "line":139
              }
            ]
          ]
          , "type":"loop"
          , "children":
          [
            {
              "name":"AggregateTask0.B3"
              , "id":30
              , "af":"650.00"
              , "br":"1"
              , "ci":"0"
              , "fo":"Disabled"
              , "ii":"n/a"
              , "ll":"2"
              , "lllt":"7.000000"
              , "lt":"7.000000"
              , "mi":"1"
              , "pl":"No"
              , "tc":"64"
              , "tn":"1"
              , "details":
              [
                {
                  "type":"text"
                  , "text":"Hyper-Optimized loop structure: disabled."
                  , "details":
                  [
                    {
                      "type":"text"
                      , "text":"Hyper-Optimized loop structure is disabled due to loop not pipelined"
                    }
                  ]
                }
              ]
              , "debug":
              [
                [
                  {
                    "filename":"/home/wkrska/Aggregation/jamesBenchmark/agg-hls/./core.h"
                    , "line":206
                  }
                ]
              ]
              , "type":"loop"
            }
            , {
              "name":"AggregateTask0.B4"
              , "id":31
              , "af":"650.00"
              , "br":"0"
              , "ci":"0"
              , "fo":"Disabled"
              , "ii":"1"
              , "ll":"2"
              , "lllt":"0.000000"
              , "lt":"0.000000"
              , "mi":"n/a"
              , "pl":"Yes"
              , "tc":"0"
              , "tn":"1"
              , "type":"bb"
            }
            , {
              "name":"AggregateTask0.B6"
              , "id":33
              , "af":"585.00"
              , "br":"1"
              , "ci":"0"
              , "fo":"Enabled"
              , "ii":"1"
              , "ll":"2"
              , "lllt":"9.000000"
              , "lt":"9.000000"
              , "mi":"1"
              , "pl":"Yes"
              , "tc":"0"
              , "tn":"1"
              , "details":
              [
                {
                  "type":"text"
                  , "text":"Hyper-Optimized loop structure: enabled."
                }
              ]
              , "debug":
              [
                [
                  {
                    "filename":"/home/wkrska/Aggregation/jamesBenchmark/agg-hls/./stages.h"
                    , "line":148
                  }
                ]
              ]
              , "type":"loop"
            }
            , {
              "name":"AggregateTask0.B5"
              , "id":32
              , "af":"650.00"
              , "br":"0"
              , "ci":"0"
              , "fo":"Disabled"
              , "ii":"1"
              , "ll":"2"
              , "lllt":"0.000000"
              , "lt":"0.000000"
              , "mi":"n/a"
              , "pl":"Yes"
              , "tc":"0"
              , "tn":"1"
              , "type":"bb"
            }
            , {
              "name":"AggregateTask0.B7"
              , "id":34
              , "af":"650.00"
              , "br":"0"
              , "ci":"0"
              , "fo":"Disabled"
              , "ii":"n/a"
              , "ll":"2"
              , "lllt":"20.000000"
              , "lt":"14.000000"
              , "mi":"1"
              , "pl":"No"
              , "tc":"64"
              , "tn":"1"
              , "details":
              [
                {
                  "type":"text"
                  , "text":"Hyper-Optimized loop structure: disabled."
                  , "details":
                  [
                    {
                      "type":"text"
                      , "text":"Hyper-Optimized loop structure is disabled due to loop not pipelined"
                    }
                  ]
                }
              ]
              , "debug":
              [
                [
                  {
                    "filename":"/home/wkrska/Aggregation/jamesBenchmark/agg-hls/./stages.h"
                    , "line":139
                  }
                ]
              ]
              , "type":"loop"
              , "children":
              [
                {
                  "name":"AggregateTask0.B9"
                  , "id":36
                  , "af":"650.00"
                  , "br":"1"
                  , "ci":"0"
                  , "fo":"Disabled"
                  , "ii":"n/a"
                  , "ll":"3"
                  , "lllt":"6.000000"
                  , "lt":"6.000000"
                  , "mi":"1"
                  , "pl":"No"
                  , "tc":"4"
                  , "tn":"1"
                  , "details":
                  [
                    {
                      "type":"text"
                      , "text":"Hyper-Optimized loop structure: disabled."
                      , "details":
                      [
                        {
                          "type":"text"
                          , "text":"Hyper-Optimized loop structure is disabled due to loop not pipelined"
                        }
                      ]
                    }
                  ]
                  , "debug":
                  [
                    [
                      {
                        "filename":"/home/wkrska/Aggregation/jamesBenchmark/agg-hls/./stages.h"
                        , "line":183
                      }
                    ]
                  ]
                  , "type":"loop"
                }
              ]
            }
            , {
              "name":"AggregateTask0.B8"
              , "id":35
              , "af":"650.00"
              , "br":"1"
              , "ci":"0"
              , "fo":"Disabled"
              , "ii":"1"
              , "ll":"2"
              , "lllt":"6.000000"
              , "lt":"6.000000"
              , "mi":"n/a"
              , "pl":"Yes"
              , "tc":"64"
              , "tn":"1"
              , "type":"latch"
            }
          ]
        }
        , {
          "name":"AggregateTask0.B1"
          , "id":28
          , "af":"650.00"
          , "br":"0"
          , "ci":"0"
          , "fo":"Disabled"
          , "ii":"1"
          , "ll":"1"
          , "lllt":"0.000000"
          , "lt":"0.000000"
          , "mi":"n/a"
          , "pl":"Yes"
          , "tc":"0"
          , "tn":"1"
          , "type":"latch"
        }
      ]
    }
    , {
      "name":"MergeAndAggregateTask"
      , "id":6
      , "clk":"Yes"
      , "fmax":"650.00"
      , "type":"kernel"
      , "children":
      [
        {
          "name":"MergeAndAggregateTask.B0"
          , "id":37
          , "af":"650.00"
          , "br":"0"
          , "ci":"0"
          , "fo":"Disabled"
          , "ii":"1"
          , "ll":"1"
          , "lllt":"2.000000"
          , "lt":"2.000000"
          , "mi":"n/a"
          , "pl":"Yes"
          , "tc":"0"
          , "tn":"1"
          , "type":"bb"
        }
        , {
          "name":"MergeAndAggregateTask.B2"
          , "id":39
          , "af":"650.00"
          , "br":"0"
          , "ci":"0"
          , "fo":"Disabled"
          , "ii":"n/a"
          , "ll":"1"
          , "lllt":"0.000000"
          , "lt":"0.000000"
          , "mi":"1"
          , "pl":"No"
          , "tc":"0"
          , "tn":"1"
          , "details":
          [
            {
              "type":"text"
              , "text":"Hyper-Optimized loop structure: disabled."
              , "details":
              [
                {
                  "type":"text"
                  , "text":"Hyper-Optimized loop structure is disabled due to loop not pipelined"
                }
              ]
            }
          ]
          , "debug":
          [
            [
              {
                "filename":"/home/wkrska/Aggregation/jamesBenchmark/agg-hls/./stages.h"
                , "line":233
              }
            ]
          ]
          , "type":"loop"
          , "children":
          [
            {
              "name":"MergeAndAggregateTask.B4"
              , "id":41
              , "af":"650.00"
              , "br":"1"
              , "ci":"0"
              , "fo":"Disabled"
              , "ii":"n/a"
              , "ll":"2"
              , "lllt":"7.000000"
              , "lt":"7.000000"
              , "mi":"1"
              , "pl":"No"
              , "tc":"128"
              , "tn":"1"
              , "details":
              [
                {
                  "type":"text"
                  , "text":"Hyper-Optimized loop structure: disabled."
                  , "details":
                  [
                    {
                      "type":"text"
                      , "text":"Hyper-Optimized loop structure is disabled due to loop not pipelined"
                    }
                  ]
                }
              ]
              , "debug":
              [
                [
                  {
                    "filename":"/home/wkrska/Aggregation/jamesBenchmark/agg-hls/./stages.h"
                    , "line":234
                  }
                ]
              ]
              , "type":"loop"
            }
            , {
              "name":"MergeAndAggregateTask.B3"
              , "id":40
              , "af":"650.00"
              , "br":"0"
              , "ci":"0"
              , "fo":"Disabled"
              , "ii":"1"
              , "ll":"2"
              , "lllt":"0.000000"
              , "lt":"0.000000"
              , "mi":"n/a"
              , "pl":"Yes"
              , "tc":"0"
              , "tn":"1"
              , "type":"bb"
            }
            , {
              "name":"MergeAndAggregateTask.B6"
              , "id":43
              , "af":"650.00"
              , "br":"0"
              , "ci":"0"
              , "fo":"Disabled"
              , "ii":"n/a"
              , "ll":"2"
              , "lllt":"13.000000"
              , "lt":"7.000000"
              , "mi":"1"
              , "pl":"No"
              , "tc":"0"
              , "tn":"1"
              , "details":
              [
                {
                  "type":"text"
                  , "text":"Hyper-Optimized loop structure: disabled."
                  , "details":
                  [
                    {
                      "type":"text"
                      , "text":"Hyper-Optimized loop structure is disabled due to loop not pipelined"
                    }
                  ]
                }
              ]
              , "debug":
              [
                [
                  {
                    "filename":"/home/wkrska/Aggregation/jamesBenchmark/agg-hls/./stages.h"
                    , "line":245
                  }
                ]
              ]
              , "type":"loop"
              , "children":
              [
                {
                  "name":"MergeAndAggregateTask.B7"
                  , "id":44
                  , "af":"650.00"
                  , "br":"0"
                  , "ci":"0"
                  , "fo":"Disabled"
                  , "ii":"n/a"
                  , "ll":"3"
                  , "lllt":"12.000000"
                  , "lt":"6.000000"
                  , "mi":"1"
                  , "pl":"No"
                  , "tc":"4"
                  , "tn":"1"
                  , "details":
                  [
                    {
                      "type":"text"
                      , "text":"Hyper-Optimized loop structure: disabled."
                      , "details":
                      [
                        {
                          "type":"text"
                          , "text":"Hyper-Optimized loop structure is disabled due to loop not pipelined"
                        }
                      ]
                    }
                  ]
                  , "debug":
                  [
                    [
                      {
                        "filename":"/home/wkrska/Aggregation/jamesBenchmark/agg-hls/./stages.h"
                        , "line":247
                      }
                    ]
                  ]
                  , "type":"loop"
                  , "children":
                  [
                    {
                      "name":"MergeAndAggregateTask.B10"
                      , "id":47
                      , "af":"650.00"
                      , "br":"0"
                      , "ci":"0"
                      , "fo":"Disabled"
                      , "ii":"n/a"
                      , "ll":"4"
                      , "lllt":"19.000000"
                      , "lt":"7.000000"
                      , "mi":"1"
                      , "pl":"No"
                      , "tc":"4"
                      , "tn":"1"
                      , "details":
                      [
                        {
                          "type":"text"
                          , "text":"Hyper-Optimized loop structure: disabled."
                          , "details":
                          [
                            {
                              "type":"text"
                              , "text":"Hyper-Optimized loop structure is disabled due to loop not pipelined"
                            }
                          ]
                        }
                      ]
                      , "debug":
                      [
                        [
                          {
                            "filename":"/home/wkrska/Aggregation/jamesBenchmark/agg-hls/./stages.h"
                            , "line":279
                          }
                        ]
                      ]
                      , "type":"loop"
                      , "children":
                      [
                        {
                          "name":"MergeAndAggregateTask.B11"
                          , "id":48
                          , "af":"650.00"
                          , "br":"1"
                          , "ci":"0"
                          , "fo":"Disabled"
                          , "ii":"n/a"
                          , "ll":"5"
                          , "lllt":"17.000000"
                          , "lt":"17.000000"
                          , "mi":"1"
                          , "pl":"No"
                          , "tc":"0"
                          , "tn":"1"
                          , "details":
                          [
                            {
                              "type":"text"
                              , "text":"Hyper-Optimized loop structure: disabled."
                              , "details":
                              [
                                {
                                  "type":"text"
                                  , "text":"Hyper-Optimized loop structure is disabled due to loop not pipelined"
                                }
                              ]
                            }
                          ]
                          , "debug":
                          [
                            [
                              {
                                "filename":"/home/wkrska/Aggregation/jamesBenchmark/agg-hls/./stages.h"
                                , "line":194
                              }
                            ]
                          ]
                          , "type":"loop"
                        }
                      ]
                    }
                    , {
                      "name":"MergeAndAggregateTask.B18"
                      , "id":55
                      , "af":"650.00"
                      , "br":"1"
                      , "ci":"0"
                      , "fo":"Disabled"
                      , "ii":"1"
                      , "ll":"4"
                      , "lllt":"12.000000"
                      , "lt":"12.000000"
                      , "mi":"n/a"
                      , "pl":"Yes"
                      , "tc":"4"
                      , "tn":"1"
                      , "type":"latch"
                    }
                  ]
                }
                , {
                  "name":"MergeAndAggregateTask.B9"
                  , "id":46
                  , "af":"650.00"
                  , "br":"1"
                  , "ci":"0"
                  , "fo":"Disabled"
                  , "ii":"1"
                  , "ll":"3"
                  , "lllt":"6.000000"
                  , "lt":"6.000000"
                  , "mi":"n/a"
                  , "pl":"Yes"
                  , "tc":"4"
                  , "tn":"1"
                  , "type":"latch"
                }
              ]
            }
            , {
              "name":"MergeAndAggregateTask.B8"
              , "id":45
              , "af":"650.00"
              , "br":"1"
              , "ci":"0"
              , "fo":"Disabled"
              , "ii":"1"
              , "ll":"2"
              , "lllt":"6.000000"
              , "lt":"6.000000"
              , "mi":"n/a"
              , "pl":"Yes"
              , "tc":"0"
              , "tn":"1"
              , "type":"latch"
            }
            , {
              "name":"MergeAndAggregateTask.B5"
              , "id":42
              , "af":"650.00"
              , "br":"0"
              , "ci":"0"
              , "fo":"Disabled"
              , "ii":"1"
              , "ll":"2"
              , "lllt":"0.000000"
              , "lt":"0.000000"
              , "mi":"n/a"
              , "pl":"Yes"
              , "tc":"0"
              , "tn":"1"
              , "type":"bb"
            }
            , {
              "name":"MergeAndAggregateTask.B13"
              , "id":50
              , "af":"650.00"
              , "br":"0"
              , "ci":"0"
              , "fo":"Disabled"
              , "ii":"n/a"
              , "ll":"2"
              , "lllt":"12.000000"
              , "lt":"6.000000"
              , "mi":"1"
              , "pl":"No"
              , "tc":"4"
              , "tn":"1"
              , "details":
              [
                {
                  "type":"text"
                  , "text":"Hyper-Optimized loop structure: disabled."
                  , "details":
                  [
                    {
                      "type":"text"
                      , "text":"Hyper-Optimized loop structure is disabled due to loop not pipelined"
                    }
                  ]
                }
              ]
              , "debug":
              [
                [
                  {
                    "filename":"/home/wkrska/Aggregation/jamesBenchmark/agg-hls/./stages.h"
                    , "line":297
                  }
                ]
              ]
              , "type":"loop"
              , "children":
              [
                {
                  "name":"MergeAndAggregateTask.B14"
                  , "id":51
                  , "af":"650.00"
                  , "br":"0"
                  , "ci":"0"
                  , "fo":"Disabled"
                  , "ii":"n/a"
                  , "ll":"3"
                  , "lllt":"18.000000"
                  , "lt":"6.000000"
                  , "mi":"1"
                  , "pl":"No"
                  , "tc":"64"
                  , "tn":"1"
                  , "details":
                  [
                    {
                      "type":"text"
                      , "text":"Hyper-Optimized loop structure: disabled."
                      , "details":
                      [
                        {
                          "type":"text"
                          , "text":"Hyper-Optimized loop structure is disabled due to loop not pipelined"
                        }
                      ]
                    }
                  ]
                  , "debug":
                  [
                    [
                      {
                        "filename":"/home/wkrska/Aggregation/jamesBenchmark/agg-hls/./stages.h"
                        , "line":298
                      }
                    ]
                  ]
                  , "type":"loop"
                  , "children":
                  [
                    {
                      "name":"MergeAndAggregateTask.B16"
                      , "id":53
                      , "af":"650.00"
                      , "br":"1"
                      , "ci":"0"
                      , "fo":"Disabled"
                      , "ii":"n/a"
                      , "ll":"4"
                      , "lllt":"17.000000"
                      , "lt":"17.000000"
                      , "mi":"1"
                      , "pl":"No"
                      , "tc":"0"
                      , "tn":"1"
                      , "details":
                      [
                        {
                          "type":"text"
                          , "text":"Hyper-Optimized loop structure: disabled."
                          , "details":
                          [
                            {
                              "type":"text"
                              , "text":"Hyper-Optimized loop structure is disabled due to loop not pipelined"
                            }
                          ]
                        }
                      ]
                      , "debug":
                      [
                        [
                          {
                            "filename":"/home/wkrska/Aggregation/jamesBenchmark/agg-hls/./stages.h"
                            , "line":194
                          }
                        ]
                      ]
                      , "type":"loop"
                    }
                  ]
                }
                , {
                  "name":"MergeAndAggregateTask.B19"
                  , "id":56
                  , "af":"650.00"
                  , "br":"1"
                  , "ci":"0"
                  , "fo":"Disabled"
                  , "ii":"1"
                  , "ll":"3"
                  , "lllt":"12.000000"
                  , "lt":"12.000000"
                  , "mi":"n/a"
                  , "pl":"Yes"
                  , "tc":"64"
                  , "tn":"1"
                  , "type":"latch"
                }
              ]
            }
            , {
              "name":"MergeAndAggregateTask.B15"
              , "id":52
              , "af":"650.00"
              , "br":"1"
              , "ci":"0"
              , "fo":"Disabled"
              , "ii":"1"
              , "ll":"2"
              , "lllt":"6.000000"
              , "lt":"6.000000"
              , "mi":"n/a"
              , "pl":"Yes"
              , "tc":"4"
              , "tn":"1"
              , "type":"latch"
            }
            , {
              "name":"MergeAndAggregateTask.B12"
              , "id":49
              , "af":"650.00"
              , "br":"0"
              , "ci":"0"
              , "fo":"Disabled"
              , "ii":"1"
              , "ll":"2"
              , "lllt":"0.000000"
              , "lt":"0.000000"
              , "mi":"n/a"
              , "pl":"Yes"
              , "tc":"0"
              , "tn":"1"
              , "type":"bb"
            }
            , {
              "name":"MergeAndAggregateTask.B17"
              , "id":54
              , "af":"650.00"
              , "br":"1"
              , "ci":"0"
              , "fo":"Enabled"
              , "ii":"1"
              , "ll":"2"
              , "lllt":"13.000000"
              , "lt":"13.000000"
              , "mi":"1"
              , "pl":"Yes"
              , "tc":"128"
              , "tn":"1"
              , "details":
              [
                {
                  "type":"text"
                  , "text":"Hyper-Optimized loop structure: enabled."
                }
              ]
              , "debug":
              [
                [
                  {
                    "filename":"/home/wkrska/Aggregation/jamesBenchmark/agg-hls/./stages.h"
                    , "line":233
                  }
                ]
              ]
              , "type":"loop"
            }
          ]
        }
        , {
          "name":"MergeAndAggregateTask.B1"
          , "id":38
          , "af":"650.00"
          , "br":"0"
          , "ci":"0"
          , "fo":"Disabled"
          , "ii":"1"
          , "ll":"1"
          , "lllt":"0.000000"
          , "lt":"0.000000"
          , "mi":"n/a"
          , "pl":"Yes"
          , "tc":"0"
          , "tn":"1"
          , "type":"latch"
        }
      ]
    }
    , {
      "name":"ReadoutTask"
      , "id":7
      , "clk":"Yes"
      , "fmax":"650.00"
      , "type":"kernel"
      , "children":
      [
        {
          "name":"ReadoutTask.B0"
          , "id":57
          , "af":"650.00"
          , "br":"0"
          , "ci":"0"
          , "fo":"Disabled"
          , "ii":"1"
          , "ll":"1"
          , "lllt":"2.000000"
          , "lt":"2.000000"
          , "mi":"n/a"
          , "pl":"Yes"
          , "tc":"0"
          , "tn":"1"
          , "limiter":"1"
          , "ld":"2"
          , "le":"ReadoutTask.B4"
          , "type":"bb"
        }
        , {
          "name":"ReadoutTask.B1"
          , "id":58
          , "af":"650.00"
          , "br":"0"
          , "ci":"0"
          , "fo":"Enabled"
          , "ii":"2"
          , "ll":"1"
          , "lllt":"8.000000"
          , "lt":"8.000000"
          , "mi":"1"
          , "pl":"Yes"
          , "tc":"8"
          , "tn":"1"
          , "details":
          [
            {
              "type":"text"
              , "text":"Hyper-Optimized loop structure: enabled."
            }
          ]
          , "debug":
          [
            [
              {
                "filename":"/home/wkrska/Aggregation/jamesBenchmark/agg-hls/main.cpp"
                , "line":367
              }
            ]
          ]
          , "type":"loop"
          , "children":
          [
            {
              "name":"ReadoutTask.B3"
              , "id":60
              , "af":"650.00"
              , "br":"1"
              , "ci":"0"
              , "fo":"Enabled"
              , "ii":"1"
              , "ll":"2"
              , "lllt":"21.000000"
              , "lt":"21.000000"
              , "mi":"1"
              , "pl":"Yes"
              , "tc":"128"
              , "tn":"1"
              , "details":
              [
                {
                  "type":"text"
                  , "text":"Hyper-Optimized loop structure: enabled."
                }
              ]
              , "debug":
              [
                [
                  {
                    "filename":"/home/wkrska/Aggregation/jamesBenchmark/agg-hls/main.cpp"
                    , "line":370
                  }
                ]
              ]
              , "type":"loop"
            }
          ]
        }
        , {
          "name":"ReadoutTask.B2"
          , "id":59
          , "af":"650.00"
          , "br":"1"
          , "ci":"0"
          , "fo":"Disabled"
          , "ii":"1"
          , "ll":"1"
          , "lllt":"0.000000"
          , "lt":"0.000000"
          , "mi":"n/a"
          , "pl":"Yes"
          , "tc":"8"
          , "tn":"1"
          , "type":"latch"
        }
        , {
          "name":"ReadoutTask.B4"
          , "id":61
          , "af":"650.00"
          , "br":"0"
          , "ci":"0"
          , "fo":"Disabled"
          , "ii":"1"
          , "ll":"1"
          , "lllt":"1.000000"
          , "lt":"1.000000"
          , "mi":"n/a"
          , "pl":"Yes"
          , "tc":"0"
          , "tn":"1"
          , "type":"bb"
        }
      ]
    }
    , {
      "name":"testInputSrcTask"
      , "id":1
      , "clk":"Yes"
      , "fmax":"650.00"
      , "type":"kernel"
      , "children":
      [
        {
          "name":"testInputSrcTask.B0"
          , "id":8
          , "af":"650.00"
          , "br":"0"
          , "ci":"0"
          , "fo":"Disabled"
          , "ii":"1"
          , "ll":"1"
          , "lllt":"2.000000"
          , "lt":"2.000000"
          , "mi":"n/a"
          , "pl":"Yes"
          , "tc":"0"
          , "tn":"1"
          , "limiter":"1"
          , "ld":"2"
          , "le":"testInputSrcTask.B8"
          , "type":"bb"
        }
        , {
          "name":"testInputSrcTask.B1"
          , "id":9
          , "af":"650.00"
          , "br":"0"
          , "ci":"0"
          , "fo":"Enabled"
          , "ii":"1"
          , "ll":"1"
          , "lllt":"8.000000"
          , "lt":"8.000000"
          , "mi":"1"
          , "pl":"Yes"
          , "tc":"8"
          , "tn":"1"
          , "details":
          [
            {
              "type":"text"
              , "text":"Hyper-Optimized loop structure: enabled."
            }
          ]
          , "debug":
          [
            [
              {
                "filename":"/home/wkrska/Aggregation/jamesBenchmark/agg-hls/main.cpp"
                , "line":168
              }
            ]
          ]
          , "type":"loop"
          , "children":
          [
            {
              "name":"testInputSrcTask.B2"
              , "id":10
              , "af":"650.00"
              , "br":"0"
              , "ci":"0"
              , "fo":"Enabled"
              , "ii":"2"
              , "ll":"2"
              , "lllt":"15.000000"
              , "lt":"11.000000"
              , "mi":"1"
              , "pl":"Yes"
              , "tc":"65536"
              , "tn":"1"
              , "details":
              [
                {
                  "type":"text"
                  , "text":"Hyper-Optimized loop structure: enabled."
                }
              ]
              , "debug":
              [
                [
                  {
                    "filename":"/home/wkrska/Aggregation/jamesBenchmark/agg-hls/main.cpp"
                    , "line":169
                  }
                ]
              ]
              , "type":"loop"
              , "children":
              [
                {
                  "name":"testInputSrcTask.B4"
                  , "id":12
                  , "af":"650.00"
                  , "br":"0"
                  , "ci":"0"
                  , "fo":"Enabled"
                  , "ii":"2"
                  , "ll":"3"
                  , "lllt":"11.000000"
                  , "lt":"11.000000"
                  , "mi":"1"
                  , "pl":"Yes"
                  , "tc":"4"
                  , "tn":"1"
                  , "details":
                  [
                    {
                      "type":"text"
                      , "text":"Hyper-Optimized loop structure: enabled."
                    }
                  ]
                  , "debug":
                  [
                    [
                      {
                        "filename":"/home/wkrska/Aggregation/jamesBenchmark/agg-hls/main.cpp"
                        , "line":172
                      }
                    ]
                  ]
                  , "type":"loop"
                  , "children":
                  [
                    {
                      "name":"testInputSrcTask.B6"
                      , "id":14
                      , "af":"650.00"
                      , "br":"1"
                      , "ci":"0"
                      , "fo":"Disabled"
                      , "ii":"1"
                      , "ll":"4"
                      , "lllt":"1060.000000"
                      , "lt":"1060.000000"
                      , "mi":"1"
                      , "pl":"Yes"
                      , "tc":"4"
                      , "tn":"1"
                      , "details":
                      [
                        {
                          "type":"text"
                          , "text":"Hyper-Optimized loop structure: disabled."
                          , "details":
                          [
                            {
                              "type":"text"
                              , "text":"Hyper-Optimized loop structure is disabled due to compressed push-pop"
                            }
                          ]
                        }
                      ]
                      , "debug":
                      [
                        [
                          {
                            "filename":"/home/wkrska/Aggregation/jamesBenchmark/agg-hls/main.cpp"
                            , "line":173
                          }
                        ]
                      ]
                      , "type":"loop"
                    }
                  ]
                }
                , {
                  "name":"testInputSrcTask.B5"
                  , "id":13
                  , "af":"650.00"
                  , "br":"1"
                  , "ci":"0"
                  , "fo":"Disabled"
                  , "ii":"1"
                  , "ll":"3"
                  , "lllt":"0.000000"
                  , "lt":"0.000000"
                  , "mi":"n/a"
                  , "pl":"Yes"
                  , "tc":"4"
                  , "tn":"1"
                  , "type":"latch"
                }
              ]
            }
            , {
              "name":"testInputSrcTask.B7"
              , "id":15
              , "af":"650.00"
              , "br":"1"
              , "ci":"0"
              , "fo":"Disabled"
              , "ii":"1"
              , "ll":"2"
              , "lllt":"4.000000"
              , "lt":"4.000000"
              , "mi":"n/a"
              , "pl":"Yes"
              , "tc":"65536"
              , "tn":"1"
              , "type":"latch"
            }
          ]
        }
        , {
          "name":"testInputSrcTask.B3"
          , "id":11
          , "af":"650.00"
          , "br":"1"
          , "ci":"0"
          , "fo":"Disabled"
          , "ii":"1"
          , "ll":"1"
          , "lllt":"0.000000"
          , "lt":"0.000000"
          , "mi":"n/a"
          , "pl":"Yes"
          , "tc":"8"
          , "tn":"1"
          , "type":"latch"
        }
        , {
          "name":"testInputSrcTask.B8"
          , "id":16
          , "af":"650.00"
          , "br":"0"
          , "ci":"0"
          , "fo":"Disabled"
          , "ii":"1"
          , "ll":"1"
          , "lllt":"1.000000"
          , "lt":"1.000000"
          , "mi":"n/a"
          , "pl":"Yes"
          , "tc":"0"
          , "tn":"1"
          , "type":"bb"
        }
      ]
    }
  ]
}
