{
    "quartusFitClockSummary"         : {
        "nodes" : [{
            "name"              : "Quartus Fitter: Clock Frequency (MHz)",
            "kernel clock"      : "415.00",
            "kernel clock fmax" : "415.00",
            "clock1x"           : "415.00",
            "clock2x"           : "415.00",
            "details"           : [{
                "text" : "The actual frequency of kernel clock is 415.00 MHz after platform PLL adjustment. The maximum frequency for kernel clock is 415.00 MHz. "
            }],
            "type"              : "system"
        }]
    },
    "quartusFitResourceUsageSummary" : {
        "nodes" : [{
            "type" : "system",
            "id"   : "1000",
            "name" : "Quartus Fitter: Kernel System",
            "alm"  : "100946.4",
            "reg"  : "284379",
            "dsp"  : "0",
            "ram"  : "350",
            "mlab" : "1249"
        },{
            "type" : "kernel",
            "id"   : "1010",
            "name" : "ZTSZZ4mainENKUlRN4sycl3_V17handlerEE0_clES2_E15MakeUniqueTask0",
            "alm"  : "6101.8",
            "reg"  : "11662",
            "dsp"  : "0",
            "ram"  : "0",
            "mlab" : "189"
        },{
            "type" : "kernel",
            "id"   : "1010",
            "name" : "ZTSZZ4mainENKUlRN4sycl3_V17handlerEE1_clES2_E11MapKeyTask0",
            "alm"  : "48435.1",
            "reg"  : "155259",
            "dsp"  : "0",
            "ram"  : "113",
            "mlab" : "1"
        },{
            "type" : "kernel",
            "id"   : "1010",
            "name" : "ZTSZZ4mainENKUlRN4sycl3_V17handlerEE2_clES2_E19TraiageMappingTask0",
            "alm"  : "15546.5",
            "reg"  : "46030",
            "dsp"  : "0",
            "ram"  : "0",
            "mlab" : "362"
        },{
            "type" : "kernel",
            "id"   : "1010",
            "name" : "ZTSZZ4mainENKUlRN4sycl3_V17handlerEE3_clES2_E14AggregateTask0",
            "alm"  : "7182.6",
            "reg"  : "19320",
            "dsp"  : "0",
            "ram"  : "0",
            "mlab" : "9"
        },{
            "type" : "kernel",
            "id"   : "1010",
            "name" : "ZTSZZ4mainENKUlRN4sycl3_V17handlerEE4_clES2_E21MergeAndAggregateTask",
            "alm"  : "2682.4",
            "reg"  : "5341",
            "dsp"  : "0",
            "ram"  : "0",
            "mlab" : "15"
        },{
            "type" : "kernel",
            "id"   : "1010",
            "name" : "ZTSZZ4mainENKUlRN4sycl3_V17handlerEE5_clES2_E11ReadoutTask",
            "alm"  : "1389.6",
            "reg"  : "2859",
            "dsp"  : "0",
            "ram"  : "0",
            "mlab" : "37"
        },{
            "type" : "kernel",
            "id"   : "1010",
            "name" : "ZTSZZ4mainENKUlRN4sycl3_V17handlerEE_clES2_E16testInputSrcTask",
            "alm"  : "5035.6",
            "reg"  : "11665",
            "dsp"  : "0",
            "ram"  : "52",
            "mlab" : "109"
        },{
            "type" : "aclsystem",
            "id"   : "1001",
            "name" : "Quartus Fitter: Total Used (Entire System)",
            "alm"  : "332,983",
            "reg"  : "707,837",
            "dsp"  : "0",
            "ram"  : "1,368"
        }]
    }
}
