{
  "bottlenecks":
  [
    {
      "name":"'r'"
      , "id":26136
      , "src":"491"
      , "dst":"493"
      , "type":"fMAX/II"
      , "brief":"Data dependency"
      , "loop":"testInputSrcTask.B1"
      , "details":
      [
        {
          "type":"table"
          , "Variable on critical loop carried feedback path: ":"'r'"
          , "Declared at: ":
          [
            {
              "type":"text"
              , "text":"%L"
              , "links":
              [
                {
                  "filename":"/home/wkrska/Aggregation/jamesBenchmark/agg-hls/main.cpp"
                  , "line":"168"
                }
              ]
            }
          ]
          , "Dependency: ":"Data dependency"
          , "Estimated fmax reduced to: ":"650.0"
          , "Loop feedback path that raised II and/or lowered fMAX: ":
          [
            {
              "type":"text"
              , "text":"+(%L)"
              , "links":
              [
                {
                  "filename":"/home/wkrska/Aggregation/jamesBenchmark/agg-hls/main.cpp"
                  , "line":"168"
                }
              ]
            }
          ]
        }
      ]
      , "nodes":
      [
        {
          "name":"'r'"
          , "id":491
          , "start":"4.00"
          , "parent":"_ZTSZZ4mainENKUlRN4sycl3_V17handlerEE_clES2_E16testInputSrcTask.B1"
          , "debug":
          [
            [
              {
                "filename":"/home/wkrska/Aggregation/jamesBenchmark/agg-hls/main.cpp"
                , "line":168
              }
            ]
          ]
          , "type":"inst"
        }
        , {
          "name":"+"
          , "id":492
          , "debug":
          [
            [
              {
                "filename":"/home/wkrska/Aggregation/jamesBenchmark/agg-hls/main.cpp"
                , "line":168
              }
            ]
          ]
          , "type":"inst"
        }
        , {
          "name":"Feedback"
          , "id":493
          , "end":"4.00"
          , "parent":"_ZTSZZ4mainENKUlRN4sycl3_V17handlerEE_clES2_E16testInputSrcTask.B1"
          , "debug":
          [
            [
              {
                "filename":"/home/wkrska/Aggregation/jamesBenchmark/agg-hls/main.cpp"
                , "line":168
              }
            ]
          ]
          , "type":"inst"
        }
      ]
      , "links":
      [
        {
          "from":491
          , "to":492
        }
        , {
          "from":492
          , "to":493
        }
        , {
          "from":491
          , "to":493
          , "reverse":1
        }
      ]
    }
    , {
      "name":"'i'"
      , "id":26137
      , "src":"504"
      , "dst":"511"
      , "type":"fMAX/II"
      , "brief":"Data dependency"
      , "loop":"testInputSrcTask.B2"
      , "details":
      [
        {
          "type":"table"
          , "Variable on critical loop carried feedback path: ":"'i'"
          , "Declared at: ":
          [
            {
              "type":"text"
              , "text":"%L"
              , "links":
              [
                {
                  "filename":"/home/wkrska/Aggregation/jamesBenchmark/agg-hls/main.cpp"
                  , "line":"169"
                }
              ]
            }
          ]
          , "Dependency: ":"Data dependency"
          , "Estimated fmax reduced to: ":"650.0"
          , "Loop feedback path that raised II and/or lowered fMAX: ":
          [
            {
              "type":"text"
              , "text":"+(%L)"
              , "links":
              [
                {
                  "filename":"/home/wkrska/Aggregation/jamesBenchmark/agg-hls/main.cpp"
                  , "line":"169"
                }
              ]
            }
          ]
        }
      ]
      , "nodes":
      [
        {
          "name":"'i'"
          , "id":504
          , "start":"4.00"
          , "parent":"_ZTSZZ4mainENKUlRN4sycl3_V17handlerEE_clES2_E16testInputSrcTask.B2"
          , "debug":
          [
            [
              {
                "filename":"/home/wkrska/Aggregation/jamesBenchmark/agg-hls/main.cpp"
                , "line":169
              }
            ]
          ]
          , "type":"inst"
        }
        , {
          "name":"+"
          , "id":510
          , "debug":
          [
            [
              {
                "filename":"/home/wkrska/Aggregation/jamesBenchmark/agg-hls/main.cpp"
                , "line":169
              }
            ]
          ]
          , "type":"inst"
        }
        , {
          "name":"Feedback"
          , "id":511
          , "end":"4.00"
          , "parent":"_ZTSZZ4mainENKUlRN4sycl3_V17handlerEE_clES2_E16testInputSrcTask.B2"
          , "debug":
          [
            [
              {
                "filename":"/home/wkrska/Aggregation/jamesBenchmark/agg-hls/main.cpp"
                , "line":169
              }
            ]
          ]
          , "type":"inst"
        }
      ]
      , "links":
      [
        {
          "from":504
          , "to":510
        }
        , {
          "from":510
          , "to":511
        }
        , {
          "from":504
          , "to":511
          , "reverse":1
        }
      ]
    }
    , {
      "name":"'ppln'"
      , "id":26138
      , "src":"522"
      , "dst":"529"
      , "type":"fMAX/II"
      , "brief":"Data dependency"
      , "loop":"testInputSrcTask.B4"
      , "details":
      [
        {
          "type":"table"
          , "Variable on critical loop carried feedback path: ":"'ppln'"
          , "Declared at: ":
          [
            {
              "type":"text"
              , "text":"%L"
              , "links":
              [
                {
                  "filename":"/home/wkrska/Aggregation/jamesBenchmark/agg-hls/main.cpp"
                  , "line":"172"
                }
              ]
            }
          ]
          , "Dependency: ":"Data dependency"
          , "Estimated fmax reduced to: ":"650.0"
          , "Loop feedback path that raised II and/or lowered fMAX: ":
          [
            {
              "type":"text"
              , "text":"+(%L)"
              , "links":
              [
                {
                  "filename":"/home/wkrska/Aggregation/jamesBenchmark/agg-hls/main.cpp"
                  , "line":"172"
                }
              ]
            }
          ]
        }
      ]
      , "nodes":
      [
        {
          "name":"'ppln'"
          , "id":522
          , "start":"4.00"
          , "parent":"_ZTSZZ4mainENKUlRN4sycl3_V17handlerEE_clES2_E16testInputSrcTask.B4"
          , "debug":
          [
            [
              {
                "filename":"/home/wkrska/Aggregation/jamesBenchmark/agg-hls/main.cpp"
                , "line":172
              }
            ]
          ]
          , "type":"inst"
        }
        , {
          "name":"+"
          , "id":528
          , "debug":
          [
            [
              {
                "filename":"/home/wkrska/Aggregation/jamesBenchmark/agg-hls/main.cpp"
                , "line":172
              }
            ]
          ]
          , "type":"inst"
        }
        , {
          "name":"Feedback"
          , "id":529
          , "end":"4.00"
          , "parent":"_ZTSZZ4mainENKUlRN4sycl3_V17handlerEE_clES2_E16testInputSrcTask.B4"
          , "debug":
          [
            [
              {
                "filename":"/home/wkrska/Aggregation/jamesBenchmark/agg-hls/main.cpp"
                , "line":172
              }
            ]
          ]
          , "type":"inst"
        }
      ]
      , "links":
      [
        {
          "from":522
          , "to":528
        }
        , {
          "from":528
          , "to":529
        }
        , {
          "from":522
          , "to":529
          , "reverse":1
        }
      ]
    }
    , {
      "name":"__table"
      , "id":26139
      , "src":"24129"
      , "dst":"24649"
      , "type":"fMAX/II"
      , "brief":"Data dependency"
      , "loop":"AggregateTask0.B6"
      , "details":
      [
        {
          "type":"table"
          , "Variable on critical loop carried feedback path: ":"__table"
          , "Declared at: ":
          [
            {
              "type":"text"
              , "text":"%L"
              , "links":
              [
                {
                  "filename":"/home/wkrska/Aggregation/jamesBenchmark/agg-hls/./stages.h"
                  , "line":"137"
                }
              ]
            }
          ]
          , "Dependency: ":"Data dependency"
          , "Estimated fmax reduced to: ":"585.0"
          , "Loop feedback path that raised II and/or lowered fMAX: ":
          [
            {
              "type":"text"
              , "text":"Compare(%L)"
              , "links":
              [
                {
                  "filename":"/home/wkrska/Aggregation/jamesBenchmark/agg-hls/./core.h"
                  , "line":"265"
                }
              ]
            }
            , {
              "type":"text"
              , "text":"Compare(%L)"
              , "links":
              [
                {
                  "filename":"/home/wkrska/Aggregation/jamesBenchmark/agg-hls/./core.h"
                  , "line":"265"
                }
              ]
            }
            , {
              "type":"text"
              , "text":"Compare(%L)"
              , "links":
              [
                {
                  "filename":"/home/wkrska/Aggregation/jamesBenchmark/agg-hls/./core.h"
                  , "line":"265"
                }
              ]
            }
            , {
              "type":"text"
              , "text":"Compare(%L)"
              , "links":
              [
                {
                  "filename":"/home/wkrska/Aggregation/jamesBenchmark/agg-hls/./core.h"
                  , "line":"265"
                }
              ]
            }
            , {
              "type":"text"
              , "text":"Compare(%L)"
              , "links":
              [
                {
                  "filename":"/home/wkrska/Aggregation/jamesBenchmark/agg-hls/./core.h"
                  , "line":"265"
                }
              ]
            }
            , {
              "type":"text"
              , "text":"Compare(%L)"
              , "links":
              [
                {
                  "filename":"/home/wkrska/Aggregation/jamesBenchmark/agg-hls/./core.h"
                  , "line":"265"
                }
              ]
            }
            , {
              "type":"text"
              , "text":"Compare(%L)"
              , "links":
              [
                {
                  "filename":"/home/wkrska/Aggregation/jamesBenchmark/agg-hls/./core.h"
                  , "line":"265"
                }
              ]
            }
            , {
              "type":"text"
              , "text":"Compare(%L)"
              , "links":
              [
                {
                  "filename":"/home/wkrska/Aggregation/jamesBenchmark/agg-hls/./core.h"
                  , "line":"265"
                }
              ]
            }
            , {
              "type":"text"
              , "text":"Compare(%L)"
              , "links":
              [
                {
                  "filename":"/home/wkrska/Aggregation/jamesBenchmark/agg-hls/./core.h"
                  , "line":"265"
                }
              ]
            }
            , {
              "type":"text"
              , "text":"Compare(%L)"
              , "links":
              [
                {
                  "filename":"/home/wkrska/Aggregation/jamesBenchmark/agg-hls/./core.h"
                  , "line":"265"
                }
              ]
            }
            , {
              "type":"text"
              , "text":"Compare(%L)"
              , "links":
              [
                {
                  "filename":"/home/wkrska/Aggregation/jamesBenchmark/agg-hls/./core.h"
                  , "line":"265"
                }
              ]
            }
            , {
              "type":"text"
              , "text":"Compare(%L)"
              , "links":
              [
                {
                  "filename":"/home/wkrska/Aggregation/jamesBenchmark/agg-hls/./core.h"
                  , "line":"265"
                }
              ]
            }
            , {
              "type":"text"
              , "text":"Compare(%L)"
              , "links":
              [
                {
                  "filename":"/home/wkrska/Aggregation/jamesBenchmark/agg-hls/./core.h"
                  , "line":"265"
                }
              ]
            }
            , {
              "type":"text"
              , "text":"Compare(%L)"
              , "links":
              [
                {
                  "filename":"/home/wkrska/Aggregation/jamesBenchmark/agg-hls/./core.h"
                  , "line":"265"
                }
              ]
            }
            , {
              "type":"text"
              , "text":"Compare(%L)"
              , "links":
              [
                {
                  "filename":"/home/wkrska/Aggregation/jamesBenchmark/agg-hls/./core.h"
                  , "line":"265"
                }
              ]
            }
            , {
              "type":"text"
              , "text":"Compare(%L)"
              , "links":
              [
                {
                  "filename":"/home/wkrska/Aggregation/jamesBenchmark/agg-hls/./core.h"
                  , "line":"265"
                }
              ]
            }
            , {
              "type":"text"
              , "text":"Or(%L)"
              , "links":
              [
                {
                  "filename":"/home/wkrska/Aggregation/jamesBenchmark/agg-hls/./core.h"
                  , "line":"265"
                }
              ]
            }
            , {
              "type":"text"
              , "text":"Or(%L)"
              , "links":
              [
                {
                  "filename":"/home/wkrska/Aggregation/jamesBenchmark/agg-hls/./core.h"
                  , "line":"265"
                }
              ]
            }
            , {
              "type":"text"
              , "text":"Or(%L)"
              , "links":
              [
                {
                  "filename":"/home/wkrska/Aggregation/jamesBenchmark/agg-hls/./core.h"
                  , "line":"265"
                }
              ]
            }
            , {
              "type":"text"
              , "text":"Or(%L)"
              , "links":
              [
                {
                  "filename":"/home/wkrska/Aggregation/jamesBenchmark/agg-hls/./core.h"
                  , "line":"265"
                }
              ]
            }
            , {
              "type":"text"
              , "text":"Or(%L)"
              , "links":
              [
                {
                  "filename":"/home/wkrska/Aggregation/jamesBenchmark/agg-hls/./core.h"
                  , "line":"265"
                }
              ]
            }
            , {
              "type":"text"
              , "text":"Or(%L)"
              , "links":
              [
                {
                  "filename":"/home/wkrska/Aggregation/jamesBenchmark/agg-hls/./core.h"
                  , "line":"265"
                }
              ]
            }
            , {
              "type":"text"
              , "text":"Or(%L)"
              , "links":
              [
                {
                  "filename":"/home/wkrska/Aggregation/jamesBenchmark/agg-hls/./core.h"
                  , "line":"265"
                }
              ]
            }
            , {
              "type":"text"
              , "text":"Or(%L)"
              , "links":
              [
                {
                  "filename":"/home/wkrska/Aggregation/jamesBenchmark/agg-hls/./core.h"
                  , "line":"265"
                }
              ]
            }
            , {
              "type":"text"
              , "text":"Or(%L)"
              , "links":
              [
                {
                  "filename":"/home/wkrska/Aggregation/jamesBenchmark/agg-hls/./core.h"
                  , "line":"265"
                }
              ]
            }
            , {
              "type":"text"
              , "text":"Or(%L)"
              , "links":
              [
                {
                  "filename":"/home/wkrska/Aggregation/jamesBenchmark/agg-hls/./core.h"
                  , "line":"265"
                }
              ]
            }
            , {
              "type":"text"
              , "text":"Or(%L)"
              , "links":
              [
                {
                  "filename":"/home/wkrska/Aggregation/jamesBenchmark/agg-hls/./core.h"
                  , "line":"265"
                }
              ]
            }
            , {
              "type":"text"
              , "text":"Or(%L)"
              , "links":
              [
                {
                  "filename":"/home/wkrska/Aggregation/jamesBenchmark/agg-hls/./core.h"
                  , "line":"265"
                }
              ]
            }
            , {
              "type":"text"
              , "text":"Or(%L)"
              , "links":
              [
                {
                  "filename":"/home/wkrska/Aggregation/jamesBenchmark/agg-hls/./core.h"
                  , "line":"265"
                }
              ]
            }
            , {
              "type":"text"
              , "text":"Or(%L)"
              , "links":
              [
                {
                  "filename":"/home/wkrska/Aggregation/jamesBenchmark/agg-hls/./core.h"
                  , "line":"265"
                }
              ]
            }
            , {
              "type":"text"
              , "text":"Or(%L)"
              , "links":
              [
                {
                  "filename":"/home/wkrska/Aggregation/jamesBenchmark/agg-hls/./core.h"
                  , "line":"265"
                }
              ]
            }
            , {
              "type":"text"
              , "text":"Or(%L)"
              , "links":
              [
                {
                  "filename":"/home/wkrska/Aggregation/jamesBenchmark/agg-hls/./core.h"
                  , "line":"265"
                }
              ]
            }
            , {
              "type":"text"
              , "text":"Select(%L)"
              , "links":
              [
                {
                  "filename":"/home/wkrska/Aggregation/jamesBenchmark/agg-hls/./core.h"
                  , "line":"248"
                }
              ]
            }
            , {
              "type":"text"
              , "text":"Select(%L)"
              , "links":
              [
                {
                  "filename":"/home/wkrska/Aggregation/jamesBenchmark/agg-hls/./core.h"
                  , "line":"248"
                }
              ]
            }
            , {
              "type":"text"
              , "text":"Select(%L)"
              , "links":
              [
                {
                  "filename":"/home/wkrska/Aggregation/jamesBenchmark/agg-hls/./core.h"
                  , "line":"248"
                }
              ]
            }
            , {
              "type":"text"
              , "text":"Select(%L)"
              , "links":
              [
                {
                  "filename":"/home/wkrska/Aggregation/jamesBenchmark/agg-hls/./core.h"
                  , "line":"248"
                }
              ]
            }
            , {
              "type":"text"
              , "text":"Select(%L)"
              , "links":
              [
                {
                  "filename":"/home/wkrska/Aggregation/jamesBenchmark/agg-hls/./core.h"
                  , "line":"248"
                }
              ]
            }
            , {
              "type":"text"
              , "text":"Select(%L)"
              , "links":
              [
                {
                  "filename":"/home/wkrska/Aggregation/jamesBenchmark/agg-hls/./core.h"
                  , "line":"248"
                }
              ]
            }
            , {
              "type":"text"
              , "text":"Select(%L)"
              , "links":
              [
                {
                  "filename":"/home/wkrska/Aggregation/jamesBenchmark/agg-hls/./core.h"
                  , "line":"248"
                }
              ]
            }
            , {
              "type":"text"
              , "text":"Select(%L)"
              , "links":
              [
                {
                  "filename":"/home/wkrska/Aggregation/jamesBenchmark/agg-hls/./core.h"
                  , "line":"248"
                }
              ]
            }
            , {
              "type":"text"
              , "text":"Select(%L)"
              , "links":
              [
                {
                  "filename":"/home/wkrska/Aggregation/jamesBenchmark/agg-hls/./core.h"
                  , "line":"248"
                }
              ]
            }
            , {
              "type":"text"
              , "text":"Select(%L)"
              , "links":
              [
                {
                  "filename":"/home/wkrska/Aggregation/jamesBenchmark/agg-hls/./core.h"
                  , "line":"248"
                }
              ]
            }
            , {
              "type":"text"
              , "text":"Select(%L)"
              , "links":
              [
                {
                  "filename":"/home/wkrska/Aggregation/jamesBenchmark/agg-hls/./core.h"
                  , "line":"248"
                }
              ]
            }
            , {
              "type":"text"
              , "text":"Select(%L)"
              , "links":
              [
                {
                  "filename":"/home/wkrska/Aggregation/jamesBenchmark/agg-hls/./core.h"
                  , "line":"248"
                }
              ]
            }
            , {
              "type":"text"
              , "text":"Select(%L)"
              , "links":
              [
                {
                  "filename":"/home/wkrska/Aggregation/jamesBenchmark/agg-hls/./core.h"
                  , "line":"248"
                }
              ]
            }
            , {
              "type":"text"
              , "text":"Select(%L)"
              , "links":
              [
                {
                  "filename":"/home/wkrska/Aggregation/jamesBenchmark/agg-hls/./core.h"
                  , "line":"248"
                }
              ]
            }
            , {
              "type":"text"
              , "text":"Select(%L)"
              , "links":
              [
                {
                  "filename":"/home/wkrska/Aggregation/jamesBenchmark/agg-hls/./core.h"
                  , "line":"248"
                }
              ]
            }
            , {
              "type":"text"
              , "text":"Select(%L)"
              , "links":
              [
                {
                  "filename":"/home/wkrska/Aggregation/jamesBenchmark/agg-hls/./core.h"
                  , "line":"248"
                }
              ]
            }
            , {
              "type":"text"
              , "text":"Select(%L)"
              , "links":
              [
                {
                  "filename":"/home/wkrska/Aggregation/jamesBenchmark/agg-hls/./core.h"
                  , "line":"249"
                }
              ]
            }
            , {
              "type":"text"
              , "text":"Select(%L)"
              , "links":
              [
                {
                  "filename":"/home/wkrska/Aggregation/jamesBenchmark/agg-hls/./core.h"
                  , "line":"249"
                }
              ]
            }
            , {
              "type":"text"
              , "text":"Select(%L)"
              , "links":
              [
                {
                  "filename":"/home/wkrska/Aggregation/jamesBenchmark/agg-hls/./core.h"
                  , "line":"249"
                }
              ]
            }
            , {
              "type":"text"
              , "text":"Select(%L)"
              , "links":
              [
                {
                  "filename":"/home/wkrska/Aggregation/jamesBenchmark/agg-hls/./core.h"
                  , "line":"249"
                }
              ]
            }
            , {
              "type":"text"
              , "text":"Select(%L)"
              , "links":
              [
                {
                  "filename":"/home/wkrska/Aggregation/jamesBenchmark/agg-hls/./core.h"
                  , "line":"249"
                }
              ]
            }
            , {
              "type":"text"
              , "text":"Select(%L)"
              , "links":
              [
                {
                  "filename":"/home/wkrska/Aggregation/jamesBenchmark/agg-hls/./core.h"
                  , "line":"249"
                }
              ]
            }
            , {
              "type":"text"
              , "text":"Select(%L)"
              , "links":
              [
                {
                  "filename":"/home/wkrska/Aggregation/jamesBenchmark/agg-hls/./core.h"
                  , "line":"249"
                }
              ]
            }
            , {
              "type":"text"
              , "text":"Select(%L)"
              , "links":
              [
                {
                  "filename":"/home/wkrska/Aggregation/jamesBenchmark/agg-hls/./core.h"
                  , "line":"249"
                }
              ]
            }
            , {
              "type":"text"
              , "text":"Select(%L)"
              , "links":
              [
                {
                  "filename":"/home/wkrska/Aggregation/jamesBenchmark/agg-hls/./core.h"
                  , "line":"249"
                }
              ]
            }
            , {
              "type":"text"
              , "text":"Select(%L)"
              , "links":
              [
                {
                  "filename":"/home/wkrska/Aggregation/jamesBenchmark/agg-hls/./core.h"
                  , "line":"249"
                }
              ]
            }
            , {
              "type":"text"
              , "text":"Select(%L)"
              , "links":
              [
                {
                  "filename":"/home/wkrska/Aggregation/jamesBenchmark/agg-hls/./core.h"
                  , "line":"249"
                }
              ]
            }
            , {
              "type":"text"
              , "text":"Select(%L)"
              , "links":
              [
                {
                  "filename":"/home/wkrska/Aggregation/jamesBenchmark/agg-hls/./core.h"
                  , "line":"249"
                }
              ]
            }
            , {
              "type":"text"
              , "text":"Select(%L)"
              , "links":
              [
                {
                  "filename":"/home/wkrska/Aggregation/jamesBenchmark/agg-hls/./core.h"
                  , "line":"249"
                }
              ]
            }
            , {
              "type":"text"
              , "text":"Select(%L)"
              , "links":
              [
                {
                  "filename":"/home/wkrska/Aggregation/jamesBenchmark/agg-hls/./core.h"
                  , "line":"249"
                }
              ]
            }
            , {
              "type":"text"
              , "text":"Select(%L)"
              , "links":
              [
                {
                  "filename":"/home/wkrska/Aggregation/jamesBenchmark/agg-hls/./core.h"
                  , "line":"249"
                }
              ]
            }
            , {
              "type":"text"
              , "text":"Select(%L)"
              , "links":
              [
                {
                  "filename":"/home/wkrska/Aggregation/jamesBenchmark/agg-hls/./core.h"
                  , "line":"249"
                }
              ]
            }
            , {
              "type":"text"
              , "text":"Select(%L)"
              , "links":
              [
                {
                  "filename":"/home/wkrska/Aggregation/jamesBenchmark/agg-hls/./core.h"
                  , "line":"265"
                }
              ]
            }
            , {
              "type":"text"
              , "text":"Select(%L)"
              , "links":
              [
                {
                  "filename":"/home/wkrska/Aggregation/jamesBenchmark/agg-hls/./core.h"
                  , "line":"265"
                }
              ]
            }
            , {
              "type":"text"
              , "text":"Select(%L)"
              , "links":
              [
                {
                  "filename":"/home/wkrska/Aggregation/jamesBenchmark/agg-hls/./core.h"
                  , "line":"265"
                }
              ]
            }
            , {
              "type":"text"
              , "text":"Select(%L)"
              , "links":
              [
                {
                  "filename":"/home/wkrska/Aggregation/jamesBenchmark/agg-hls/./core.h"
                  , "line":"265"
                }
              ]
            }
            , {
              "type":"text"
              , "text":"Select(%L)"
              , "links":
              [
                {
                  "filename":"/home/wkrska/Aggregation/jamesBenchmark/agg-hls/./core.h"
                  , "line":"265"
                }
              ]
            }
            , {
              "type":"text"
              , "text":"Select(%L)"
              , "links":
              [
                {
                  "filename":"/home/wkrska/Aggregation/jamesBenchmark/agg-hls/./core.h"
                  , "line":"265"
                }
              ]
            }
            , {
              "type":"text"
              , "text":"Select(%L)"
              , "links":
              [
                {
                  "filename":"/home/wkrska/Aggregation/jamesBenchmark/agg-hls/./core.h"
                  , "line":"265"
                }
              ]
            }
            , {
              "type":"text"
              , "text":"Select(%L)"
              , "links":
              [
                {
                  "filename":"/home/wkrska/Aggregation/jamesBenchmark/agg-hls/./core.h"
                  , "line":"265"
                }
              ]
            }
            , {
              "type":"text"
              , "text":"Select(%L)"
              , "links":
              [
                {
                  "filename":"/home/wkrska/Aggregation/jamesBenchmark/agg-hls/./core.h"
                  , "line":"265"
                }
              ]
            }
            , {
              "type":"text"
              , "text":"Select(%L)"
              , "links":
              [
                {
                  "filename":"/home/wkrska/Aggregation/jamesBenchmark/agg-hls/./core.h"
                  , "line":"265"
                }
              ]
            }
            , {
              "type":"text"
              , "text":"Select(%L)"
              , "links":
              [
                {
                  "filename":"/home/wkrska/Aggregation/jamesBenchmark/agg-hls/./core.h"
                  , "line":"265"
                }
              ]
            }
            , {
              "type":"text"
              , "text":"Select(%L)"
              , "links":
              [
                {
                  "filename":"/home/wkrska/Aggregation/jamesBenchmark/agg-hls/./core.h"
                  , "line":"265"
                }
              ]
            }
            , {
              "type":"text"
              , "text":"Select(%L)"
              , "links":
              [
                {
                  "filename":"/home/wkrska/Aggregation/jamesBenchmark/agg-hls/./core.h"
                  , "line":"265"
                }
              ]
            }
            , {
              "type":"text"
              , "text":"Select(%L)"
              , "links":
              [
                {
                  "filename":"/home/wkrska/Aggregation/jamesBenchmark/agg-hls/./core.h"
                  , "line":"265"
                }
              ]
            }
            , {
              "type":"text"
              , "text":"Select(%L)"
              , "links":
              [
                {
                  "filename":"/home/wkrska/Aggregation/jamesBenchmark/agg-hls/./core.h"
                  , "line":"265"
                }
              ]
            }
            , {
              "type":"text"
              , "text":"Select(%L)"
              , "links":
              [
                {
                  "filename":"/home/wkrska/Aggregation/jamesBenchmark/agg-hls/./core.h"
                  , "line":"265"
                }
              ]
            }
            , {
              "type":"text"
              , "text":"Select(%L)"
              , "links":
              [
                {
                  "filename":"/ofs_install/oneapi/2023.2/compiler/2023.2.1/linux/bin-llvm/../include/sycl/ext/intel/pipes.hpp"
                  , "line":"32"
                }
              ]
            }
            , {
              "type":"text"
              , "text":"Select(%L)"
              , "links":
              [
                {
                  "filename":"/ofs_install/oneapi/2023.2/compiler/2023.2.1/linux/bin-llvm/../include/sycl/ext/intel/pipes.hpp"
                  , "line":"32"
                }
              ]
            }
            , {
              "type":"text"
              , "text":"Select(%L)"
              , "links":
              [
                {
                  "filename":"/ofs_install/oneapi/2023.2/compiler/2023.2.1/linux/bin-llvm/../include/sycl/ext/intel/pipes.hpp"
                  , "line":"32"
                }
              ]
            }
            , {
              "type":"text"
              , "text":"Select(%L)"
              , "links":
              [
                {
                  "filename":"/ofs_install/oneapi/2023.2/compiler/2023.2.1/linux/bin-llvm/../include/sycl/ext/intel/pipes.hpp"
                  , "line":"32"
                }
              ]
            }
            , {
              "type":"text"
              , "text":"Select(%L)"
              , "links":
              [
                {
                  "filename":"/ofs_install/oneapi/2023.2/compiler/2023.2.1/linux/bin-llvm/../include/sycl/ext/intel/pipes.hpp"
                  , "line":"32"
                }
              ]
            }
            , {
              "type":"text"
              , "text":"Select(%L)"
              , "links":
              [
                {
                  "filename":"/ofs_install/oneapi/2023.2/compiler/2023.2.1/linux/bin-llvm/../include/sycl/ext/intel/pipes.hpp"
                  , "line":"32"
                }
              ]
            }
            , {
              "type":"text"
              , "text":"Select(%L)"
              , "links":
              [
                {
                  "filename":"/ofs_install/oneapi/2023.2/compiler/2023.2.1/linux/bin-llvm/../include/sycl/ext/intel/pipes.hpp"
                  , "line":"32"
                }
              ]
            }
            , {
              "type":"text"
              , "text":"Select(%L)"
              , "links":
              [
                {
                  "filename":"/ofs_install/oneapi/2023.2/compiler/2023.2.1/linux/bin-llvm/../include/sycl/ext/intel/pipes.hpp"
                  , "line":"32"
                }
              ]
            }
            , {
              "type":"text"
              , "text":"Select(%L)"
              , "links":
              [
                {
                  "filename":"/ofs_install/oneapi/2023.2/compiler/2023.2.1/linux/bin-llvm/../include/sycl/ext/intel/pipes.hpp"
                  , "line":"32"
                }
              ]
            }
            , {
              "type":"text"
              , "text":"Select(%L)"
              , "links":
              [
                {
                  "filename":"/ofs_install/oneapi/2023.2/compiler/2023.2.1/linux/bin-llvm/../include/sycl/ext/intel/pipes.hpp"
                  , "line":"32"
                }
              ]
            }
            , {
              "type":"text"
              , "text":"Select(%L)"
              , "links":
              [
                {
                  "filename":"/ofs_install/oneapi/2023.2/compiler/2023.2.1/linux/bin-llvm/../include/sycl/ext/intel/pipes.hpp"
                  , "line":"32"
                }
              ]
            }
            , {
              "type":"text"
              , "text":"Select(%L)"
              , "links":
              [
                {
                  "filename":"/ofs_install/oneapi/2023.2/compiler/2023.2.1/linux/bin-llvm/../include/sycl/ext/intel/pipes.hpp"
                  , "line":"32"
                }
              ]
            }
            , {
              "type":"text"
              , "text":"Select(%L)"
              , "links":
              [
                {
                  "filename":"/ofs_install/oneapi/2023.2/compiler/2023.2.1/linux/bin-llvm/../include/sycl/ext/intel/pipes.hpp"
                  , "line":"32"
                }
              ]
            }
            , {
              "type":"text"
              , "text":"Select(%L)"
              , "links":
              [
                {
                  "filename":"/ofs_install/oneapi/2023.2/compiler/2023.2.1/linux/bin-llvm/../include/sycl/ext/intel/pipes.hpp"
                  , "line":"32"
                }
              ]
            }
            , {
              "type":"text"
              , "text":"Select(%L)"
              , "links":
              [
                {
                  "filename":"/ofs_install/oneapi/2023.2/compiler/2023.2.1/linux/bin-llvm/../include/sycl/ext/intel/pipes.hpp"
                  , "line":"32"
                }
              ]
            }
            , {
              "type":"text"
              , "text":"Select(%L)"
              , "links":
              [
                {
                  "filename":"/ofs_install/oneapi/2023.2/compiler/2023.2.1/linux/bin-llvm/../include/sycl/ext/intel/pipes.hpp"
                  , "line":"32"
                }
              ]
            }
          ]
        }
      ]
      , "nodes":
      [
        {
          "name":"__table"
          , "id":24129
          , "start":"5.00"
          , "parent":"_ZTSZZ4mainENKUlRN4sycl3_V17handlerEE3_clES2_E14AggregateTask0.B6"
          , "debug":
          [
            [
              {
                "filename":"/home/wkrska/Aggregation/jamesBenchmark/agg-hls/./core.h"
                , "line":248
              }
            ]
          ]
          , "type":"inst"
        }
        , {
          "name":"Select"
          , "id":24492
          , "debug":
          [
            [
              {
                "filename":"/home/wkrska/Aggregation/jamesBenchmark/agg-hls/./core.h"
                , "line":249
              }
            ]
          ]
          , "type":"inst"
        }
        , {
          "name":"Compare"
          , "id":24366
          , "debug":
          [
            [
              {
                "filename":"/home/wkrska/Aggregation/jamesBenchmark/agg-hls/./core.h"
                , "line":265
              }
            ]
          ]
          , "type":"inst"
        }
        , {
          "name":"Or"
          , "id":24346
          , "debug":
          [
            [
              {
                "filename":"/home/wkrska/Aggregation/jamesBenchmark/agg-hls/./core.h"
                , "line":265
              }
            ]
          ]
          , "type":"inst"
        }
        , {
          "name":"Select"
          , "id":24522
          , "debug":
          [
            [
              {
                "filename":"/ofs_install/oneapi/2023.2/compiler/2023.2.1/linux/bin-llvm/../include/sycl/ext/intel/pipes.hpp"
                , "line":32
              }
            ]
          ]
          , "type":"inst"
        }
        , {
          "name":"Or"
          , "id":24360
          , "debug":
          [
            [
              {
                "filename":"/home/wkrska/Aggregation/jamesBenchmark/agg-hls/./core.h"
                , "line":265
              }
            ]
          ]
          , "type":"inst"
        }
        , {
          "name":"Or"
          , "id":24367
          , "debug":
          [
            [
              {
                "filename":"/home/wkrska/Aggregation/jamesBenchmark/agg-hls/./core.h"
                , "line":265
              }
            ]
          ]
          , "type":"inst"
        }
        , {
          "name":"Select"
          , "id":24034
          , "debug":
          [
            [
              {
                "filename":"/home/wkrska/Aggregation/jamesBenchmark/agg-hls/./core.h"
                , "line":248
              }
            ]
          ]
          , "type":"inst"
        }
        , {
          "name":"Select"
          , "id":24504
          , "debug":
          [
            [
              {
                "filename":"/home/wkrska/Aggregation/jamesBenchmark/agg-hls/./core.h"
                , "line":265
              }
            ]
          ]
          , "type":"inst"
        }
        , {
          "name":"Select"
          , "id":24348
          , "debug":
          [
            [
              {
                "filename":"/ofs_install/oneapi/2023.2/compiler/2023.2.1/linux/bin-llvm/../include/sycl/ext/intel/pipes.hpp"
                , "line":32
              }
            ]
          ]
          , "type":"inst"
        }
        , {
          "name":"Select"
          , "id":24431
          , "debug":
          [
            [
              {
                "filename":"/home/wkrska/Aggregation/jamesBenchmark/agg-hls/./core.h"
                , "line":265
              }
            ]
          ]
          , "type":"inst"
        }
        , {
          "name":"Select"
          , "id":24403
          , "debug":
          [
            [
              {
                "filename":"/home/wkrska/Aggregation/jamesBenchmark/agg-hls/./core.h"
                , "line":249
              }
            ]
          ]
          , "type":"inst"
        }
        , {
          "name":"Or"
          , "id":24506
          , "debug":
          [
            [
              {
                "filename":"/home/wkrska/Aggregation/jamesBenchmark/agg-hls/./core.h"
                , "line":265
              }
            ]
          ]
          , "type":"inst"
        }
        , {
          "name":"Select"
          , "id":24314
          , "debug":
          [
            [
              {
                "filename":"/home/wkrska/Aggregation/jamesBenchmark/agg-hls/./core.h"
                , "line":249
              }
            ]
          ]
          , "type":"inst"
        }
        , {
          "name":"Select"
          , "id":24355
          , "debug":
          [
            [
              {
                "filename":"/ofs_install/oneapi/2023.2/compiler/2023.2.1/linux/bin-llvm/../include/sycl/ext/intel/pipes.hpp"
                , "line":32
              }
            ]
          ]
          , "type":"inst"
        }
        , {
          "name":"Compare"
          , "id":24265
          , "debug":
          [
            [
              {
                "filename":"/home/wkrska/Aggregation/jamesBenchmark/agg-hls/./core.h"
                , "line":265
              }
            ]
          ]
          , "type":"inst"
        }
        , {
          "name":"Select"
          , "id":24525
          , "debug":
          [
            [
              {
                "filename":"/home/wkrska/Aggregation/jamesBenchmark/agg-hls/./core.h"
                , "line":265
              }
            ]
          ]
          , "type":"inst"
        }
        , {
          "name":"Or"
          , "id":24447
          , "debug":
          [
            [
              {
                "filename":"/home/wkrska/Aggregation/jamesBenchmark/agg-hls/./core.h"
                , "line":265
              }
            ]
          ]
          , "type":"inst"
        }
        , {
          "name":"Select"
          , "id":23956
          , "debug":
          [
            [
              {
                "filename":"/home/wkrska/Aggregation/jamesBenchmark/agg-hls/./core.h"
                , "line":248
              }
            ]
          ]
          , "type":"inst"
        }
        , {
          "name":"Compare"
          , "id":24432
          , "debug":
          [
            [
              {
                "filename":"/home/wkrska/Aggregation/jamesBenchmark/agg-hls/./core.h"
                , "line":265
              }
            ]
          ]
          , "type":"inst"
        }
        , {
          "name":"Or"
          , "id":24433
          , "debug":
          [
            [
              {
                "filename":"/home/wkrska/Aggregation/jamesBenchmark/agg-hls/./core.h"
                , "line":265
              }
            ]
          ]
          , "type":"inst"
        }
        , {
          "name":"Select"
          , "id":24428
          , "debug":
          [
            [
              {
                "filename":"/ofs_install/oneapi/2023.2/compiler/2023.2.1/linux/bin-llvm/../include/sycl/ext/intel/pipes.hpp"
                , "line":32
              }
            ]
          ]
          , "type":"inst"
        }
        , {
          "name":"Select"
          , "id":24424
          , "debug":
          [
            [
              {
                "filename":"/home/wkrska/Aggregation/jamesBenchmark/agg-hls/./core.h"
                , "line":265
              }
            ]
          ]
          , "type":"inst"
        }
        , {
          "name":"Compare"
          , "id":24512
          , "debug":
          [
            [
              {
                "filename":"/home/wkrska/Aggregation/jamesBenchmark/agg-hls/./core.h"
                , "line":265
              }
            ]
          ]
          , "type":"inst"
        }
        , {
          "name":"Select"
          , "id":24271
          , "debug":
          [
            [
              {
                "filename":"/home/wkrska/Aggregation/jamesBenchmark/agg-hls/./core.h"
                , "line":265
              }
            ]
          ]
          , "type":"inst"
        }
        , {
          "name":"Select"
          , "id":23974
          , "debug":
          [
            [
              {
                "filename":"/home/wkrska/Aggregation/jamesBenchmark/agg-hls/./core.h"
                , "line":248
              }
            ]
          ]
          , "type":"inst"
        }
        , {
          "name":"Compare"
          , "id":24526
          , "debug":
          [
            [
              {
                "filename":"/home/wkrska/Aggregation/jamesBenchmark/agg-hls/./core.h"
                , "line":265
              }
            ]
          ]
          , "type":"inst"
        }
        , {
          "name":"Compare"
          , "id":24446
          , "debug":
          [
            [
              {
                "filename":"/home/wkrska/Aggregation/jamesBenchmark/agg-hls/./core.h"
                , "line":265
              }
            ]
          ]
          , "type":"inst"
        }
        , {
          "name":"Select"
          , "id":24445
          , "debug":
          [
            [
              {
                "filename":"/home/wkrska/Aggregation/jamesBenchmark/agg-hls/./core.h"
                , "line":265
              }
            ]
          ]
          , "type":"inst"
        }
        , {
          "name":"Select"
          , "id":24341
          , "debug":
          [
            [
              {
                "filename":"/home/wkrska/Aggregation/jamesBenchmark/agg-hls/./core.h"
                , "line":249
              }
            ]
          ]
          , "type":"inst"
        }
        , {
          "name":"Select"
          , "id":24515
          , "debug":
          [
            [
              {
                "filename":"/ofs_install/oneapi/2023.2/compiler/2023.2.1/linux/bin-llvm/../include/sycl/ext/intel/pipes.hpp"
                , "line":32
              }
            ]
          ]
          , "type":"inst"
        }
        , {
          "name":"Or"
          , "id":24513
          , "debug":
          [
            [
              {
                "filename":"/home/wkrska/Aggregation/jamesBenchmark/agg-hls/./core.h"
                , "line":265
              }
            ]
          ]
          , "type":"inst"
        }
        , {
          "name":"Select"
          , "id":24518
          , "debug":
          [
            [
              {
                "filename":"/home/wkrska/Aggregation/jamesBenchmark/agg-hls/./core.h"
                , "line":265
              }
            ]
          ]
          , "type":"inst"
        }
        , {
          "name":"Compare"
          , "id":24272
          , "debug":
          [
            [
              {
                "filename":"/home/wkrska/Aggregation/jamesBenchmark/agg-hls/./core.h"
                , "line":265
              }
            ]
          ]
          , "type":"inst"
        }
        , {
          "name":"Select"
          , "id":24278
          , "debug":
          [
            [
              {
                "filename":"/home/wkrska/Aggregation/jamesBenchmark/agg-hls/./core.h"
                , "line":265
              }
            ]
          ]
          , "type":"inst"
        }
        , {
          "name":"Select"
          , "id":24289
          , "debug":
          [
            [
              {
                "filename":"/ofs_install/oneapi/2023.2/compiler/2023.2.1/linux/bin-llvm/../include/sycl/ext/intel/pipes.hpp"
                , "line":32
              }
            ]
          ]
          , "type":"inst"
        }
        , {
          "name":"Select"
          , "id":24243
          , "debug":
          [
            [
              {
                "filename":"/home/wkrska/Aggregation/jamesBenchmark/agg-hls/./core.h"
                , "line":249
              }
            ]
          ]
          , "type":"inst"
        }
        , {
          "name":"Select"
          , "id":23878
          , "debug":
          [
            [
              {
                "filename":"/home/wkrska/Aggregation/jamesBenchmark/agg-hls/./core.h"
                , "line":248
              }
            ]
          ]
          , "type":"inst"
        }
        , {
          "name":"Select"
          , "id":23842
          , "debug":
          [
            [
              {
                "filename":"/home/wkrska/Aggregation/jamesBenchmark/agg-hls/./core.h"
                , "line":248
              }
            ]
          ]
          , "type":"inst"
        }
        , {
          "name":"Select"
          , "id":23938
          , "debug":
          [
            [
              {
                "filename":"/home/wkrska/Aggregation/jamesBenchmark/agg-hls/./core.h"
                , "line":248
              }
            ]
          ]
          , "type":"inst"
        }
        , {
          "name":"Compare"
          , "id":24519
          , "debug":
          [
            [
              {
                "filename":"/home/wkrska/Aggregation/jamesBenchmark/agg-hls/./core.h"
                , "line":265
              }
            ]
          ]
          , "type":"inst"
        }
        , {
          "name":"Select"
          , "id":24508
          , "debug":
          [
            [
              {
                "filename":"/ofs_install/oneapi/2023.2/compiler/2023.2.1/linux/bin-llvm/../include/sycl/ext/intel/pipes.hpp"
                , "line":32
              }
            ]
          ]
          , "type":"inst"
        }
        , {
          "name":"Select"
          , "id":24332
          , "debug":
          [
            [
              {
                "filename":"/home/wkrska/Aggregation/jamesBenchmark/agg-hls/./core.h"
                , "line":249
              }
            ]
          ]
          , "type":"inst"
        }
        , {
          "name":"Select"
          , "id":24369
          , "debug":
          [
            [
              {
                "filename":"/ofs_install/oneapi/2023.2/compiler/2023.2.1/linux/bin-llvm/../include/sycl/ext/intel/pipes.hpp"
                , "line":32
              }
            ]
          ]
          , "type":"inst"
        }
        , {
          "name":"Select"
          , "id":24148
          , "debug":
          [
            [
              {
                "filename":"/home/wkrska/Aggregation/jamesBenchmark/agg-hls/./core.h"
                , "line":248
              }
            ]
          ]
          , "type":"inst"
        }
        , {
          "name":"Compare"
          , "id":24352
          , "debug":
          [
            [
              {
                "filename":"/home/wkrska/Aggregation/jamesBenchmark/agg-hls/./core.h"
                , "line":265
              }
            ]
          ]
          , "type":"inst"
        }
        , {
          "name":"Select"
          , "id":24344
          , "debug":
          [
            [
              {
                "filename":"/home/wkrska/Aggregation/jamesBenchmark/agg-hls/./core.h"
                , "line":265
              }
            ]
          ]
          , "type":"inst"
        }
        , {
          "name":"Select"
          , "id":24351
          , "debug":
          [
            [
              {
                "filename":"/home/wkrska/Aggregation/jamesBenchmark/agg-hls/./core.h"
                , "line":265
              }
            ]
          ]
          , "type":"inst"
        }
        , {
          "name":"Compare"
          , "id":24279
          , "debug":
          [
            [
              {
                "filename":"/home/wkrska/Aggregation/jamesBenchmark/agg-hls/./core.h"
                , "line":265
              }
            ]
          ]
          , "type":"inst"
        }
        , {
          "name":"Select"
          , "id":24435
          , "debug":
          [
            [
              {
                "filename":"/ofs_install/oneapi/2023.2/compiler/2023.2.1/linux/bin-llvm/../include/sycl/ext/intel/pipes.hpp"
                , "line":32
              }
            ]
          ]
          , "type":"inst"
        }
        , {
          "name":"Or"
          , "id":24426
          , "debug":
          [
            [
              {
                "filename":"/home/wkrska/Aggregation/jamesBenchmark/agg-hls/./core.h"
                , "line":265
              }
            ]
          ]
          , "type":"inst"
        }
        , {
          "name":"Select"
          , "id":24442
          , "debug":
          [
            [
              {
                "filename":"/ofs_install/oneapi/2023.2/compiler/2023.2.1/linux/bin-llvm/../include/sycl/ext/intel/pipes.hpp"
                , "line":32
              }
            ]
          ]
          , "type":"inst"
        }
        , {
          "name":"Select"
          , "id":24052
          , "debug":
          [
            [
              {
                "filename":"/home/wkrska/Aggregation/jamesBenchmark/agg-hls/./core.h"
                , "line":248
              }
            ]
          ]
          , "type":"inst"
        }
        , {
          "name":"Select"
          , "id":24323
          , "debug":
          [
            [
              {
                "filename":"/home/wkrska/Aggregation/jamesBenchmark/agg-hls/./core.h"
                , "line":249
              }
            ]
          ]
          , "type":"inst"
        }
        , {
          "name":"Select"
          , "id":24261
          , "debug":
          [
            [
              {
                "filename":"/home/wkrska/Aggregation/jamesBenchmark/agg-hls/./core.h"
                , "line":249
              }
            ]
          ]
          , "type":"inst"
        }
        , {
          "name":"Compare"
          , "id":24359
          , "debug":
          [
            [
              {
                "filename":"/home/wkrska/Aggregation/jamesBenchmark/agg-hls/./core.h"
                , "line":265
              }
            ]
          ]
          , "type":"inst"
        }
        , {
          "name":"Compare"
          , "id":24505
          , "debug":
          [
            [
              {
                "filename":"/home/wkrska/Aggregation/jamesBenchmark/agg-hls/./core.h"
                , "line":265
              }
            ]
          ]
          , "type":"inst"
        }
        , {
          "name":"Select"
          , "id":24234
          , "debug":
          [
            [
              {
                "filename":"/home/wkrska/Aggregation/jamesBenchmark/agg-hls/./core.h"
                , "line":249
              }
            ]
          ]
          , "type":"inst"
        }
        , {
          "name":"Compare"
          , "id":24439
          , "debug":
          [
            [
              {
                "filename":"/home/wkrska/Aggregation/jamesBenchmark/agg-hls/./core.h"
                , "line":265
              }
            ]
          ]
          , "type":"inst"
        }
        , {
          "name":"Select"
          , "id":24264
          , "debug":
          [
            [
              {
                "filename":"/home/wkrska/Aggregation/jamesBenchmark/agg-hls/./core.h"
                , "line":265
              }
            ]
          ]
          , "type":"inst"
        }
        , {
          "name":"Select"
          , "id":23992
          , "debug":
          [
            [
              {
                "filename":"/home/wkrska/Aggregation/jamesBenchmark/agg-hls/./core.h"
                , "line":248
              }
            ]
          ]
          , "type":"inst"
        }
        , {
          "name":"Or"
          , "id":24520
          , "debug":
          [
            [
              {
                "filename":"/home/wkrska/Aggregation/jamesBenchmark/agg-hls/./core.h"
                , "line":265
              }
            ]
          ]
          , "type":"inst"
        }
        , {
          "name":"Or"
          , "id":24280
          , "debug":
          [
            [
              {
                "filename":"/home/wkrska/Aggregation/jamesBenchmark/agg-hls/./core.h"
                , "line":265
              }
            ]
          ]
          , "type":"inst"
        }
        , {
          "name":"Select"
          , "id":24394
          , "debug":
          [
            [
              {
                "filename":"/home/wkrska/Aggregation/jamesBenchmark/agg-hls/./core.h"
                , "line":249
              }
            ]
          ]
          , "type":"inst"
        }
        , {
          "name":"Or"
          , "id":24353
          , "debug":
          [
            [
              {
                "filename":"/home/wkrska/Aggregation/jamesBenchmark/agg-hls/./core.h"
                , "line":265
              }
            ]
          ]
          , "type":"inst"
        }
        , {
          "name":"Or"
          , "id":24287
          , "debug":
          [
            [
              {
                "filename":"/home/wkrska/Aggregation/jamesBenchmark/agg-hls/./core.h"
                , "line":265
              }
            ]
          ]
          , "type":"inst"
        }
        , {
          "name":"Or"
          , "id":24440
          , "debug":
          [
            [
              {
                "filename":"/home/wkrska/Aggregation/jamesBenchmark/agg-hls/./core.h"
                , "line":265
              }
            ]
          ]
          , "type":"inst"
        }
        , {
          "name":"Select"
          , "id":24275
          , "debug":
          [
            [
              {
                "filename":"/ofs_install/oneapi/2023.2/compiler/2023.2.1/linux/bin-llvm/../include/sycl/ext/intel/pipes.hpp"
                , "line":32
              }
            ]
          ]
          , "type":"inst"
        }
        , {
          "name":"Select"
          , "id":23896
          , "debug":
          [
            [
              {
                "filename":"/home/wkrska/Aggregation/jamesBenchmark/agg-hls/./core.h"
                , "line":248
              }
            ]
          ]
          , "type":"inst"
        }
        , {
          "name":"Select"
          , "id":24362
          , "debug":
          [
            [
              {
                "filename":"/ofs_install/oneapi/2023.2/compiler/2023.2.1/linux/bin-llvm/../include/sycl/ext/intel/pipes.hpp"
                , "line":32
              }
            ]
          ]
          , "type":"inst"
        }
        , {
          "name":"Select"
          , "id":24421
          , "debug":
          [
            [
              {
                "filename":"/home/wkrska/Aggregation/jamesBenchmark/agg-hls/./core.h"
                , "line":249
              }
            ]
          ]
          , "type":"inst"
        }
        , {
          "name":"Compare"
          , "id":24286
          , "debug":
          [
            [
              {
                "filename":"/home/wkrska/Aggregation/jamesBenchmark/agg-hls/./core.h"
                , "line":265
              }
            ]
          ]
          , "type":"inst"
        }
        , {
          "name":"Or"
          , "id":24527
          , "debug":
          [
            [
              {
                "filename":"/home/wkrska/Aggregation/jamesBenchmark/agg-hls/./core.h"
                , "line":265
              }
            ]
          ]
          , "type":"inst"
        }
        , {
          "name":"Select"
          , "id":24358
          , "debug":
          [
            [
              {
                "filename":"/home/wkrska/Aggregation/jamesBenchmark/agg-hls/./core.h"
                , "line":265
              }
            ]
          ]
          , "type":"inst"
        }
        , {
          "name":"Select"
          , "id":24449
          , "debug":
          [
            [
              {
                "filename":"/ofs_install/oneapi/2023.2/compiler/2023.2.1/linux/bin-llvm/../include/sycl/ext/intel/pipes.hpp"
                , "line":32
              }
            ]
          ]
          , "type":"inst"
        }
        , {
          "name":"Or"
          , "id":24266
          , "debug":
          [
            [
              {
                "filename":"/home/wkrska/Aggregation/jamesBenchmark/agg-hls/./core.h"
                , "line":265
              }
            ]
          ]
          , "type":"inst"
        }
        , {
          "name":"Select"
          , "id":24474
          , "debug":
          [
            [
              {
                "filename":"/home/wkrska/Aggregation/jamesBenchmark/agg-hls/./core.h"
                , "line":249
              }
            ]
          ]
          , "type":"inst"
        }
        , {
          "name":"Select"
          , "id":24511
          , "debug":
          [
            [
              {
                "filename":"/home/wkrska/Aggregation/jamesBenchmark/agg-hls/./core.h"
                , "line":265
              }
            ]
          ]
          , "type":"inst"
        }
        , {
          "name":"Select"
          , "id":24184
          , "debug":
          [
            [
              {
                "filename":"/home/wkrska/Aggregation/jamesBenchmark/agg-hls/./core.h"
                , "line":248
              }
            ]
          ]
          , "type":"inst"
        }
        , {
          "name":"Select"
          , "id":24483
          , "debug":
          [
            [
              {
                "filename":"/home/wkrska/Aggregation/jamesBenchmark/agg-hls/./core.h"
                , "line":249
              }
            ]
          ]
          , "type":"inst"
        }
        , {
          "name":"Compare"
          , "id":24345
          , "debug":
          [
            [
              {
                "filename":"/home/wkrska/Aggregation/jamesBenchmark/agg-hls/./core.h"
                , "line":265
              }
            ]
          ]
          , "type":"inst"
        }
        , {
          "name":"Select"
          , "id":24529
          , "debug":
          [
            [
              {
                "filename":"/ofs_install/oneapi/2023.2/compiler/2023.2.1/linux/bin-llvm/../include/sycl/ext/intel/pipes.hpp"
                , "line":32
              }
            ]
          ]
          , "type":"inst"
        }
        , {
          "name":"Select"
          , "id":23860
          , "debug":
          [
            [
              {
                "filename":"/home/wkrska/Aggregation/jamesBenchmark/agg-hls/./core.h"
                , "line":248
              }
            ]
          ]
          , "type":"inst"
        }
        , {
          "name":"Select"
          , "id":24252
          , "debug":
          [
            [
              {
                "filename":"/home/wkrska/Aggregation/jamesBenchmark/agg-hls/./core.h"
                , "line":249
              }
            ]
          ]
          , "type":"inst"
        }
        , {
          "name":"Select"
          , "id":24166
          , "debug":
          [
            [
              {
                "filename":"/home/wkrska/Aggregation/jamesBenchmark/agg-hls/./core.h"
                , "line":248
              }
            ]
          ]
          , "type":"inst"
        }
        , {
          "name":"Select"
          , "id":24282
          , "debug":
          [
            [
              {
                "filename":"/ofs_install/oneapi/2023.2/compiler/2023.2.1/linux/bin-llvm/../include/sycl/ext/intel/pipes.hpp"
                , "line":32
              }
            ]
          ]
          , "type":"inst"
        }
        , {
          "name":"Select"
          , "id":24365
          , "debug":
          [
            [
              {
                "filename":"/home/wkrska/Aggregation/jamesBenchmark/agg-hls/./core.h"
                , "line":265
              }
            ]
          ]
          , "type":"inst"
        }
        , {
          "name":"Select"
          , "id":24268
          , "debug":
          [
            [
              {
                "filename":"/ofs_install/oneapi/2023.2/compiler/2023.2.1/linux/bin-llvm/../include/sycl/ext/intel/pipes.hpp"
                , "line":32
              }
            ]
          ]
          , "type":"inst"
        }
        , {
          "name":"Select"
          , "id":24070
          , "debug":
          [
            [
              {
                "filename":"/home/wkrska/Aggregation/jamesBenchmark/agg-hls/./core.h"
                , "line":248
              }
            ]
          ]
          , "type":"inst"
        }
        , {
          "name":"Select"
          , "id":24088
          , "debug":
          [
            [
              {
                "filename":"/home/wkrska/Aggregation/jamesBenchmark/agg-hls/./core.h"
                , "line":248
              }
            ]
          ]
          , "type":"inst"
        }
        , {
          "name":"Select"
          , "id":24130
          , "debug":
          [
            [
              {
                "filename":"/home/wkrska/Aggregation/jamesBenchmark/agg-hls/./core.h"
                , "line":248
              }
            ]
          ]
          , "type":"inst"
        }
        , {
          "name":"Select"
          , "id":24438
          , "debug":
          [
            [
              {
                "filename":"/home/wkrska/Aggregation/jamesBenchmark/agg-hls/./core.h"
                , "line":265
              }
            ]
          ]
          , "type":"inst"
        }
        , {
          "name":"Select"
          , "id":24501
          , "debug":
          [
            [
              {
                "filename":"/home/wkrska/Aggregation/jamesBenchmark/agg-hls/./core.h"
                , "line":249
              }
            ]
          ]
          , "type":"inst"
        }
        , {
          "name":"Select"
          , "id":24285
          , "debug":
          [
            [
              {
                "filename":"/home/wkrska/Aggregation/jamesBenchmark/agg-hls/./core.h"
                , "line":265
              }
            ]
          ]
          , "type":"inst"
        }
        , {
          "name":"Or"
          , "id":24273
          , "debug":
          [
            [
              {
                "filename":"/home/wkrska/Aggregation/jamesBenchmark/agg-hls/./core.h"
                , "line":265
              }
            ]
          ]
          , "type":"inst"
        }
        , {
          "name":"Compare"
          , "id":24425
          , "debug":
          [
            [
              {
                "filename":"/home/wkrska/Aggregation/jamesBenchmark/agg-hls/./core.h"
                , "line":265
              }
            ]
          ]
          , "type":"inst"
        }
        , {
          "name":"Select"
          , "id":24412
          , "debug":
          [
            [
              {
                "filename":"/home/wkrska/Aggregation/jamesBenchmark/agg-hls/./core.h"
                , "line":249
              }
            ]
          ]
          , "type":"inst"
        }
        , {
          "name":"Feedback"
          , "id":24649
          , "end":"5.00"
          , "parent":"_ZTSZZ4mainENKUlRN4sycl3_V17handlerEE3_clES2_E14AggregateTask0.B6"
          , "debug":
          [
            [
              {
                "filename":"/ofs_install/oneapi/2023.2/compiler/2023.2.1/linux/bin-llvm/../include/sycl/ext/intel/pipes.hpp"
                , "line":32
              }
            ]
          ]
          , "type":"inst"
        }
      ]
      , "links":
      [
        {
          "from":24492
          , "to":24522
        }
        , {
          "from":24366
          , "to":24367
        }
        , {
          "from":24346
          , "to":24348
        }
        , {
          "from":24431
          , "to":24432
        }
        , {
          "from":24432
          , "to":24433
        }
        , {
          "from":24525
          , "to":24526
        }
        , {
          "from":24512
          , "to":24513
        }
        , {
          "from":24492
          , "to":24518
        }
        , {
          "from":24271
          , "to":24272
        }
        , {
          "from":24518
          , "to":24519
        }
        , {
          "from":24506
          , "to":24508
        }
        , {
          "from":23974
          , "to":24332
        }
        , {
          "from":24341
          , "to":24369
        }
        , {
          "from":24367
          , "to":24369
        }
        , {
          "from":24314
          , "to":24344
        }
        , {
          "from":24278
          , "to":24279
        }
        , {
          "from":24403
          , "to":24435
        }
        , {
          "from":24433
          , "to":24435
        }
        , {
          "from":23956
          , "to":24323
        }
        , {
          "from":24504
          , "to":24505
        }
        , {
          "from":23842
          , "to":24234
        }
        , {
          "from":24234
          , "to":24264
        }
        , {
          "from":24519
          , "to":24520
        }
        , {
          "from":24279
          , "to":24280
        }
        , {
          "from":24034
          , "to":24394
        }
        , {
          "from":24352
          , "to":24353
        }
        , {
          "from":24439
          , "to":24440
        }
        , {
          "from":24243
          , "to":24275
        }
        , {
          "from":24332
          , "to":24362
        }
        , {
          "from":24360
          , "to":24362
        }
        , {
          "from":24526
          , "to":24527
        }
        , {
          "from":24332
          , "to":24358
        }
        , {
          "from":24421
          , "to":24449
        }
        , {
          "from":24447
          , "to":24449
        }
        , {
          "from":24265
          , "to":24266
        }
        , {
          "from":24148
          , "to":24483
        }
        , {
          "from":24344
          , "to":24345
        }
        , {
          "from":24527
          , "to":24529
        }
        , {
          "from":23878
          , "to":24252
        }
        , {
          "from":24252
          , "to":24282
        }
        , {
          "from":24280
          , "to":24282
        }
        , {
          "from":24341
          , "to":24365
        }
        , {
          "from":24234
          , "to":24268
        }
        , {
          "from":24266
          , "to":24268
        }
        , {
          "from":24129
          , "to":24130
        }
        , {
          "from":24184
          , "to":24501
        }
        , {
          "from":24261
          , "to":24285
        }
        , {
          "from":24272
          , "to":24273
        }
        , {
          "from":24424
          , "to":24425
        }
        , {
          "from":24070
          , "to":24412
        }
        , {
          "from":24508
          , "to":24649
        }
        , {
          "from":24129
          , "to":24649
          , "reverse":1
        }
      ]
    }
    , {
      "name":"Global variable"
      , "id":26140
      , "src":"25320"
      , "dst":"25324"
      , "type":"fMAX/II"
      , "brief":"Data dependency"
      , "loop":"ReadoutTask.B1"
      , "details":
      [
        {
          "type":"table"
          , "Variable on critical loop carried feedback path: ":"Global variable"
          , "Declared at: ":
          [
            {
              "type":"text"
              , "text":"%L"
              , "links":
              [
                {
                  "filename":"Unknown location"
                  , "line":"0"
                }
              ]
            }
          ]
          , "Dependency: ":"Data dependency"
          , "Estimated fmax reduced to: ":"650.0"
          , "Loop feedback path that raised II and/or lowered fMAX: ":
          [
            {
              "type":"text"
              , "text":"+(%L)"
              , "links":
              [
                {
                  "filename":"/home/wkrska/Aggregation/jamesBenchmark/agg-hls/main.cpp"
                  , "line":"367"
                }
              ]
            }
          ]
        }
      ]
      , "nodes":
      [
        {
          "name":"Global variable"
          , "id":25320
          , "start":"4.00"
          , "parent":"_ZTSZZ4mainENKUlRN4sycl3_V17handlerEE5_clES2_E11ReadoutTask.B1"
          , "debug":
          [
            [
              {
                "filename":"/home/wkrska/Aggregation/jamesBenchmark/agg-hls/main.cpp"
                , "line":367
              }
            ]
          ]
          , "type":"inst"
        }
        , {
          "name":"+"
          , "id":25323
          , "debug":
          [
            [
              {
                "filename":"/home/wkrska/Aggregation/jamesBenchmark/agg-hls/main.cpp"
                , "line":367
              }
            ]
          ]
          , "type":"inst"
        }
        , {
          "name":"Feedback"
          , "id":25324
          , "end":"4.00"
          , "parent":"_ZTSZZ4mainENKUlRN4sycl3_V17handlerEE5_clES2_E11ReadoutTask.B1"
          , "debug":
          [
            [
              {
                "filename":"/home/wkrska/Aggregation/jamesBenchmark/agg-hls/main.cpp"
                , "line":367
              }
            ]
          ]
          , "type":"inst"
        }
      ]
      , "links":
      [
        {
          "from":25320
          , "to":25323
        }
        , {
          "from":25323
          , "to":25324
        }
        , {
          "from":25320
          , "to":25324
          , "reverse":1
        }
      ]
    }
  ]
}
