{"compileInfo":{"nodes":[{"command":"aoc -o /tmp/main-3098e9-9c1176.aocx /tmp/icpx-ff3c2c/main-c1a628-babfcd.spv -sycl -dep-files=/tmp/icpx-ff3c2c/main-482968.d -output-report-folder=build/agg_overload_v4_1_5_fpgaG-D_S_=1-D_P_=4-D_N_=4-D_G_=64-DTIMERUN=0_0_650MHz.prj -g -v -hardware -clock=650MHz -seed=0 -target=/ofs_install/ofs/n6001/2023.1/oneapi-asp/n6001:ofs_n6001","family":"Agilex 7, AGFB014R24A3E3VR0, ofs_n6001_shim:ofs_n6001","id":1,"name":"agg_overload_v4_1_5_fpgaG-D_S_=1-D_P_=4-D_N_=4-D_G_=64-DTIMERUN=0_0_650MHz","product":"SYCL","quartus":"23.1.0 Build 115 Pro","time":"Thu Nov  9 10:07:54 2023","version":"2023.2.0 Build 4869f1a04d0a1423314a5e6aee7a5aa5589655f6"}]}}