{
  "performanceSummary":
  {
    "name":"Kernel Summary"
    , "columns":
    ["Kernel Name", "Kernel Type", "Autorun", "Workgroup Size", "# Compute Units", "Hyper-Optimized Handshaking"]
    , "children":
    [
      {
        "name":"MakeUniqueTask0"
        , "compiler_name":"_ZTSZZ4mainENKUlRN4sycl3_V17handlerEE0_clES2_E15MakeUniqueTask0"
        , "data":
        [
          "Single work-item"
          , "No"
          , [1, 1, 1]
          , 1
          , "Off"
        ]
        , "details":
        [
          {
            "type":"text"
            , "text":"Kernel type: Single work-item"
          }
          , {
            "type":"text"
            , "text":"Max global work dimension: 0"
          }
          , {
            "type":"text"
            , "text":"Required workgroup size: (1, 1, 1)"
          }
          , {
            "type":"text"
            , "text":"Maximum workgroup size: 1"
          }
          , {
            "type":"text"
            , "text":"Hyper-optimized handshaking disabled due to loop orchestration compiler optimization being disabled in loop _ZTSZZ4mainENKUlRN4sycl3_V17handlerEE0_clES2_E15MakeUniqueTask0.B3."
          }
        ]
        , "debug":
        [
          [
            {
              "filename":""
              , "line":0
            }
          ]
        ]
      }
      , {
        "name":"MapKeyTask0"
        , "compiler_name":"_ZTSZZ4mainENKUlRN4sycl3_V17handlerEE1_clES2_E11MapKeyTask0"
        , "data":
        [
          "Single work-item"
          , "No"
          , [1, 1, 1]
          , 1
          , "Off"
        ]
        , "details":
        [
          {
            "type":"text"
            , "text":"Kernel type: Single work-item"
          }
          , {
            "type":"text"
            , "text":"Max global work dimension: 0"
          }
          , {
            "type":"text"
            , "text":"Required workgroup size: (1, 1, 1)"
          }
          , {
            "type":"text"
            , "text":"Maximum workgroup size: 1"
          }
          , {
            "type":"text"
            , "text":"Hyper-optimized handshaking disabled due to instruction in Kernel ZTSZZ4mainENKUlRN4sycl3_V17handlerEE0_clES2_E15MakeUniqueTask0"
          }
        ]
        , "debug":
        [
          [
            {
              "filename":""
              , "line":0
            }
          ]
        ]
      }
      , {
        "name":"TraiageMappingTask0"
        , "compiler_name":"_ZTSZZ4mainENKUlRN4sycl3_V17handlerEE2_clES2_E19TraiageMappingTask0"
        , "data":
        [
          "Single work-item"
          , "No"
          , [1, 1, 1]
          , 1
          , "Off"
        ]
        , "details":
        [
          {
            "type":"text"
            , "text":"Kernel type: Single work-item"
          }
          , {
            "type":"text"
            , "text":"Max global work dimension: 0"
          }
          , {
            "type":"text"
            , "text":"Required workgroup size: (1, 1, 1)"
          }
          , {
            "type":"text"
            , "text":"Maximum workgroup size: 1"
          }
          , {
            "type":"text"
            , "text":"Hyper-optimized handshaking disabled due to instruction in Kernel ZTSZZ4mainENKUlRN4sycl3_V17handlerEE0_clES2_E15MakeUniqueTask0"
          }
        ]
        , "debug":
        [
          [
            {
              "filename":""
              , "line":0
            }
          ]
        ]
      }
      , {
        "name":"AggregateTask0"
        , "compiler_name":"_ZTSZZ4mainENKUlRN4sycl3_V17handlerEE3_clES2_E14AggregateTask0"
        , "data":
        [
          "Single work-item"
          , "No"
          , [1, 1, 1]
          , 1
          , "Off"
        ]
        , "details":
        [
          {
            "type":"text"
            , "text":"Kernel type: Single work-item"
          }
          , {
            "type":"text"
            , "text":"Max global work dimension: 0"
          }
          , {
            "type":"text"
            , "text":"Required workgroup size: (1, 1, 1)"
          }
          , {
            "type":"text"
            , "text":"Maximum workgroup size: 1"
          }
          , {
            "type":"text"
            , "text":"Hyper-optimized handshaking disabled due to instruction in Kernel ZTSZZ4mainENKUlRN4sycl3_V17handlerEE0_clES2_E15MakeUniqueTask0"
          }
        ]
        , "debug":
        [
          [
            {
              "filename":""
              , "line":0
            }
          ]
        ]
      }
      , {
        "name":"MergeAndAggregateTask"
        , "compiler_name":"_ZTSZZ4mainENKUlRN4sycl3_V17handlerEE4_clES2_E21MergeAndAggregateTask"
        , "data":
        [
          "Single work-item"
          , "No"
          , [1, 1, 1]
          , 1
          , "Off"
        ]
        , "details":
        [
          {
            "type":"text"
            , "text":"Kernel type: Single work-item"
          }
          , {
            "type":"text"
            , "text":"Max global work dimension: 0"
          }
          , {
            "type":"text"
            , "text":"Required workgroup size: (1, 1, 1)"
          }
          , {
            "type":"text"
            , "text":"Maximum workgroup size: 1"
          }
          , {
            "type":"text"
            , "text":"Hyper-optimized handshaking disabled due to instruction in Kernel ZTSZZ4mainENKUlRN4sycl3_V17handlerEE0_clES2_E15MakeUniqueTask0"
          }
        ]
        , "debug":
        [
          [
            {
              "filename":""
              , "line":0
            }
          ]
        ]
      }
      , {
        "name":"ReadoutTask"
        , "compiler_name":"_ZTSZZ4mainENKUlRN4sycl3_V17handlerEE5_clES2_E11ReadoutTask"
        , "data":
        [
          "Single work-item"
          , "No"
          , [1, 1, 1]
          , 1
          , "Off"
        ]
        , "details":
        [
          {
            "type":"text"
            , "text":"Kernel type: Single work-item"
          }
          , {
            "type":"text"
            , "text":"Max global work dimension: 0"
          }
          , {
            "type":"text"
            , "text":"Required workgroup size: (1, 1, 1)"
          }
          , {
            "type":"text"
            , "text":"Maximum workgroup size: 1"
          }
          , {
            "type":"text"
            , "text":"Hyper-optimized handshaking disabled due to instruction in Kernel ZTSZZ4mainENKUlRN4sycl3_V17handlerEE0_clES2_E15MakeUniqueTask0"
          }
        ]
        , "debug":
        [
          [
            {
              "filename":""
              , "line":0
            }
          ]
        ]
      }
      , {
        "name":"testInputSrcTask"
        , "compiler_name":"_ZTSZZ4mainENKUlRN4sycl3_V17handlerEE_clES2_E16testInputSrcTask"
        , "data":
        [
          "Single work-item"
          , "No"
          , [1, 1, 1]
          , 1
          , "Off"
        ]
        , "details":
        [
          {
            "type":"text"
            , "text":"Kernel type: Single work-item"
          }
          , {
            "type":"text"
            , "text":"Max global work dimension: 0"
          }
          , {
            "type":"text"
            , "text":"Required workgroup size: (1, 1, 1)"
          }
          , {
            "type":"text"
            , "text":"Maximum workgroup size: 1"
          }
          , {
            "type":"text"
            , "text":"Hyper-optimized handshaking disabled due to instruction in Kernel ZTSZZ4mainENKUlRN4sycl3_V17handlerEE0_clES2_E15MakeUniqueTask0"
          }
        ]
        , "debug":
        [
          [
            {
              "filename":""
              , "line":0
            }
          ]
        ]
      }
    ]
  }
  , "estimatedResources":
  {
    "name":"Estimated Resource Usage"
    , "columns":
    ["Kernel Name", "ALUTs ", "FFs  ", "RAMs ", "DSPs ", "MLABs"]
    , "children":
    [
      {
        "name":"MakeUniqueTask0"
        , "data":
        [10186, 12189, 0, 0, 293]
        , "debug":
        [
          [
            {
              "filename":""
              , "line":0
            }
          ]
        ]
      }
      , {
        "name":"MapKeyTask0"
        , "data":
        [190390, 187789, 129, 0, 17]
        , "debug":
        [
          [
            {
              "filename":""
              , "line":0
            }
          ]
        ]
      }
      , {
        "name":"TraiageMappingTask0"
        , "data":
        [21458, 57156, 0, 0, 835]
        , "debug":
        [
          [
            {
              "filename":""
              , "line":0
            }
          ]
        ]
      }
      , {
        "name":"AggregateTask0"
        , "data":
        [27439, 30566, 64, 0, 13]
        , "debug":
        [
          [
            {
              "filename":""
              , "line":0
            }
          ]
        ]
      }
      , {
        "name":"MergeAndAggregateTask"
        , "data":
        [3671, 5042, 4, 0, 24]
        , "debug":
        [
          [
            {
              "filename":""
              , "line":0
            }
          ]
        ]
      }
      , {
        "name":"ReadoutTask"
        , "data":
        [866, 3220, 17, 0, 16]
        , "debug":
        [
          [
            {
              "filename":""
              , "line":0
            }
          ]
        ]
      }
      , {
        "name":"testInputSrcTask"
        , "data":
        [8952, 17414, 71, 0, 335]
        , "debug":
        [
          [
            {
              "filename":""
              , "line":0
            }
          ]
        ]
      }
      , {
        "name":"Kernel Subtotal"
        , "classes":
        ["summary-highlight", "nohover"]
        , "data":
        [262962, 313376, 285, 0, 1533]
      }
      , {
        "name":"Board Interface"
        , "classes":
        ["summary-highlight", "nohover"]
        , "data":
        [689418, 1249098, 4148, 2284, 0]
      }
      , {
        "name":"System description ROM"
        , "classes":
        ["summary-highlight", "nohover"]
        , "data":
        [2, 71, 2, 0, 0]
      }
      , {
        "name":"Pipe resources"
        , "classes":
        ["summary-highlight", "nohover"]
        , "data":
        [77, 37098, 8, 0, 606]
      }
      , {
        "name":"Total"
        , "classes":
        ["summary-highlight", "nohover"]
        , "data":
        [952459, 1599643, 4443, 2284, 2139]
        , "data_percent":
        [97.7483, 82.0835, 62.4895, 50.643]
      }
      , {
        "name":"Available"
        , "classes":
        ["summary-highlight", "nohover"]
        , "data":
        [974400, 1948800, 7110, 4510, 0]
      }
    ]
  }
  , "compileWarnings":
  {
    "name":"Compile Warnings"
    , "children":
    [
    ]
  }
}
