{"compileInfo":{"nodes":[{"command":"aoc -o /tmp/main-dc1f31-e785a3.aocx /tmp/icpx-e11cf0/main-0dd199-f72c22.spv -sycl -dep-files=/tmp/icpx-e11cf0/main-880d2a.d -output-report-folder=build/agg_overload_v4_1_fpgaG-D_S_=1-D_P_=4-D_N_=4-D_G_=64-DTIMERUN=0_0_650MHz.prj -g -v -hardware -clock=650MHz -seed=0 -target=/ofs_install/ofs/n6001/2023.1/oneapi-asp/n6001:ofs_n6001","family":"Agilex 7, AGFB014R24A3E3VR0, ofs_n6001_shim:ofs_n6001","id":1,"name":"agg_overload_v4_1_fpgaG-D_S_=1-D_P_=4-D_N_=4-D_G_=64-DTIMERUN=0_0_650MHz","product":"SYCL","quartus":"23.1.0 Build 115 Pro","time":"Wed Nov  8 16:26:19 2023","version":"2023.2.0 Build 4869f1a04d0a1423314a5e6aee7a5aa5589655f6"}]}}