{"children":[{"data":[13132,20030,112,0,0],"details":[{"text":"Platform interface logic.","type":"text"}],"name":"Board interface","type":"resource"},{"data":[2,71,2,0,0],"details":[{"text":"This read-only memory contains information for the host about the system and about each kernel in the system, including kernel names, arguments, and attributes. The system description ROM ensures that the binary image on the FPGA is compatible with the host program.","type":"text"},{"text":"Contains information for the host.","type":"brief"}],"name":"System description ROM","type":"resource"},{"children":[{"data":[11,486,0,0,8],"details":[{"text":"Pipe is implemented 160 bits wide by 16 deep.","type":"text"},{"text":"160b wide by 16 deep.","type":"brief"},{"links":[{"guide":"FPGA Optimization Guide : Pipes","link":"https://www.intel.com/content/www/us/en/docs/oneapi-fpga-add-on/optimization-guide/current/pipes.html"}],"text":"See %L for more information","type":"text"}],"name":"Pipe (_pipe0_0)","type":"resource"},{"data":[11,582,0,0,10],"details":[{"text":"Pipe is implemented 192 bits wide by 16 deep.","type":"text"},{"text":"192b wide by 16 deep.","type":"brief"},{"links":[{"guide":"FPGA Optimization Guide : Pipes","link":"https://www.intel.com/content/www/us/en/docs/oneapi-fpga-add-on/optimization-guide/current/pipes.html"}],"text":"See %L for more information","type":"text"}],"name":"Pipe (_pipe1_0)","type":"resource"},{"data":[11,582,0,0,10],"details":[{"text":"Pipe is implemented 192 bits wide by 16 deep.","type":"text"},{"text":"192b wide by 16 deep.","type":"brief"},{"links":[{"guide":"FPGA Optimization Guide : Pipes","link":"https://www.intel.com/content/www/us/en/docs/oneapi-fpga-add-on/optimization-guide/current/pipes.html"}],"text":"See %L for more information","type":"text"}],"name":"Pipe (_pipe2_0A)","type":"resource"},{"data":[11,582,0,0,10],"details":[{"text":"Pipe is implemented 192 bits wide by 16 deep.","type":"text"},{"text":"192b wide by 16 deep.","type":"brief"},{"links":[{"guide":"FPGA Optimization Guide : Pipes","link":"https://www.intel.com/content/www/us/en/docs/oneapi-fpga-add-on/optimization-guide/current/pipes.html"}],"text":"See %L for more information","type":"text"}],"name":"Pipe (_pipe2_0B)","type":"resource"},{"data":[11,582,0,0,10],"details":[{"text":"Pipe is implemented 192 bits wide by 16 deep.","type":"text"},{"text":"192b wide by 16 deep.","type":"brief"},{"links":[{"guide":"FPGA Optimization Guide : Pipes","link":"https://www.intel.com/content/www/us/en/docs/oneapi-fpga-add-on/optimization-guide/current/pipes.html"}],"text":"See %L for more information","type":"text"}],"name":"Pipe (_pipe2_0C)","type":"resource"},{"data":[11,390,0,0,7],"details":[{"text":"Pipe is implemented 128 bits wide by 24 deep.","type":"text"},{"text":"128b wide by 24 deep.","type":"brief"},{"text":"Requested depth was 4.","type":"text"},{"details":[{"text":"instruction scheduling requirements","type":"text"},{"text":"nature of underlying FIFO implementation","type":"text"}],"text":"Pipe depth was changed for the following reasons:","type":"text"},{"links":[{"guide":"FPGA Optimization Guide : Pipes","link":"https://www.intel.com/content/www/us/en/docs/oneapi-fpga-add-on/optimization-guide/current/pipes.html"}],"text":"See %L for more information","type":"text"}],"name":"Pipe (_pipe3_0)","type":"resource"},{"data":[23,652,0,0,0],"details":[{"text":"Pipe is implemented 128 bits wide by 4 deep.","type":"text"},{"text":"128b wide by 4 deep.","type":"brief"},{"links":[{"guide":"FPGA Optimization Guide : Pipes","link":"https://www.intel.com/content/www/us/en/docs/oneapi-fpga-add-on/optimization-guide/current/pipes.html"}],"text":"See %L for more information","type":"text"}],"name":"Pipe (_pipe6)","type":"resource"},{"data":[11,102,0,0,2],"details":[{"text":"Pipe is implemented 32 bits wide by 16 deep.","type":"text"},{"text":"32b wide by 16 deep.","type":"brief"},{"links":[{"guide":"FPGA Optimization Guide : Pipes","link":"https://www.intel.com/content/www/us/en/docs/oneapi-fpga-add-on/optimization-guide/current/pipes.html"}],"text":"See %L for more information","type":"text"}],"name":"Pipe (_pipe_selA_0)","type":"resource"},{"data":[11,102,0,0,2],"details":[{"text":"Pipe is implemented 32 bits wide by 16 deep.","type":"text"},{"text":"32b wide by 16 deep.","type":"brief"},{"links":[{"guide":"FPGA Optimization Guide : Pipes","link":"https://www.intel.com/content/www/us/en/docs/oneapi-fpga-add-on/optimization-guide/current/pipes.html"}],"text":"See %L for more information","type":"text"}],"name":"Pipe (_pipe_selMA)","type":"resource"},{"data":[11,102,0,0,2],"details":[{"text":"Pipe is implemented 32 bits wide by 16 deep.","type":"text"},{"text":"32b wide by 16 deep.","type":"brief"},{"links":[{"guide":"FPGA Optimization Guide : Pipes","link":"https://www.intel.com/content/www/us/en/docs/oneapi-fpga-add-on/optimization-guide/current/pipes.html"}],"text":"See %L for more information","type":"text"}],"name":"Pipe (_pipe_selU_0)","type":"resource"}],"data":[122,4162,0,0,61],"name":"Pipe resources","type":"group"},{"children":[{"data":[323,365,0,0,13],"details":[{"text":"Feedback+Cluster logic","type":"brief"}],"name":"Data control overhead","type":"resource"},{"data":[32,98,0,0,0],"details":[{"text":"Type: Register","type":"text"},{"text":"1 register of width 17 bits","type":"text"},{"text":"1 register of width 32 bits","type":"text"},{"text":"Register,\n1 reg, 17 width,\n1 reg, 32 width","type":"brief"}],"name":"Private Variable: \n - 'i' (main.cpp:290)","type":"resource"},{"data":[16,72,0,0,0],"details":[{"text":"Type: Register","type":"text"},{"text":"1 register of width 4 bits","type":"text"},{"text":"1 register of width 32 bits","type":"text"},{"text":"Register,\n1 reg, 4 width,\n1 reg, 32 width","type":"brief"}],"name":"Private Variable: \n - 'r' (main.cpp:289)","type":"resource"},{"children":[{"count":2,"data":[102,306,2,0,0],"debug":[[{"filename":"","line":0}]],"name":"State","type":"resource"},{"count":1,"data":[33,0,0,0,0],"debug":[[{"filename":"","line":0}]],"name":"64-bit Integer Add","type":"resource"}],"data":[135,306,2,0,0],"name":"No Source Line","type":"resource"},{"children":[{"children":[{"count":1,"data":[1,0,0,0,0],"debug":[[{"filename":"/opt/intel/oneapi/compiler/2023.2.0/linux/bin-llvm/../include/sycl/handler.hpp","line":"1211"}]],"name":"1-bit And","type":"resource"},{"count":1,"data":[1,0,0,0,0],"debug":[[{"filename":"/opt/intel/oneapi/compiler/2023.2.0/linux/bin-llvm/../include/sycl/handler.hpp","line":"1211"}]],"name":"4-bit Integer Compare","type":"resource"}],"data":[2,0,0,0,0],"debug":[[{"filename":"/opt/intel/oneapi/compiler/2023.2.0/linux/bin-llvm/../include/sycl/handler.hpp","line":1211},{"filename":"/home/wkrska/Aggregation/agg-hls/main.cpp","line":289}]],"name":"handler.hpp:1211 > main.cpp:289","replace_name":true,"type":"resource"},{"children":[{"count":1,"data":[1,0,0,0,0],"debug":[[{"filename":"/opt/intel/oneapi/compiler/2023.2.0/linux/bin-llvm/../include/sycl/handler.hpp","line":"1211"}]],"name":"1-bit And","type":"resource"}],"data":[1,0,0,0,0],"debug":[[{"filename":"/opt/intel/oneapi/compiler/2023.2.0/linux/bin-llvm/../include/sycl/handler.hpp","line":1211},{"filename":"/home/wkrska/Aggregation/agg-hls/main.cpp","line":290}]],"name":"handler.hpp:1211 > main.cpp:290","replace_name":true,"type":"resource"},{"children":[{"count":1,"data":[504,2098,15,0,7],"debug":[[{"filename":"/opt/intel/oneapi/compiler/2023.2.0/linux/bin-llvm/../include/sycl/handler.hpp","line":"1211"}]],"name":"Load","type":"resource"}],"data":[504,2098,15,0,7],"debug":[[{"filename":"/opt/intel/oneapi/compiler/2023.2.0/linux/bin-llvm/../include/sycl/handler.hpp","line":1211},{"filename":"/home/wkrska/Aggregation/agg-hls/main.cpp","line":298}]],"name":"handler.hpp:1211 > main.cpp:298","replace_name":true,"type":"resource"},{"children":[{"count":1,"data":[11,1,0,0,0],"debug":[[{"filename":"/opt/intel/oneapi/compiler/2023.2.0/linux/bin-llvm/../include/sycl/handler.hpp","line":"1211"}]],"name":"32-bit Integer Compare","type":"resource"}],"data":[11,1,0,0,0],"debug":[[{"filename":"/opt/intel/oneapi/compiler/2023.2.0/linux/bin-llvm/../include/sycl/handler.hpp","line":1211},{"filename":"/home/wkrska/Aggregation/agg-hls/main.cpp","line":317}]],"name":"handler.hpp:1211 > main.cpp:317","replace_name":true,"type":"resource"},{"children":[{"count":1,"data":[3,2,0,0,0],"debug":[[{"filename":"/opt/intel/oneapi/compiler/2023.2.0/linux/bin-llvm/../include/sycl/handler.hpp","line":"1211"}]],"name":"Pipe Write","type":"resource"}],"data":[3,2,0,0,0],"debug":[[{"filename":"/opt/intel/oneapi/compiler/2023.2.0/linux/bin-llvm/../include/sycl/handler.hpp","line":1211},{"filename":"/home/wkrska/Aggregation/agg-hls/main.cpp","line":322},{"filename":"/opt/intel/oneapi/compiler/2023.2.0/linux/bin-llvm/../include/sycl/ext/intel/pipes.hpp","line":85}]],"name":"handler.hpp:1211 > main.cpp:322 > \npipes.hpp:85","replace_name":true,"type":"resource"}],"data":[521,2101,15,0,7],"debug":[[{"filename":"/opt/intel/oneapi/compiler/2023.2.0/linux/bin-llvm/../include/sycl/handler.hpp","line":1211}]],"name":"/opt/intel/oneapi/compiler/2023.2.0/linux/bin-llvm/../include/sycl/handler.hpp:1211","replace_name":"true","type":"resource"}],"compute_units":1,"data":[1027,2942,17,0,20],"debug":[[{"filename":"main.cpp","line":289}]],"details":[{"text":"Number of compute units: 1","type":"text"},{"text":"Max global work dimension: 0","type":"text"},{"text":"1 compute unit.\nMax global work dimension: 0","type":"brief"}],"name":"testInputSrcTask","total_kernel_resources":[1027,2942,17,0,20],"total_percent":[0.289371,0.146449,0.150965,0.2391,0],"type":"function"},{"children":[{"data":[119,169,0,0,10],"details":[{"text":"Feedback+Cluster logic","type":"brief"}],"name":"Data control overhead","type":"resource"},{"children":[{"children":[{"count":1,"data":[2,0,0,0,0],"debug":[[{"filename":"/opt/intel/oneapi/compiler/2023.2.0/linux/bin-llvm/../include/sycl/handler.hpp","line":"1211"}]],"name":"Pipe Read","type":"resource"}],"data":[2,0,0,0,0],"debug":[[{"filename":"/opt/intel/oneapi/compiler/2023.2.0/linux/bin-llvm/../include/sycl/handler.hpp","line":1211},{"filename":"/home/wkrska/Aggregation/agg-hls/main.cpp","line":356},{"filename":"/home/wkrska/Aggregation/agg-hls/./stages.h","line":36},{"filename":"/opt/intel/oneapi/compiler/2023.2.0/linux/bin-llvm/../include/sycl/ext/intel/pipes.hpp","line":69}]],"name":"handler.hpp:1211 > main.cpp:356 > \nstages.h:36 > pipes.hpp:69","replace_name":true,"type":"resource"},{"children":[{"count":1,"data":[1,0,0,0,0],"debug":[[{"filename":"/opt/intel/oneapi/compiler/2023.2.0/linux/bin-llvm/../include/sycl/handler.hpp","line":"1211"}]],"name":"1-bit And","type":"resource"}],"data":[1,0,0,0,0],"debug":[[{"filename":"/opt/intel/oneapi/compiler/2023.2.0/linux/bin-llvm/../include/sycl/handler.hpp","line":1211},{"filename":"/home/wkrska/Aggregation/agg-hls/main.cpp","line":356},{"filename":"/home/wkrska/Aggregation/agg-hls/./stages.h","line":38}]],"name":"handler.hpp:1211 > main.cpp:356 > \nstages.h:38","replace_name":true,"type":"resource"},{"children":[{"count":1,"data":[4,0,0,0,0],"debug":[[{"filename":"/opt/intel/oneapi/compiler/2023.2.0/linux/bin-llvm/../include/sycl/handler.hpp","line":"1211"}]],"name":"Pipe Read","type":"resource"}],"data":[4,0,0,0,0],"debug":[[{"filename":"/opt/intel/oneapi/compiler/2023.2.0/linux/bin-llvm/../include/sycl/handler.hpp","line":1211},{"filename":"/home/wkrska/Aggregation/agg-hls/main.cpp","line":356},{"filename":"/home/wkrska/Aggregation/agg-hls/./stages.h","line":40},{"filename":"/opt/intel/oneapi/compiler/2023.2.0/linux/bin-llvm/../include/sycl/ext/intel/pipes.hpp","line":69}]],"name":"handler.hpp:1211 > main.cpp:356 > \nstages.h:40 > pipes.hpp:69","replace_name":true,"type":"resource"},{"children":[{"count":1,"data":[3,2,0,0,0],"debug":[[{"filename":"/opt/intel/oneapi/compiler/2023.2.0/linux/bin-llvm/../include/sycl/handler.hpp","line":"1211"}]],"name":"Pipe Write","type":"resource"}],"data":[3,2,0,0,0],"debug":[[{"filename":"/opt/intel/oneapi/compiler/2023.2.0/linux/bin-llvm/../include/sycl/handler.hpp","line":1211},{"filename":"/home/wkrska/Aggregation/agg-hls/main.cpp","line":356},{"filename":"/home/wkrska/Aggregation/agg-hls/./stages.h","line":56},{"filename":"/opt/intel/oneapi/compiler/2023.2.0/linux/bin-llvm/../include/sycl/ext/intel/pipes.hpp","line":85}]],"name":"handler.hpp:1211 > main.cpp:356 > \nstages.h:56 > pipes.hpp:85","replace_name":true,"type":"resource"}],"data":[10,2,0,0,0],"debug":[[{"filename":"/opt/intel/oneapi/compiler/2023.2.0/linux/bin-llvm/../include/sycl/handler.hpp","line":1211}]],"name":"/opt/intel/oneapi/compiler/2023.2.0/linux/bin-llvm/../include/sycl/handler.hpp:1211","replace_name":"true","type":"resource"},{"children":[{"count":"1","data":[5,15,0,0,0],"debug":[[{"filename":"","line":0}]],"name":"State","type":"resource"}],"data":[5,15,0,0,0],"name":"No Source Line","type":"resource"}],"compute_units":1,"data":[134,186,0,0,10],"details":[{"text":"Number of compute units: 1","type":"text"},{"text":"Max global work dimension: 0","type":"text"},{"text":"1 compute unit.\nMax global work dimension: 0","type":"brief"}],"name":"MakeUniqueTask0","total_kernel_resources":[134,186,0,0,10],"total_percent":[0.0393604,0.0342775,0.00954434,0,0],"type":"function"},{"children":[{"data":[405,522,0,0,10],"details":[{"text":"Feedback+Cluster logic","type":"brief"}],"name":"Data control overhead","type":"resource"},{"children":[{"count":"1","data":[128,625,0,0,6],"debug":[[{"filename":"","line":0}]],"name":"State","type":"resource"}],"data":[128,625,0,0,6],"name":"No Source Line","type":"resource"},{"children":[{"children":[{"count":1,"data":[1,0,0,0,0],"debug":[[{"filename":"/opt/intel/oneapi/compiler/2023.2.0/linux/bin-llvm/../include/sycl/handler.hpp","line":"1211"}]],"name":"1-bit And","type":"resource"}],"data":[1,0,0,0,0],"debug":[[{"filename":"/opt/intel/oneapi/compiler/2023.2.0/linux/bin-llvm/../include/sycl/handler.hpp","line":1211},{"filename":"/home/wkrska/Aggregation/agg-hls/main.cpp","line":365},{"filename":"/home/wkrska/Aggregation/agg-hls/./stages.h","line":69}]],"name":"handler.hpp:1211 > main.cpp:365 > \nstages.h:69","replace_name":true,"type":"resource"},{"children":[{"count":1,"data":[1,0,0,0,0],"debug":[[{"filename":"/opt/intel/oneapi/compiler/2023.2.0/linux/bin-llvm/../include/sycl/handler.hpp","line":"1211"}]],"name":"Pipe Read","type":"resource"}],"data":[1,0,0,0,0],"debug":[[{"filename":"/opt/intel/oneapi/compiler/2023.2.0/linux/bin-llvm/../include/sycl/handler.hpp","line":1211},{"filename":"/home/wkrska/Aggregation/agg-hls/main.cpp","line":365},{"filename":"/home/wkrska/Aggregation/agg-hls/./stages.h","line":72},{"filename":"/opt/intel/oneapi/compiler/2023.2.0/linux/bin-llvm/../include/sycl/ext/intel/pipes.hpp","line":69}]],"name":"handler.hpp:1211 > main.cpp:365 > \nstages.h:72 > pipes.hpp:69","replace_name":true,"type":"resource"},{"children":[{"count":4,"data":[1.33333,0,0,0,0],"debug":[[{"filename":"/opt/intel/oneapi/compiler/2023.2.0/linux/bin-llvm/../include/sycl/handler.hpp","line":"1211"}]],"name":"1-bit Or","type":"resource"},{"count":1,"data":[1,1,0,0,0],"debug":[[{"filename":"/opt/intel/oneapi/compiler/2023.2.0/linux/bin-llvm/../include/sycl/handler.hpp","line":"1211"}]],"name":"8-bit Integer Compare","type":"resource"}],"data":[2.33333,1,0,0,0],"debug":[[{"filename":"/opt/intel/oneapi/compiler/2023.2.0/linux/bin-llvm/../include/sycl/handler.hpp","line":1211},{"filename":"/home/wkrska/Aggregation/agg-hls/main.cpp","line":365},{"filename":"/home/wkrska/Aggregation/agg-hls/./stages.h","line":87}]],"name":"handler.hpp:1211 > main.cpp:365 > \nstages.h:87","replace_name":true,"type":"resource"},{"children":[{"count":5,"data":[11,0,0,0,0],"debug":[[{"filename":"/opt/intel/oneapi/compiler/2023.2.0/linux/bin-llvm/../include/sycl/handler.hpp","line":"1211"}]],"name":"8-bit Select","type":"resource"}],"data":[11,0,0,0,0],"debug":[[{"filename":"/opt/intel/oneapi/compiler/2023.2.0/linux/bin-llvm/../include/sycl/handler.hpp","line":1211},{"filename":"/home/wkrska/Aggregation/agg-hls/main.cpp","line":365},{"filename":"/home/wkrska/Aggregation/agg-hls/./stages.h","line":87},{"filename":"/home/wkrska/Aggregation/agg-hls/./core.h","line":125}]],"name":"handler.hpp:1211 > main.cpp:365 > \nstages.h:87 > core.h:125","replace_name":true,"type":"resource"},{"children":[{"count":12,"data":[160,24,0,0,0],"debug":[[{"filename":"/opt/intel/oneapi/compiler/2023.2.0/linux/bin-llvm/../include/sycl/handler.hpp","line":"1211"}]],"name":"16-bit Select","type":"resource"},{"count":4,"data":[44,1,0,0,0],"debug":[[{"filename":"/opt/intel/oneapi/compiler/2023.2.0/linux/bin-llvm/../include/sycl/handler.hpp","line":"1211"}]],"name":"32-bit Integer Compare","type":"resource"},{"count":12,"data":[10,0,0,0,0],"debug":[[{"filename":"/opt/intel/oneapi/compiler/2023.2.0/linux/bin-llvm/../include/sycl/handler.hpp","line":"1211"}]],"name":"8-bit Select","type":"resource"}],"data":[214,25,0,0,0],"debug":[[{"filename":"/opt/intel/oneapi/compiler/2023.2.0/linux/bin-llvm/../include/sycl/handler.hpp","line":1211},{"filename":"/home/wkrska/Aggregation/agg-hls/main.cpp","line":365},{"filename":"/home/wkrska/Aggregation/agg-hls/./stages.h","line":87},{"filename":"/home/wkrska/Aggregation/agg-hls/./core.h","line":129}]],"name":"handler.hpp:1211 > main.cpp:365 > \nstages.h:87 > core.h:129","replace_name":true,"type":"resource"},{"children":[{"count":4,"data":[1.33333,0,0,0,0],"debug":[[{"filename":"/opt/intel/oneapi/compiler/2023.2.0/linux/bin-llvm/../include/sycl/handler.hpp","line":"1211"}]],"name":"1-bit Or","type":"resource"},{"count":4,"data":[2,0.5,0,0,0],"debug":[[{"filename":"/opt/intel/oneapi/compiler/2023.2.0/linux/bin-llvm/../include/sycl/handler.hpp","line":"1211"}]],"name":"1-bit Select","type":"resource"},{"count":4,"data":[64,16,0,0,0],"debug":[[{"filename":"/opt/intel/oneapi/compiler/2023.2.0/linux/bin-llvm/../include/sycl/handler.hpp","line":"1211"}]],"name":"32-bit Select","type":"resource"}],"data":[67.3333,16.5,0,0,0],"debug":[[{"filename":"/opt/intel/oneapi/compiler/2023.2.0/linux/bin-llvm/../include/sycl/handler.hpp","line":1211},{"filename":"/home/wkrska/Aggregation/agg-hls/main.cpp","line":365},{"filename":"/home/wkrska/Aggregation/agg-hls/./stages.h","line":87},{"filename":"/home/wkrska/Aggregation/agg-hls/./core.h","line":130}]],"name":"handler.hpp:1211 > main.cpp:365 > \nstages.h:87 > core.h:130","replace_name":true,"type":"resource"},{"children":[{"count":4,"data":[1.33333,0,0,0,0],"debug":[[{"filename":"/opt/intel/oneapi/compiler/2023.2.0/linux/bin-llvm/../include/sycl/handler.hpp","line":"1211"}]],"name":"1-bit Or","type":"resource"},{"count":8,"data":[6,1.5,0,0,0],"debug":[[{"filename":"/opt/intel/oneapi/compiler/2023.2.0/linux/bin-llvm/../include/sycl/handler.hpp","line":"1211"}]],"name":"1-bit Select","type":"resource"},{"count":8,"data":[96,24,0,0,0],"debug":[[{"filename":"/opt/intel/oneapi/compiler/2023.2.0/linux/bin-llvm/../include/sycl/handler.hpp","line":"1211"}]],"name":"16-bit Select","type":"resource"},{"count":4,"data":[64,16,0,0,0],"debug":[[{"filename":"/opt/intel/oneapi/compiler/2023.2.0/linux/bin-llvm/../include/sycl/handler.hpp","line":"1211"}]],"name":"32-bit Select","type":"resource"},{"count":13,"data":[17,0,0,0,0],"debug":[[{"filename":"/opt/intel/oneapi/compiler/2023.2.0/linux/bin-llvm/../include/sycl/handler.hpp","line":"1211"}]],"name":"8-bit Select","type":"resource"}],"data":[184.333,41.5,0,0,0],"debug":[[{"filename":"/opt/intel/oneapi/compiler/2023.2.0/linux/bin-llvm/../include/sycl/handler.hpp","line":1211},{"filename":"/home/wkrska/Aggregation/agg-hls/main.cpp","line":365},{"filename":"/home/wkrska/Aggregation/agg-hls/./stages.h","line":87},{"filename":"/home/wkrska/Aggregation/agg-hls/./core.h","line":138}]],"name":"handler.hpp:1211 > main.cpp:365 > \nstages.h:87 > core.h:138","replace_name":true,"type":"resource"},{"children":[{"count":5,"data":[11,0,0,0,0],"debug":[[{"filename":"/opt/intel/oneapi/compiler/2023.2.0/linux/bin-llvm/../include/sycl/handler.hpp","line":"1211"}]],"name":"8-bit Select","type":"resource"}],"data":[11,0,0,0,0],"debug":[[{"filename":"/opt/intel/oneapi/compiler/2023.2.0/linux/bin-llvm/../include/sycl/handler.hpp","line":1211},{"filename":"/home/wkrska/Aggregation/agg-hls/main.cpp","line":365},{"filename":"/home/wkrska/Aggregation/agg-hls/./stages.h","line":87},{"filename":"/home/wkrska/Aggregation/agg-hls/./core.h","line":150}]],"name":"handler.hpp:1211 > main.cpp:365 > \nstages.h:87 > core.h:150","replace_name":true,"type":"resource"},{"children":[{"count":1,"data":[3,2,0,0,0],"debug":[[{"filename":"/opt/intel/oneapi/compiler/2023.2.0/linux/bin-llvm/../include/sycl/handler.hpp","line":"1211"}]],"name":"Pipe Write","type":"resource"}],"data":[3,2,0,0,0],"debug":[[{"filename":"/opt/intel/oneapi/compiler/2023.2.0/linux/bin-llvm/../include/sycl/handler.hpp","line":1211},{"filename":"/home/wkrska/Aggregation/agg-hls/main.cpp","line":365},{"filename":"/home/wkrska/Aggregation/agg-hls/./stages.h","line":106},{"filename":"/opt/intel/oneapi/compiler/2023.2.0/linux/bin-llvm/../include/sycl/ext/intel/pipes.hpp","line":85}]],"name":"handler.hpp:1211 > main.cpp:365 > \nstages.h:106 > pipes.hpp:85","replace_name":true,"type":"resource"}],"data":[494.99963,86,0,0,0],"debug":[[{"filename":"/opt/intel/oneapi/compiler/2023.2.0/linux/bin-llvm/../include/sycl/handler.hpp","line":1211}]],"name":"/opt/intel/oneapi/compiler/2023.2.0/linux/bin-llvm/../include/sycl/handler.hpp:1211","replace_name":"true","type":"resource"}],"compute_units":1,"data":[1027.99963,1233,0,0,16],"details":[{"text":"Number of compute units: 1","type":"text"},{"text":"Max global work dimension: 0","type":"text"},{"text":"1 compute unit.\nMax global work dimension: 0","type":"brief"}],"name":"MapKeyTask0","total_kernel_resources":[1028,1233,0,0,16],"total_percent":[0.18608,0.138342,0.0632697,0,0],"type":"function"},{"children":[{"data":[189,306,0,0,18],"details":[{"text":"Feedback+Cluster logic","type":"brief"}],"name":"Data control overhead","type":"resource"},{"children":[{"count":"1","data":[5,15,0,0,0],"debug":[[{"filename":"","line":0}]],"name":"State","type":"resource"},{"count":1,"data":[1,0,0,0,0],"debug":[[{"filename":"","line":0}]],"name":"1-bit Select","type":"resource"}],"data":[6,15,0,0,0],"name":"No Source Line","type":"resource"},{"children":[{"children":[{"count":1,"data":[1,0,0,0,0],"debug":[[{"filename":"/opt/intel/oneapi/compiler/2023.2.0/linux/bin-llvm/../include/sycl/handler.hpp","line":"1211"}]],"name":"1-bit And","type":"resource"}],"data":[1,0,0,0,0],"debug":[[{"filename":"/opt/intel/oneapi/compiler/2023.2.0/linux/bin-llvm/../include/sycl/handler.hpp","line":1211},{"filename":"/home/wkrska/Aggregation/agg-hls/main.cpp","line":370},{"filename":"/home/wkrska/Aggregation/agg-hls/./stages.h","line":115}]],"name":"handler.hpp:1211 > main.cpp:370 > \nstages.h:115","replace_name":true,"type":"resource"},{"children":[{"count":1,"data":[4,0,0,0,0],"debug":[[{"filename":"/opt/intel/oneapi/compiler/2023.2.0/linux/bin-llvm/../include/sycl/handler.hpp","line":"1211"}]],"name":"Pipe Read","type":"resource"}],"data":[4,0,0,0,0],"debug":[[{"filename":"/opt/intel/oneapi/compiler/2023.2.0/linux/bin-llvm/../include/sycl/handler.hpp","line":1211},{"filename":"/home/wkrska/Aggregation/agg-hls/main.cpp","line":370},{"filename":"/home/wkrska/Aggregation/agg-hls/./stages.h","line":117},{"filename":"/opt/intel/oneapi/compiler/2023.2.0/linux/bin-llvm/../include/sycl/ext/intel/pipes.hpp","line":69}]],"name":"handler.hpp:1211 > main.cpp:370 > \nstages.h:117 > pipes.hpp:69","replace_name":true,"type":"resource"},{"children":[{"count":1,"data":[1,0,0,0,0],"debug":[[{"filename":"/opt/intel/oneapi/compiler/2023.2.0/linux/bin-llvm/../include/sycl/handler.hpp","line":"1211"}]],"name":"1-bit Select","type":"resource"},{"count":1,"data":[8,0,0,0,0],"debug":[[{"filename":"/opt/intel/oneapi/compiler/2023.2.0/linux/bin-llvm/../include/sycl/handler.hpp","line":"1211"}]],"name":"8-bit Select","type":"resource"}],"data":[9,0,0,0,0],"debug":[[{"filename":"/opt/intel/oneapi/compiler/2023.2.0/linux/bin-llvm/../include/sycl/handler.hpp","line":1211},{"filename":"/home/wkrska/Aggregation/agg-hls/main.cpp","line":370},{"filename":"/home/wkrska/Aggregation/agg-hls/./stages.h","line":124}]],"name":"handler.hpp:1211 > main.cpp:370 > \nstages.h:124","replace_name":true,"type":"resource"},{"children":[{"count":1,"data":[3,2,0,0,0],"debug":[[{"filename":"/opt/intel/oneapi/compiler/2023.2.0/linux/bin-llvm/../include/sycl/handler.hpp","line":"1211"}]],"name":"Pipe Write","type":"resource"}],"data":[3,2,0,0,0],"debug":[[{"filename":"/opt/intel/oneapi/compiler/2023.2.0/linux/bin-llvm/../include/sycl/handler.hpp","line":1211},{"filename":"/home/wkrska/Aggregation/agg-hls/main.cpp","line":370},{"filename":"/home/wkrska/Aggregation/agg-hls/./stages.h","line":136},{"filename":"/opt/intel/oneapi/compiler/2023.2.0/linux/bin-llvm/../include/sycl/ext/intel/pipes.hpp","line":85}]],"name":"handler.hpp:1211 > main.cpp:370 > \nstages.h:136 > pipes.hpp:85","replace_name":true,"type":"resource"},{"children":[{"count":1,"data":[3,2,0,0,0],"debug":[[{"filename":"/opt/intel/oneapi/compiler/2023.2.0/linux/bin-llvm/../include/sycl/handler.hpp","line":"1211"}]],"name":"Pipe Write","type":"resource"}],"data":[3,2,0,0,0],"debug":[[{"filename":"/opt/intel/oneapi/compiler/2023.2.0/linux/bin-llvm/../include/sycl/handler.hpp","line":1211},{"filename":"/home/wkrska/Aggregation/agg-hls/main.cpp","line":370},{"filename":"/home/wkrska/Aggregation/agg-hls/./stages.h","line":138},{"filename":"/opt/intel/oneapi/compiler/2023.2.0/linux/bin-llvm/../include/sycl/ext/intel/pipes.hpp","line":85}]],"name":"handler.hpp:1211 > main.cpp:370 > \nstages.h:138 > pipes.hpp:85","replace_name":true,"type":"resource"}],"data":[20,4,0,0,0],"debug":[[{"filename":"/opt/intel/oneapi/compiler/2023.2.0/linux/bin-llvm/../include/sycl/handler.hpp","line":1211}]],"name":"/opt/intel/oneapi/compiler/2023.2.0/linux/bin-llvm/../include/sycl/handler.hpp:1211","replace_name":"true","type":"resource"}],"compute_units":1,"data":[215,325,0,0,18],"details":[{"text":"Number of compute units: 1","type":"text"},{"text":"Max global work dimension: 0","type":"text"},{"text":"1 compute unit.\nMax global work dimension: 0","type":"brief"}],"name":"TraiageMappingTask0","total_kernel_resources":[215,325,0,0,18],"total_percent":[0.0680316,0.0590107,0.0166769,0,0],"type":"function"},{"children":[{"data":[627,556,0,0,11],"details":[{"text":"Feedback+Cluster logic","type":"brief"}],"name":"Data control overhead","type":"resource"},{"data":[8,32,0,0,0],"details":[{"text":"Type: Register","type":"text"},{"text":"1 register of width 16 bits","type":"text"},{"text":"Register,\n1 reg, 16 width","type":"brief"}],"name":"Coalesced Private Variables: \n - 'TempData' (pipes.hpp:30)\n - '__deferredIdx' (stages.h:155)\n - 'iBundle' (stages.h:175)","type":"resource"},{"data":[8,64,0,0,0],"details":[{"text":"Type: Register","type":"text"},{"text":"1 register of width 32 bits","type":"text"},{"text":"Register,\n1 reg, 32 width","type":"brief"}],"name":"Coalesced Private Variables: \n - 'TempData' (pipes.hpp:30)\n - 'iBundle' (stages.h:175)\n - 'update' (core.h:253)","type":"resource"},{"data":[8,2,0,0,0],"details":[{"text":"Type: Register","type":"text"},{"text":"1 register of width 1 bit","type":"text"},{"text":"Register,\n1 reg, 1 width","type":"brief"}],"name":"Coalesced Private Variables: \n - '__deferred' (stages.h:155)\n - 'update' (core.h:253)","type":"resource"},{"data":[8,2,0,0,0],"details":[{"text":"Type: Register","type":"text"},{"text":"1 register of width 1 bit","type":"text"},{"text":"Register,\n1 reg, 1 width","type":"brief"}],"name":"Coalesced Private Variables: \n - 'done_' (stages.h:164)\n - 'done' (stages.h:163)","type":"resource"},{"data":[8,64,0,0,0],"details":[{"text":"Type: Register","type":"text"},{"text":"1 register of width 32 bits","type":"text"},{"text":"Register,\n1 reg, 32 width","type":"brief"}],"name":"Private Variable: \n - '__deferred' (stages.h:155)","type":"resource"},{"data":[8,32,0,0,0],"details":[{"text":"Type: Register","type":"text"},{"text":"1 register of width 16 bits","type":"text"},{"text":"Register,\n1 reg, 16 width","type":"brief"}],"name":"Private Variable: \n - '__deferredIdx' (stages.h:155)","type":"resource"},{"data":[8,16,0,0,0],"details":[{"text":"Type: Register","type":"text"},{"text":"1 register of width 8 bits","type":"text"},{"text":"Register,\n1 reg, 8 width","type":"brief"}],"name":"Private Variable: \n - 'done__' (stages.h:165)","type":"resource"},{"data":[40,128,0,0,0],"details":[{"text":"Type: Register","type":"text"},{"text":"1 register of width 64 bits","type":"text"},{"text":"Register,\n1 reg, 64 width","type":"brief"}],"name":"Private Variable: \n - 'update' (core.h:253)","type":"resource"},{"data":[0,0,4,0,0],"details":[{"Additional information":[{"text":"Requested size 64 bytes, implemented size 64 bytes, stall-free, 3 reads and 2 writes. ","type":"text"},{"text":"Reducing accesses to exactly one read and one write for all on-chip memory systems may increase overall system performance.","type":"text"},{"text":"Private memory implemented in on-chip block RAM.","type":"text"}],"Bank depth":"4 words","Bank width":"128 bits","Implemented size":"64 bytes","Memory Usage":"4 RAMs","Number of banks":"1","Number of private copies":"1","Number of replicates":"1","Private memory":"Stall-free","Reference":[{"links":[{"guide":"FPGA Optimization Guide : Kernel Memory","link":"https://www.intel.com/content/www/us/en/docs/oneapi-fpga-add-on/optimization-guide/current/kernel-memory.html"}],"text":"See %L for more information.","type":"text"}],"Requested size":"64 bytes","type":"table"},{"text":"Stall-free,\n64B requested,\n64B implemented.","type":"brief"}],"name":"stages.h:155 (__table)","type":"resource"},{"children":[{"count":5,"data":[55,962,0,0,0],"debug":[[{"filename":"","line":0}]],"name":"State","type":"resource"},{"count":8,"data":[8,0,0,0,0],"debug":[[{"filename":"","line":0}]],"name":"1-bit Select","type":"resource"},{"count":2,"data":[1,0,0,0,0],"debug":[[{"filename":"","line":0}]],"name":"1-bit Xor","type":"resource"},{"count":10,"data":[230,5,0,0,0],"debug":[[{"filename":"","line":0}]],"name":"32-bit Integer Compare","type":"resource"},{"count":8,"data":[256,0,0,0,0],"debug":[[{"filename":"","line":0}]],"name":"32-bit Select","type":"resource"},{"count":3,"data":[192,0,0,0,0],"debug":[[{"filename":"","line":0}]],"name":"64-bit Select","type":"resource"},{"count":4,"data":[4,4,0,0,0],"debug":[[{"filename":"","line":0}]],"name":"llvm.fpga.fanout","type":"resource"}],"data":[746,971,0,0,0],"name":"No Source Line","type":"resource"},{"children":[{"children":[{"count":"1","data":[0,32,0,0,0],"debug":[[{"filename":"/opt/intel/oneapi/compiler/2023.2.0/linux/bin-llvm/../include/sycl/handler.hpp","line":"1211"}]],"name":"State","type":"resource"},{"count":1,"data":[1,0,0,0,0],"debug":[[{"filename":"/opt/intel/oneapi/compiler/2023.2.0/linux/bin-llvm/../include/sycl/handler.hpp","line":"1211"}]],"name":"Pipe Read","type":"resource"}],"data":[1,32,0,0,0],"debug":[[{"filename":"/opt/intel/oneapi/compiler/2023.2.0/linux/bin-llvm/../include/sycl/handler.hpp","line":1211},{"filename":"/home/wkrska/Aggregation/agg-hls/main.cpp","line":376},{"filename":"/home/wkrska/Aggregation/agg-hls/./stages.h","line":158},{"filename":"/opt/intel/oneapi/compiler/2023.2.0/linux/bin-llvm/../include/sycl/ext/intel/pipes.hpp","line":69}]],"name":"handler.hpp:1211 > main.cpp:376 > \nstages.h:158 > pipes.hpp:69","replace_name":true,"type":"resource"},{"children":[{"count":2,"data":[0,32,0,0,0],"debug":[[{"filename":"/opt/intel/oneapi/compiler/2023.2.0/linux/bin-llvm/../include/sycl/handler.hpp","line":"1211"}]],"name":"State","type":"resource"},{"count":2,"data":[32,0,0,0,0],"debug":[[{"filename":"/opt/intel/oneapi/compiler/2023.2.0/linux/bin-llvm/../include/sycl/handler.hpp","line":"1211"}]],"name":"16-bit Select","type":"resource"},{"count":1,"data":[1,1,0,0,0],"debug":[[{"filename":"/opt/intel/oneapi/compiler/2023.2.0/linux/bin-llvm/../include/sycl/handler.hpp","line":"1211"}]],"name":"1-bit Select","type":"resource"},{"count":1,"data":[5,0,0,0,0],"debug":[[{"filename":"/opt/intel/oneapi/compiler/2023.2.0/linux/bin-llvm/../include/sycl/handler.hpp","line":"1211"}]],"name":"16-bit Integer Compare","type":"resource"}],"data":[38,33,0,0,0],"debug":[[{"filename":"/opt/intel/oneapi/compiler/2023.2.0/linux/bin-llvm/../include/sycl/handler.hpp","line":1211},{"filename":"/home/wkrska/Aggregation/agg-hls/main.cpp","line":376},{"filename":"/home/wkrska/Aggregation/agg-hls/./stages.h","line":192},{"filename":"/home/wkrska/Aggregation/agg-hls/./core.h","line":263}]],"name":"handler.hpp:1211 > main.cpp:376 > \nstages.h:192 > core.h:263","replace_name":true,"type":"resource"},{"children":[{"count":2,"data":[0,64,0,0,0],"debug":[[{"filename":"/opt/intel/oneapi/compiler/2023.2.0/linux/bin-llvm/../include/sycl/handler.hpp","line":"1211"}]],"name":"State","type":"resource"},{"count":2,"data":[64,0,0,0,0],"debug":[[{"filename":"/opt/intel/oneapi/compiler/2023.2.0/linux/bin-llvm/../include/sycl/handler.hpp","line":"1211"}]],"name":"32-bit Select","type":"resource"}],"data":[64,64,0,0,0],"debug":[[{"filename":"/opt/intel/oneapi/compiler/2023.2.0/linux/bin-llvm/../include/sycl/handler.hpp","line":1211},{"filename":"/home/wkrska/Aggregation/agg-hls/main.cpp","line":376},{"filename":"/home/wkrska/Aggregation/agg-hls/./stages.h","line":192},{"filename":"/home/wkrska/Aggregation/agg-hls/./core.h","line":264}]],"name":"handler.hpp:1211 > main.cpp:376 > \nstages.h:192 > core.h:264","replace_name":true,"type":"resource"},{"children":[{"count":"1","data":[0,16,0,0,0],"debug":[[{"filename":"/opt/intel/oneapi/compiler/2023.2.0/linux/bin-llvm/../include/sycl/handler.hpp","line":"1211"}]],"name":"State","type":"resource"},{"count":2,"data":[32,0,0,0,0],"debug":[[{"filename":"/opt/intel/oneapi/compiler/2023.2.0/linux/bin-llvm/../include/sycl/handler.hpp","line":"1211"}]],"name":"16-bit Select","type":"resource"},{"count":1,"data":[0.5,0,0,0,0],"debug":[[{"filename":"/opt/intel/oneapi/compiler/2023.2.0/linux/bin-llvm/../include/sycl/handler.hpp","line":"1211"}]],"name":"1-bit Or","type":"resource"},{"count":2,"data":[1.5,0.5,0,0,0],"debug":[[{"filename":"/opt/intel/oneapi/compiler/2023.2.0/linux/bin-llvm/../include/sycl/handler.hpp","line":"1211"}]],"name":"1-bit Select","type":"resource"},{"count":1,"data":[5,1,0,0,0],"debug":[[{"filename":"/opt/intel/oneapi/compiler/2023.2.0/linux/bin-llvm/../include/sycl/handler.hpp","line":"1211"}]],"name":"16-bit Integer Compare","type":"resource"}],"data":[39,17.5,0,0,0],"debug":[[{"filename":"/opt/intel/oneapi/compiler/2023.2.0/linux/bin-llvm/../include/sycl/handler.hpp","line":1211},{"filename":"/home/wkrska/Aggregation/agg-hls/main.cpp","line":376},{"filename":"/home/wkrska/Aggregation/agg-hls/./stages.h","line":192},{"filename":"/home/wkrska/Aggregation/agg-hls/./core.h","line":270}]],"name":"handler.hpp:1211 > main.cpp:376 > \nstages.h:192 > core.h:270","replace_name":true,"type":"resource"},{"children":[{"count":1,"data":[19,1,0,0,0],"debug":[[{"filename":"/opt/intel/oneapi/compiler/2023.2.0/linux/bin-llvm/../include/sycl/handler.hpp","line":"1211"}]],"name":"16-bit Integer Compare","type":"resource"}],"data":[19,1,0,0,0],"debug":[[{"filename":"/opt/intel/oneapi/compiler/2023.2.0/linux/bin-llvm/../include/sycl/handler.hpp","line":1211},{"filename":"/home/wkrska/Aggregation/agg-hls/main.cpp","line":376},{"filename":"/home/wkrska/Aggregation/agg-hls/./stages.h","line":161},{"filename":"/home/wkrska/Aggregation/agg-hls/./core.h","line":226}]],"name":"handler.hpp:1211 > main.cpp:376 > \nstages.h:161 > core.h:226","replace_name":true,"type":"resource"},{"children":[{"count":1,"data":[34,24,0,0,0],"debug":[[{"filename":"/opt/intel/oneapi/compiler/2023.2.0/linux/bin-llvm/../include/sycl/handler.hpp","line":"1211"}]],"name":"Store","type":"resource"}],"data":[34,24,0,0,0],"debug":[[{"filename":"/opt/intel/oneapi/compiler/2023.2.0/linux/bin-llvm/../include/sycl/handler.hpp","line":1211},{"filename":"/home/wkrska/Aggregation/agg-hls/main.cpp","line":376},{"filename":"/home/wkrska/Aggregation/agg-hls/./stages.h","line":161},{"filename":"/home/wkrska/Aggregation/agg-hls/./core.h","line":233}]],"name":"handler.hpp:1211 > main.cpp:376 > \nstages.h:161 > core.h:233","replace_name":true,"type":"resource"},{"children":[{"count":"1","data":[0,64,0,0,0],"debug":[[{"filename":"/opt/intel/oneapi/compiler/2023.2.0/linux/bin-llvm/../include/sycl/handler.hpp","line":"1211"}]],"name":"State","type":"resource"},{"count":1,"data":[1,0,0,0,0],"debug":[[{"filename":"/opt/intel/oneapi/compiler/2023.2.0/linux/bin-llvm/../include/sycl/handler.hpp","line":"1211"}]],"name":"1-bit And","type":"resource"},{"count":2,"data":[2,0,0,0,0],"debug":[[{"filename":"/opt/intel/oneapi/compiler/2023.2.0/linux/bin-llvm/../include/sycl/handler.hpp","line":"1211"}]],"name":"1-bit Or","type":"resource"},{"count":1,"data":[3,0,0,0,0],"debug":[[{"filename":"/opt/intel/oneapi/compiler/2023.2.0/linux/bin-llvm/../include/sycl/handler.hpp","line":"1211"}]],"name":"8-bit Integer Compare","type":"resource"}],"data":[6,64,0,0,0],"debug":[[{"filename":"/opt/intel/oneapi/compiler/2023.2.0/linux/bin-llvm/../include/sycl/handler.hpp","line":1211},{"filename":"/home/wkrska/Aggregation/agg-hls/main.cpp","line":376},{"filename":"/home/wkrska/Aggregation/agg-hls/./stages.h","line":169}]],"name":"handler.hpp:1211 > main.cpp:376 > \nstages.h:169","replace_name":true,"type":"resource"},{"children":[{"count":"1","data":[0,48,0,0,0],"debug":[[{"filename":"/opt/intel/oneapi/compiler/2023.2.0/linux/bin-llvm/../include/sycl/handler.hpp","line":"1211"}]],"name":"State","type":"resource"},{"count":1,"data":[1,0,0,0,0],"debug":[[{"filename":"/opt/intel/oneapi/compiler/2023.2.0/linux/bin-llvm/../include/sycl/handler.hpp","line":"1211"}]],"name":"Non-Blocking Pipe Read","type":"resource"}],"data":[1,48,0,0,0],"debug":[[{"filename":"/opt/intel/oneapi/compiler/2023.2.0/linux/bin-llvm/../include/sycl/handler.hpp","line":1211},{"filename":"/home/wkrska/Aggregation/agg-hls/main.cpp","line":376},{"filename":"/home/wkrska/Aggregation/agg-hls/./stages.h","line":183},{"filename":"/opt/intel/oneapi/compiler/2023.2.0/linux/bin-llvm/../include/sycl/ext/intel/pipes.hpp","line":32}]],"name":"handler.hpp:1211 > main.cpp:376 > \nstages.h:183 > pipes.hpp:32","replace_name":true,"type":"resource"},{"children":[{"count":"1","data":[0,1,0,0,0],"debug":[[{"filename":"/opt/intel/oneapi/compiler/2023.2.0/linux/bin-llvm/../include/sycl/handler.hpp","line":"1211"}]],"name":"State","type":"resource"}],"data":[0,1,0,0,0],"debug":[[{"filename":"/opt/intel/oneapi/compiler/2023.2.0/linux/bin-llvm/../include/sycl/handler.hpp","line":1211},{"filename":"/home/wkrska/Aggregation/agg-hls/main.cpp","line":376},{"filename":"/home/wkrska/Aggregation/agg-hls/./stages.h","line":192},{"filename":"/home/wkrska/Aggregation/agg-hls/./core.h","line":284}]],"name":"handler.hpp:1211 > main.cpp:376 > \nstages.h:192 > core.h:284","replace_name":true,"type":"resource"},{"children":[{"count":"1","data":[0,64,0,0,0],"debug":[[{"filename":"/opt/intel/oneapi/compiler/2023.2.0/linux/bin-llvm/../include/sycl/handler.hpp","line":"1211"}]],"name":"State","type":"resource"},{"count":1,"data":[64,0,0,0,0],"debug":[[{"filename":"/opt/intel/oneapi/compiler/2023.2.0/linux/bin-llvm/../include/sycl/handler.hpp","line":"1211"}]],"name":"64-bit Select","type":"resource"},{"count":1,"data":[192,64,0,0,0],"debug":[[{"filename":"/opt/intel/oneapi/compiler/2023.2.0/linux/bin-llvm/../include/sycl/handler.hpp","line":"1211"}]],"name":"llvm.fpga.case","type":"resource"}],"data":[256,128,0,0,0],"debug":[[{"filename":"/opt/intel/oneapi/compiler/2023.2.0/linux/bin-llvm/../include/sycl/handler.hpp","line":1211},{"filename":"/home/wkrska/Aggregation/agg-hls/main.cpp","line":376},{"filename":"/home/wkrska/Aggregation/agg-hls/./stages.h","line":192},{"filename":"/home/wkrska/Aggregation/agg-hls/./core.h","line":287},{"filename":"/home/wkrska/Aggregation/agg-hls/main.cpp","line":131}]],"name":"handler.hpp:1211 > main.cpp:376 > \nstages.h:192 > core.h:287 > \nmain.cpp:131","replace_name":true,"type":"resource"},{"children":[{"count":1,"data":[1,0,0,0,0],"debug":[[{"filename":"/opt/intel/oneapi/compiler/2023.2.0/linux/bin-llvm/../include/sycl/handler.hpp","line":"1211"}]],"name":"1-bit Select","type":"resource"}],"data":[1,0,0,0,0],"debug":[[{"filename":"/opt/intel/oneapi/compiler/2023.2.0/linux/bin-llvm/../include/sycl/handler.hpp","line":1211},{"filename":"/home/wkrska/Aggregation/agg-hls/main.cpp","line":376},{"filename":"/home/wkrska/Aggregation/agg-hls/./stages.h","line":183},{"filename":"/opt/intel/oneapi/compiler/2023.2.0/linux/bin-llvm/../include/sycl/ext/intel/pipes.hpp","line":31}]],"name":"handler.hpp:1211 > main.cpp:376 > \nstages.h:183 > pipes.hpp:31","replace_name":true,"type":"resource"},{"children":[{"count":1,"data":[1,0,0,0,0],"debug":[[{"filename":"/opt/intel/oneapi/compiler/2023.2.0/linux/bin-llvm/../include/sycl/handler.hpp","line":"1211"}]],"name":"8-bit And","type":"resource"}],"data":[1,0,0,0,0],"debug":[[{"filename":"/opt/intel/oneapi/compiler/2023.2.0/linux/bin-llvm/../include/sycl/handler.hpp","line":1211},{"filename":"/home/wkrska/Aggregation/agg-hls/main.cpp","line":376},{"filename":"/home/wkrska/Aggregation/agg-hls/./stages.h","line":190}]],"name":"handler.hpp:1211 > main.cpp:376 > \nstages.h:190","replace_name":true,"type":"resource"},{"children":[{"count":1,"data":[0.5,0,0,0,0],"debug":[[{"filename":"/opt/intel/oneapi/compiler/2023.2.0/linux/bin-llvm/../include/sycl/handler.hpp","line":"1211"}]],"name":"1-bit Or","type":"resource"},{"count":1,"data":[0.5,0.5,0,0,0],"debug":[[{"filename":"/opt/intel/oneapi/compiler/2023.2.0/linux/bin-llvm/../include/sycl/handler.hpp","line":"1211"}]],"name":"1-bit Select","type":"resource"},{"count":1,"data":[1,0,0,0,0],"debug":[[{"filename":"/opt/intel/oneapi/compiler/2023.2.0/linux/bin-llvm/../include/sycl/handler.hpp","line":"1211"}]],"name":"1-bit Xor","type":"resource"}],"data":[2,0.5,0,0,0],"debug":[[{"filename":"/opt/intel/oneapi/compiler/2023.2.0/linux/bin-llvm/../include/sycl/handler.hpp","line":1211},{"filename":"/home/wkrska/Aggregation/agg-hls/main.cpp","line":376},{"filename":"/home/wkrska/Aggregation/agg-hls/./stages.h","line":192},{"filename":"/home/wkrska/Aggregation/agg-hls/./core.h","line":256}]],"name":"handler.hpp:1211 > main.cpp:376 > \nstages.h:192 > core.h:256","replace_name":true,"type":"resource"},{"children":[{"count":4,"data":[32,0,0,0,0],"debug":[[{"filename":"/opt/intel/oneapi/compiler/2023.2.0/linux/bin-llvm/../include/sycl/handler.hpp","line":"1211"}]],"name":"32-bit Select","type":"resource"}],"data":[32,0,0,0,0],"debug":[[{"filename":"/opt/intel/oneapi/compiler/2023.2.0/linux/bin-llvm/../include/sycl/handler.hpp","line":1211},{"filename":"/home/wkrska/Aggregation/agg-hls/main.cpp","line":376},{"filename":"/home/wkrska/Aggregation/agg-hls/./stages.h","line":192},{"filename":"/home/wkrska/Aggregation/agg-hls/./core.h","line":269}]],"name":"handler.hpp:1211 > main.cpp:376 > \nstages.h:192 > core.h:269","replace_name":true,"type":"resource"},{"children":[{"count":4,"data":[32,0,0,0,0],"debug":[[{"filename":"/opt/intel/oneapi/compiler/2023.2.0/linux/bin-llvm/../include/sycl/handler.hpp","line":"1211"}]],"name":"32-bit Select","type":"resource"}],"data":[32,0,0,0,0],"debug":[[{"filename":"/opt/intel/oneapi/compiler/2023.2.0/linux/bin-llvm/../include/sycl/handler.hpp","line":1211},{"filename":"/home/wkrska/Aggregation/agg-hls/main.cpp","line":376},{"filename":"/home/wkrska/Aggregation/agg-hls/./stages.h","line":192},{"filename":"/home/wkrska/Aggregation/agg-hls/./core.h","line":276}]],"name":"handler.hpp:1211 > main.cpp:376 > \nstages.h:192 > core.h:276","replace_name":true,"type":"resource"},{"children":[{"count":4,"data":[32,0,0,0,0],"debug":[[{"filename":"/opt/intel/oneapi/compiler/2023.2.0/linux/bin-llvm/../include/sycl/handler.hpp","line":"1211"}]],"name":"32-bit Select","type":"resource"},{"count":1,"data":[9,8,0,0,0],"debug":[[{"filename":"/opt/intel/oneapi/compiler/2023.2.0/linux/bin-llvm/../include/sycl/handler.hpp","line":"1211"}]],"name":"Load","type":"resource"}],"data":[41,8,0,0,0],"debug":[[{"filename":"/opt/intel/oneapi/compiler/2023.2.0/linux/bin-llvm/../include/sycl/handler.hpp","line":1211},{"filename":"/home/wkrska/Aggregation/agg-hls/main.cpp","line":376},{"filename":"/home/wkrska/Aggregation/agg-hls/./stages.h","line":192},{"filename":"/home/wkrska/Aggregation/agg-hls/./core.h","line":283}]],"name":"handler.hpp:1211 > main.cpp:376 > \nstages.h:192 > core.h:283","replace_name":true,"type":"resource"},{"children":[{"count":1,"data":[32,0,0,0,0],"debug":[[{"filename":"/opt/intel/oneapi/compiler/2023.2.0/linux/bin-llvm/../include/sycl/handler.hpp","line":"1211"}]],"name":"32-bit Integer Add","type":"resource"},{"count":2,"data":[16,0,0,0,0],"debug":[[{"filename":"/opt/intel/oneapi/compiler/2023.2.0/linux/bin-llvm/../include/sycl/handler.hpp","line":"1211"}]],"name":"32-bit Select","type":"resource"}],"data":[48,0,0,0,0],"debug":[[{"filename":"/opt/intel/oneapi/compiler/2023.2.0/linux/bin-llvm/../include/sycl/handler.hpp","line":1211},{"filename":"/home/wkrska/Aggregation/agg-hls/main.cpp","line":376},{"filename":"/home/wkrska/Aggregation/agg-hls/./stages.h","line":192},{"filename":"/home/wkrska/Aggregation/agg-hls/./core.h","line":287},{"filename":"/home/wkrska/Aggregation/agg-hls/main.cpp","line":134}]],"name":"handler.hpp:1211 > main.cpp:376 > \nstages.h:192 > core.h:287 > \nmain.cpp:134","replace_name":true,"type":"resource"},{"children":[{"count":1,"data":[32,0,0,0,0],"debug":[[{"filename":"/opt/intel/oneapi/compiler/2023.2.0/linux/bin-llvm/../include/sycl/handler.hpp","line":"1211"}]],"name":"32-bit Integer Add","type":"resource"},{"count":2,"data":[16,0,0,0,0],"debug":[[{"filename":"/opt/intel/oneapi/compiler/2023.2.0/linux/bin-llvm/../include/sycl/handler.hpp","line":"1211"}]],"name":"32-bit Select","type":"resource"}],"data":[48,0,0,0,0],"debug":[[{"filename":"/opt/intel/oneapi/compiler/2023.2.0/linux/bin-llvm/../include/sycl/handler.hpp","line":1211},{"filename":"/home/wkrska/Aggregation/agg-hls/main.cpp","line":376},{"filename":"/home/wkrska/Aggregation/agg-hls/./stages.h","line":192},{"filename":"/home/wkrska/Aggregation/agg-hls/./core.h","line":287},{"filename":"/home/wkrska/Aggregation/agg-hls/main.cpp","line":137}]],"name":"handler.hpp:1211 > main.cpp:376 > \nstages.h:192 > core.h:287 > \nmain.cpp:137","replace_name":true,"type":"resource"},{"children":[{"count":1,"data":[35,1,0,0,0],"debug":[[{"filename":"/opt/intel/oneapi/compiler/2023.2.0/linux/bin-llvm/../include/sycl/handler.hpp","line":"1211"}]],"name":"32-bit Integer Compare","type":"resource"},{"count":1,"data":[32,0,0,0,0],"debug":[[{"filename":"/opt/intel/oneapi/compiler/2023.2.0/linux/bin-llvm/../include/sycl/handler.hpp","line":"1211"}]],"name":"32-bit Select","type":"resource"}],"data":[67,1,0,0,0],"debug":[[{"filename":"/opt/intel/oneapi/compiler/2023.2.0/linux/bin-llvm/../include/sycl/handler.hpp","line":1211},{"filename":"/home/wkrska/Aggregation/agg-hls/main.cpp","line":376},{"filename":"/home/wkrska/Aggregation/agg-hls/./stages.h","line":192},{"filename":"/home/wkrska/Aggregation/agg-hls/./core.h","line":287},{"filename":"/home/wkrska/Aggregation/agg-hls/main.cpp","line":141}]],"name":"handler.hpp:1211 > main.cpp:376 > \nstages.h:192 > core.h:287 > \nmain.cpp:141","replace_name":true,"type":"resource"},{"children":[{"count":1,"data":[35,1,0,0,0],"debug":[[{"filename":"/opt/intel/oneapi/compiler/2023.2.0/linux/bin-llvm/../include/sycl/handler.hpp","line":"1211"}]],"name":"32-bit Integer Compare","type":"resource"},{"count":1,"data":[32,0,0,0,0],"debug":[[{"filename":"/opt/intel/oneapi/compiler/2023.2.0/linux/bin-llvm/../include/sycl/handler.hpp","line":"1211"}]],"name":"32-bit Select","type":"resource"}],"data":[67,1,0,0,0],"debug":[[{"filename":"/opt/intel/oneapi/compiler/2023.2.0/linux/bin-llvm/../include/sycl/handler.hpp","line":1211},{"filename":"/home/wkrska/Aggregation/agg-hls/main.cpp","line":376},{"filename":"/home/wkrska/Aggregation/agg-hls/./stages.h","line":192},{"filename":"/home/wkrska/Aggregation/agg-hls/./core.h","line":287},{"filename":"/home/wkrska/Aggregation/agg-hls/main.cpp","line":144}]],"name":"handler.hpp:1211 > main.cpp:376 > \nstages.h:192 > core.h:287 > \nmain.cpp:144","replace_name":true,"type":"resource"},{"children":[{"count":2,"data":[64,32,0,0,0],"debug":[[{"filename":"/opt/intel/oneapi/compiler/2023.2.0/linux/bin-llvm/../include/sycl/handler.hpp","line":"1211"}]],"name":"32-bit Select","type":"resource"},{"count":1,"data":[64,0,0,0,0],"debug":[[{"filename":"/opt/intel/oneapi/compiler/2023.2.0/linux/bin-llvm/../include/sycl/handler.hpp","line":"1211"}]],"name":"64-bit Select","type":"resource"},{"count":1,"data":[34,24,0,0,0],"debug":[[{"filename":"/opt/intel/oneapi/compiler/2023.2.0/linux/bin-llvm/../include/sycl/handler.hpp","line":"1211"}]],"name":"Store","type":"resource"}],"data":[162,56,0,0,0],"debug":[[{"filename":"/opt/intel/oneapi/compiler/2023.2.0/linux/bin-llvm/../include/sycl/handler.hpp","line":1211},{"filename":"/home/wkrska/Aggregation/agg-hls/main.cpp","line":376},{"filename":"/home/wkrska/Aggregation/agg-hls/./stages.h","line":192},{"filename":"/home/wkrska/Aggregation/agg-hls/./core.h","line":295}]],"name":"handler.hpp:1211 > main.cpp:376 > \nstages.h:192 > core.h:295","replace_name":true,"type":"resource"},{"children":[{"count":1,"data":[1,0,0,0,0],"debug":[[{"filename":"/opt/intel/oneapi/compiler/2023.2.0/linux/bin-llvm/../include/sycl/handler.hpp","line":"1211"}]],"name":"1-bit Select","type":"resource"},{"count":1,"data":[8,0,0,0,0],"debug":[[{"filename":"/opt/intel/oneapi/compiler/2023.2.0/linux/bin-llvm/../include/sycl/handler.hpp","line":"1211"}]],"name":"8-bit Select","type":"resource"}],"data":[9,0,0,0,0],"debug":[[{"filename":"/opt/intel/oneapi/compiler/2023.2.0/linux/bin-llvm/../include/sycl/handler.hpp","line":1211},{"filename":"/home/wkrska/Aggregation/agg-hls/main.cpp","line":376},{"filename":"/home/wkrska/Aggregation/agg-hls/./stages.h","line":195}]],"name":"handler.hpp:1211 > main.cpp:376 > \nstages.h:195","replace_name":true,"type":"resource"},{"children":[{"count":1,"data":[19,1,0,0,0],"debug":[[{"filename":"/opt/intel/oneapi/compiler/2023.2.0/linux/bin-llvm/../include/sycl/handler.hpp","line":"1211"}]],"name":"16-bit Integer Compare","type":"resource"}],"data":[19,1,0,0,0],"debug":[[{"filename":"/opt/intel/oneapi/compiler/2023.2.0/linux/bin-llvm/../include/sycl/handler.hpp","line":1211},{"filename":"/home/wkrska/Aggregation/agg-hls/main.cpp","line":376},{"filename":"/home/wkrska/Aggregation/agg-hls/./stages.h","line":203}]],"name":"handler.hpp:1211 > main.cpp:376 > \nstages.h:203","replace_name":true,"type":"resource"},{"children":[{"count":3,"data":[3,0,0,0,0],"debug":[[{"filename":"/opt/intel/oneapi/compiler/2023.2.0/linux/bin-llvm/../include/sycl/handler.hpp","line":"1211"}]],"name":"1-bit Select","type":"resource"},{"count":8,"data":[256,0,0,0,0],"debug":[[{"filename":"/opt/intel/oneapi/compiler/2023.2.0/linux/bin-llvm/../include/sycl/handler.hpp","line":"1211"}]],"name":"32-bit Select","type":"resource"},{"count":2,"data":[100,178,0,0,0],"debug":[[{"filename":"/opt/intel/oneapi/compiler/2023.2.0/linux/bin-llvm/../include/sycl/handler.hpp","line":"1211"}]],"name":"Load","type":"resource"}],"data":[359,178,0,0,0],"debug":[[{"filename":"/opt/intel/oneapi/compiler/2023.2.0/linux/bin-llvm/../include/sycl/handler.hpp","line":1211},{"filename":"/home/wkrska/Aggregation/agg-hls/main.cpp","line":376},{"filename":"/home/wkrska/Aggregation/agg-hls/./stages.h","line":206},{"filename":"/home/wkrska/Aggregation/agg-hls/./core.h","line":326}]],"name":"handler.hpp:1211 > main.cpp:376 > \nstages.h:206 > core.h:326","replace_name":true,"type":"resource"},{"children":[{"count":1,"data":[11,0,0,0,0],"debug":[[{"filename":"/opt/intel/oneapi/compiler/2023.2.0/linux/bin-llvm/../include/sycl/handler.hpp","line":"1211"}]],"name":"32-bit Integer Compare","type":"resource"}],"data":[11,0,0,0,0],"debug":[[{"filename":"/opt/intel/oneapi/compiler/2023.2.0/linux/bin-llvm/../include/sycl/handler.hpp","line":1211},{"filename":"/home/wkrska/Aggregation/agg-hls/main.cpp","line":376},{"filename":"/home/wkrska/Aggregation/agg-hls/./stages.h","line":206},{"filename":"/home/wkrska/Aggregation/agg-hls/./core.h","line":327}]],"name":"handler.hpp:1211 > main.cpp:376 > \nstages.h:206 > core.h:327","replace_name":true,"type":"resource"},{"children":[{"count":1,"data":[3,2,0,0,0],"debug":[[{"filename":"/opt/intel/oneapi/compiler/2023.2.0/linux/bin-llvm/../include/sycl/handler.hpp","line":"1211"}]],"name":"Pipe Write","type":"resource"}],"data":[3,2,0,0,0],"debug":[[{"filename":"/opt/intel/oneapi/compiler/2023.2.0/linux/bin-llvm/../include/sycl/handler.hpp","line":1211},{"filename":"/home/wkrska/Aggregation/agg-hls/main.cpp","line":376},{"filename":"/home/wkrska/Aggregation/agg-hls/./stages.h","line":209},{"filename":"/opt/intel/oneapi/compiler/2023.2.0/linux/bin-llvm/../include/sycl/ext/intel/pipes.hpp","line":85}]],"name":"handler.hpp:1211 > main.cpp:376 > \nstages.h:209 > pipes.hpp:85","replace_name":true,"type":"resource"}],"data":[1360,660,0,0,0],"debug":[[{"filename":"/opt/intel/oneapi/compiler/2023.2.0/linux/bin-llvm/../include/sycl/handler.hpp","line":1211}]],"name":"/opt/intel/oneapi/compiler/2023.2.0/linux/bin-llvm/../include/sycl/handler.hpp:1211","type":"resource"}],"compute_units":1,"data":[2829,2527,4,0,11],"debug":[[{"filename":"pipes.hpp","line":30}]],"details":[{"text":"Number of compute units: 1","type":"text"},{"text":"Max global work dimension: 0","type":"text"},{"text":"1 compute unit.\nMax global work dimension: 0","type":"brief"}],"name":"AggregateTask0","total_kernel_resources":[2829,2527,4,0,11],"total_percent":[0.406107,0.31291,0.12967,0.0562588,0],"type":"function"},{"children":[{"data":[363,513,0,0,27],"details":[{"text":"Feedback+Cluster logic","type":"brief"}],"name":"Data control overhead","type":"resource"},{"data":[16,40,0,0,0],"details":[{"text":"Type: Register","type":"text"},{"text":"1 register of width 4 bits","type":"text"},{"text":"1 register of width 16 bits","type":"text"},{"text":"Register,\n1 reg, 4 width,\n1 reg, 16 width","type":"brief"}],"name":"Private Variable: \n - 'grp' (stages.h:365)","type":"resource"},{"data":[0,0,16,0,0],"details":[{"Additional information":[{"details":[{"text":"Reduce the number of write accesses or fix banking to make this memory system stall-free. Banking may be improved by using compile-time known indexing on lowest array dimension.","type":"text"}],"text":"Requested size 128 bytes, implemented size 128 bytes, <b>stallable</b>, 8 reads and 7 writes. ","type":"text"},{"text":"Banked on bits 3, 4, 5 into 8 separate banks.","type":"text"},{"text":"Private memory implemented in on-chip block RAM.","type":"text"}],"Bank depth":"2 words","Bank width":"64 bits","Implemented size":"128 bytes","Memory Usage":"16 RAMs","Number of banks":"8 (banked on bits 3, 4, 5)","Number of private copies":"1","Number of replicates":"1","Private memory":"Potentially inefficient configuration","Reference":[{"links":[{"guide":"FPGA Optimization Guide : Kernel Memory","link":"https://www.intel.com/content/www/us/en/docs/oneapi-fpga-add-on/optimization-guide/current/kernel-memory.html"}],"text":"See %L for more information.","type":"text"}],"Requested size":"128 bytes","type":"table"},{"text":"Potentially inefficient configuration,\n128B requested,\n128B implemented.","type":"brief"}],"name":"stages.h:258 (table)","type":"resource"},{"children":[{"count":9,"data":[100,736,0,0,10],"debug":[[{"filename":"","line":0}]],"name":"State","type":"resource"},{"count":3,"data":[3,1,0,0,0],"debug":[[{"filename":"","line":0}]],"name":"1-bit Select","type":"resource"},{"count":10,"data":[138,6,0,0,0],"debug":[[{"filename":"","line":0}]],"name":"32-bit Integer Compare","type":"resource"}],"data":[241,743,0,0,10],"name":"No Source Line","type":"resource"},{"children":[{"children":[{"count":2,"data":[0,79,0,0,0],"debug":[[{"filename":"/opt/intel/oneapi/compiler/2023.2.0/linux/bin-llvm/../include/sycl/handler.hpp","line":"1211"}]],"name":"State","type":"resource"},{"count":2,"data":[2,0,0,0,0],"debug":[[{"filename":"/opt/intel/oneapi/compiler/2023.2.0/linux/bin-llvm/../include/sycl/handler.hpp","line":"1211"}]],"name":"1-bit Or","type":"resource"},{"count":1,"data":[32,0,0,0,0],"debug":[[{"filename":"/opt/intel/oneapi/compiler/2023.2.0/linux/bin-llvm/../include/sycl/handler.hpp","line":"1211"}]],"name":"32-bit Select","type":"resource"},{"count":3,"data":[94,155,0,0,0],"debug":[[{"filename":"/opt/intel/oneapi/compiler/2023.2.0/linux/bin-llvm/../include/sycl/handler.hpp","line":"1211"}]],"name":"Load","type":"resource"}],"data":[128,234,0,0,0],"debug":[[{"filename":"/opt/intel/oneapi/compiler/2023.2.0/linux/bin-llvm/../include/sycl/handler.hpp","line":1211},{"filename":"/home/wkrska/Aggregation/agg-hls/main.cpp","line":442},{"filename":"/home/wkrska/Aggregation/agg-hls/./stages.h","line":313},{"filename":"/home/wkrska/Aggregation/agg-hls/./stages.h","line":222}]],"name":"handler.hpp:1211 > main.cpp:442 > \nstages.h:313 > stages.h:222","replace_name":true,"type":"resource"},{"children":[{"count":"1","data":[0,1,0,0,0],"debug":[[{"filename":"/opt/intel/oneapi/compiler/2023.2.0/linux/bin-llvm/../include/sycl/handler.hpp","line":"1211"}]],"name":"State","type":"resource"},{"count":1,"data":[1,0,0,0,0],"debug":[[{"filename":"/opt/intel/oneapi/compiler/2023.2.0/linux/bin-llvm/../include/sycl/handler.hpp","line":"1211"}]],"name":"1-bit Or","type":"resource"},{"count":1,"data":[32,0,0,0,0],"debug":[[{"filename":"/opt/intel/oneapi/compiler/2023.2.0/linux/bin-llvm/../include/sycl/handler.hpp","line":"1211"}]],"name":"32-bit Integer Add","type":"resource"},{"count":2,"data":[64,32,0,0,0],"debug":[[{"filename":"/opt/intel/oneapi/compiler/2023.2.0/linux/bin-llvm/../include/sycl/handler.hpp","line":"1211"}]],"name":"32-bit Select","type":"resource"}],"data":[97,33,0,0,0],"debug":[[{"filename":"/opt/intel/oneapi/compiler/2023.2.0/linux/bin-llvm/../include/sycl/handler.hpp","line":1211},{"filename":"/home/wkrska/Aggregation/agg-hls/main.cpp","line":442},{"filename":"/home/wkrska/Aggregation/agg-hls/./stages.h","line":313},{"filename":"/home/wkrska/Aggregation/agg-hls/./stages.h","line":225},{"filename":"/home/wkrska/Aggregation/agg-hls/main.cpp","line":134}]],"name":"handler.hpp:1211 > main.cpp:442 > \nstages.h:313 > stages.h:225 > \nmain.cpp:134","replace_name":true,"type":"resource"},{"children":[{"count":1,"data":[1,0,0,0,0],"debug":[[{"filename":"/opt/intel/oneapi/compiler/2023.2.0/linux/bin-llvm/../include/sycl/handler.hpp","line":"1211"}]],"name":"Pipe Read","type":"resource"}],"data":[1,0,0,0,0],"debug":[[{"filename":"/opt/intel/oneapi/compiler/2023.2.0/linux/bin-llvm/../include/sycl/handler.hpp","line":1211},{"filename":"/home/wkrska/Aggregation/agg-hls/main.cpp","line":442},{"filename":"/home/wkrska/Aggregation/agg-hls/./stages.h","line":261},{"filename":"/opt/intel/oneapi/compiler/2023.2.0/linux/bin-llvm/../include/sycl/ext/intel/pipes.hpp","line":69}]],"name":"handler.hpp:1211 > main.cpp:442 > \nstages.h:261 > pipes.hpp:69","replace_name":true,"type":"resource"},{"children":[{"count":"1","data":[0,2,0,0,0],"debug":[[{"filename":"/opt/intel/oneapi/compiler/2023.2.0/linux/bin-llvm/../include/sycl/handler.hpp","line":"1211"}]],"name":"State","type":"resource"},{"count":3,"data":[6,0,0,0,0],"debug":[[{"filename":"/opt/intel/oneapi/compiler/2023.2.0/linux/bin-llvm/../include/sycl/handler.hpp","line":"1211"}]],"name":"32-bit Select","type":"resource"}],"data":[6,2,0,0,0],"debug":[[{"filename":"/opt/intel/oneapi/compiler/2023.2.0/linux/bin-llvm/../include/sycl/handler.hpp","line":1211},{"filename":"/home/wkrska/Aggregation/agg-hls/main.cpp","line":442},{"filename":"/home/wkrska/Aggregation/agg-hls/./stages.h","line":360},{"filename":"/home/wkrska/Aggregation/agg-hls/./stages.h","line":219}]],"name":"handler.hpp:1211 > main.cpp:442 > \nstages.h:360 > stages.h:219","replace_name":true,"type":"resource"},{"children":[{"count":"1","data":[0,77,0,0,0],"debug":[[{"filename":"/opt/intel/oneapi/compiler/2023.2.0/linux/bin-llvm/../include/sycl/handler.hpp","line":"1211"}]],"name":"State","type":"resource"},{"count":2,"data":[2,0,0,0,0],"debug":[[{"filename":"/opt/intel/oneapi/compiler/2023.2.0/linux/bin-llvm/../include/sycl/handler.hpp","line":"1211"}]],"name":"1-bit Or","type":"resource"},{"count":3,"data":[94,155,0,0,0],"debug":[[{"filename":"/opt/intel/oneapi/compiler/2023.2.0/linux/bin-llvm/../include/sycl/handler.hpp","line":"1211"}]],"name":"Load","type":"resource"},{"count":1,"data":[32,0,0,0,0],"debug":[[{"filename":"/opt/intel/oneapi/compiler/2023.2.0/linux/bin-llvm/../include/sycl/handler.hpp","line":"1211"}]],"name":"32-bit Select","type":"resource"}],"data":[128,232,0,0,0],"debug":[[{"filename":"/opt/intel/oneapi/compiler/2023.2.0/linux/bin-llvm/../include/sycl/handler.hpp","line":1211},{"filename":"/home/wkrska/Aggregation/agg-hls/main.cpp","line":442},{"filename":"/home/wkrska/Aggregation/agg-hls/./stages.h","line":360},{"filename":"/home/wkrska/Aggregation/agg-hls/./stages.h","line":222}]],"name":"handler.hpp:1211 > main.cpp:442 > \nstages.h:360 > stages.h:222","replace_name":true,"type":"resource"},{"children":[{"count":"1","data":[0,1,0,0,0],"debug":[[{"filename":"/opt/intel/oneapi/compiler/2023.2.0/linux/bin-llvm/../include/sycl/handler.hpp","line":"1211"}]],"name":"State","type":"resource"},{"count":1,"data":[11,0,0,0,0],"debug":[[{"filename":"/opt/intel/oneapi/compiler/2023.2.0/linux/bin-llvm/../include/sycl/handler.hpp","line":"1211"}]],"name":"32-bit Integer Compare","type":"resource"}],"data":[11,1,0,0,0],"debug":[[{"filename":"/opt/intel/oneapi/compiler/2023.2.0/linux/bin-llvm/../include/sycl/handler.hpp","line":1211},{"filename":"/home/wkrska/Aggregation/agg-hls/main.cpp","line":442},{"filename":"/home/wkrska/Aggregation/agg-hls/./stages.h","line":360},{"filename":"/home/wkrska/Aggregation/agg-hls/./stages.h","line":223}]],"name":"handler.hpp:1211 > main.cpp:442 > \nstages.h:360 > stages.h:223","replace_name":true,"type":"resource"},{"children":[{"count":1,"data":[1,0,0,0,0],"debug":[[{"filename":"/opt/intel/oneapi/compiler/2023.2.0/linux/bin-llvm/../include/sycl/handler.hpp","line":"1211"}]],"name":"1-bit Or","type":"resource"},{"count":"1","data":[0,2,0,0,0],"debug":[[{"filename":"/opt/intel/oneapi/compiler/2023.2.0/linux/bin-llvm/../include/sycl/handler.hpp","line":"1211"}]],"name":"State","type":"resource"}],"data":[1,2,0,0,0],"debug":[[{"filename":"/opt/intel/oneapi/compiler/2023.2.0/linux/bin-llvm/../include/sycl/handler.hpp","line":1211},{"filename":"/home/wkrska/Aggregation/agg-hls/main.cpp","line":442},{"filename":"/home/wkrska/Aggregation/agg-hls/./stages.h","line":360},{"filename":"/home/wkrska/Aggregation/agg-hls/./stages.h","line":218}]],"name":"handler.hpp:1211 > main.cpp:442 > \nstages.h:360 > stages.h:218","replace_name":true,"type":"resource"},{"children":[{"count":1,"data":[19,1,0,0,0],"debug":[[{"filename":"/opt/intel/oneapi/compiler/2023.2.0/linux/bin-llvm/../include/sycl/handler.hpp","line":"1211"}]],"name":"16-bit Integer Compare","type":"resource"}],"data":[19,1,0,0,0],"debug":[[{"filename":"/opt/intel/oneapi/compiler/2023.2.0/linux/bin-llvm/../include/sycl/handler.hpp","line":1211},{"filename":"/home/wkrska/Aggregation/agg-hls/main.cpp","line":442},{"filename":"/home/wkrska/Aggregation/agg-hls/./stages.h","line":360},{"filename":"/home/wkrska/Aggregation/agg-hls/./stages.h","line":220}]],"name":"handler.hpp:1211 > main.cpp:442 > \nstages.h:360 > stages.h:220","replace_name":true,"type":"resource"},{"children":[{"count":1,"data":[1,0,0,0,0],"debug":[[{"filename":"/opt/intel/oneapi/compiler/2023.2.0/linux/bin-llvm/../include/sycl/handler.hpp","line":"1211"}]],"name":"1-bit Select","type":"resource"},{"count":1,"data":[11,0,0,0,0],"debug":[[{"filename":"/opt/intel/oneapi/compiler/2023.2.0/linux/bin-llvm/../include/sycl/handler.hpp","line":"1211"}]],"name":"32-bit Integer Compare","type":"resource"}],"data":[12,0,0,0,0],"debug":[[{"filename":"/opt/intel/oneapi/compiler/2023.2.0/linux/bin-llvm/../include/sycl/handler.hpp","line":1211},{"filename":"/home/wkrska/Aggregation/agg-hls/main.cpp","line":442},{"filename":"/home/wkrska/Aggregation/agg-hls/./stages.h","line":360},{"filename":"/home/wkrska/Aggregation/agg-hls/./stages.h","line":224}]],"name":"handler.hpp:1211 > main.cpp:442 > \nstages.h:360 > stages.h:224","replace_name":true,"type":"resource"},{"children":[{"count":1,"data":[1,0,0,0,0],"debug":[[{"filename":"/opt/intel/oneapi/compiler/2023.2.0/linux/bin-llvm/../include/sycl/handler.hpp","line":"1211"}]],"name":"1-bit And","type":"resource"}],"data":[1,0,0,0,0],"debug":[[{"filename":"/opt/intel/oneapi/compiler/2023.2.0/linux/bin-llvm/../include/sycl/handler.hpp","line":1211},{"filename":"/home/wkrska/Aggregation/agg-hls/main.cpp","line":442},{"filename":"/home/wkrska/Aggregation/agg-hls/./stages.h","line":263}]],"name":"handler.hpp:1211 > main.cpp:442 > \nstages.h:263","replace_name":true,"type":"resource"},{"children":[{"count":2,"data":[84,146,0,0,0],"debug":[[{"filename":"/opt/intel/oneapi/compiler/2023.2.0/linux/bin-llvm/../include/sycl/handler.hpp","line":"1211"}]],"name":"Load","type":"resource"}],"data":[84,146,0,0,0],"debug":[[{"filename":"/opt/intel/oneapi/compiler/2023.2.0/linux/bin-llvm/../include/sycl/handler.hpp","line":1211},{"filename":"/home/wkrska/Aggregation/agg-hls/main.cpp","line":442},{"filename":"/home/wkrska/Aggregation/agg-hls/./stages.h","line":366}]],"name":"handler.hpp:1211 > main.cpp:442 > \nstages.h:366","replace_name":true,"type":"resource"},{"children":[{"count":1,"data":[11,0,0,0,0],"debug":[[{"filename":"/opt/intel/oneapi/compiler/2023.2.0/linux/bin-llvm/../include/sycl/handler.hpp","line":"1211"}]],"name":"32-bit Integer Compare","type":"resource"}],"data":[11,0,0,0,0],"debug":[[{"filename":"/opt/intel/oneapi/compiler/2023.2.0/linux/bin-llvm/../include/sycl/handler.hpp","line":1211},{"filename":"/home/wkrska/Aggregation/agg-hls/main.cpp","line":442},{"filename":"/home/wkrska/Aggregation/agg-hls/./stages.h","line":368}]],"name":"handler.hpp:1211 > main.cpp:442 > \nstages.h:368","replace_name":true,"type":"resource"},{"children":[{"count":1,"data":[4,2,0,0,0],"debug":[[{"filename":"/opt/intel/oneapi/compiler/2023.2.0/linux/bin-llvm/../include/sycl/handler.hpp","line":"1211"}]],"name":"Pipe Write","type":"resource"}],"data":[4,2,0,0,0],"debug":[[{"filename":"/opt/intel/oneapi/compiler/2023.2.0/linux/bin-llvm/../include/sycl/handler.hpp","line":1211},{"filename":"/home/wkrska/Aggregation/agg-hls/main.cpp","line":442},{"filename":"/home/wkrska/Aggregation/agg-hls/./stages.h","line":374},{"filename":"/opt/intel/oneapi/compiler/2023.2.0/linux/bin-llvm/../include/sycl/ext/intel/pipes.hpp","line":85}]],"name":"handler.hpp:1211 > main.cpp:442 > \nstages.h:374 > pipes.hpp:85","replace_name":true,"type":"resource"},{"children":[{"count":2,"data":[0,32,0,0,0],"debug":[[{"filename":"/opt/intel/oneapi/compiler/2023.2.0/linux/bin-llvm/../include/sycl/handler.hpp","line":"1211"}]],"name":"State","type":"resource"},{"count":2,"data":[2,1,0,0,0],"debug":[[{"filename":"/opt/intel/oneapi/compiler/2023.2.0/linux/bin-llvm/../include/sycl/handler.hpp","line":"1211"}]],"name":"1-bit Select","type":"resource"},{"count":1,"data":[16,0,0,0,0],"debug":[[{"filename":"/opt/intel/oneapi/compiler/2023.2.0/linux/bin-llvm/../include/sycl/handler.hpp","line":"1211"}]],"name":"16-bit Select","type":"resource"}],"data":[18,33,0,0,0],"debug":[[{"filename":"/opt/intel/oneapi/compiler/2023.2.0/linux/bin-llvm/../include/sycl/handler.hpp","line":1211},{"filename":"/home/wkrska/Aggregation/agg-hls/main.cpp","line":442},{"filename":"/home/wkrska/Aggregation/agg-hls/./stages.h","line":272}]],"name":"handler.hpp:1211 > main.cpp:442 > \nstages.h:272","replace_name":true,"type":"resource"},{"children":[{"count":2,"data":[0,16,0,0,0],"debug":[[{"filename":"/opt/intel/oneapi/compiler/2023.2.0/linux/bin-llvm/../include/sycl/handler.hpp","line":"1211"}]],"name":"State","type":"resource"},{"count":2,"data":[16,0,0,0,0],"debug":[[{"filename":"/opt/intel/oneapi/compiler/2023.2.0/linux/bin-llvm/../include/sycl/handler.hpp","line":"1211"}]],"name":"8-bit Select","type":"resource"}],"data":[16,16,0,0,0],"debug":[[{"filename":"/opt/intel/oneapi/compiler/2023.2.0/linux/bin-llvm/../include/sycl/handler.hpp","line":1211},{"filename":"/home/wkrska/Aggregation/agg-hls/main.cpp","line":442},{"filename":"/home/wkrska/Aggregation/agg-hls/./stages.h","line":273}]],"name":"handler.hpp:1211 > main.cpp:442 > \nstages.h:273","replace_name":true,"type":"resource"},{"children":[{"count":1,"data":[5,0,0,0,0],"debug":[[{"filename":"/opt/intel/oneapi/compiler/2023.2.0/linux/bin-llvm/../include/sycl/handler.hpp","line":"1211"}]],"name":"16-bit Integer Compare","type":"resource"}],"data":[5,0,0,0,0],"debug":[[{"filename":"/opt/intel/oneapi/compiler/2023.2.0/linux/bin-llvm/../include/sycl/handler.hpp","line":1211},{"filename":"/home/wkrska/Aggregation/agg-hls/main.cpp","line":442},{"filename":"/home/wkrska/Aggregation/agg-hls/./stages.h","line":275}]],"name":"handler.hpp:1211 > main.cpp:442 > \nstages.h:275","replace_name":true,"type":"resource"},{"children":[{"count":1,"data":[1,0,0,0,0],"debug":[[{"filename":"/opt/intel/oneapi/compiler/2023.2.0/linux/bin-llvm/../include/sycl/handler.hpp","line":"1211"}]],"name":"1-bit Or","type":"resource"},{"count":1,"data":[11,0,0,0,0],"debug":[[{"filename":"/opt/intel/oneapi/compiler/2023.2.0/linux/bin-llvm/../include/sycl/handler.hpp","line":"1211"}]],"name":"32-bit Integer Compare","type":"resource"}],"data":[12,0,0,0,0],"debug":[[{"filename":"/opt/intel/oneapi/compiler/2023.2.0/linux/bin-llvm/../include/sycl/handler.hpp","line":1211},{"filename":"/home/wkrska/Aggregation/agg-hls/main.cpp","line":442},{"filename":"/home/wkrska/Aggregation/agg-hls/./stages.h","line":313},{"filename":"/home/wkrska/Aggregation/agg-hls/./stages.h","line":223}]],"name":"handler.hpp:1211 > main.cpp:442 > \nstages.h:313 > stages.h:223","replace_name":true,"type":"resource"},{"children":[{"count":1,"data":[32,0,0,0,0],"debug":[[{"filename":"/opt/intel/oneapi/compiler/2023.2.0/linux/bin-llvm/../include/sycl/handler.hpp","line":"1211"}]],"name":"32-bit Integer Add","type":"resource"},{"count":5,"data":[160,0,0,0,0],"debug":[[{"filename":"/opt/intel/oneapi/compiler/2023.2.0/linux/bin-llvm/../include/sycl/handler.hpp","line":"1211"}]],"name":"32-bit Select","type":"resource"}],"data":[192,0,0,0,0],"debug":[[{"filename":"/opt/intel/oneapi/compiler/2023.2.0/linux/bin-llvm/../include/sycl/handler.hpp","line":1211},{"filename":"/home/wkrska/Aggregation/agg-hls/main.cpp","line":442},{"filename":"/home/wkrska/Aggregation/agg-hls/./stages.h","line":313},{"filename":"/home/wkrska/Aggregation/agg-hls/./stages.h","line":225},{"filename":"/home/wkrska/Aggregation/agg-hls/main.cpp","line":131}]],"name":"handler.hpp:1211 > main.cpp:442 > \nstages.h:313 > stages.h:225 > \nmain.cpp:131","replace_name":true,"type":"resource"},{"children":[{"count":1,"data":[35,1,0,0,0],"debug":[[{"filename":"/opt/intel/oneapi/compiler/2023.2.0/linux/bin-llvm/../include/sycl/handler.hpp","line":"1211"}]],"name":"32-bit Integer Compare","type":"resource"},{"count":1,"data":[32,0,0,0,0],"debug":[[{"filename":"/opt/intel/oneapi/compiler/2023.2.0/linux/bin-llvm/../include/sycl/handler.hpp","line":"1211"}]],"name":"32-bit Select","type":"resource"}],"data":[67,1,0,0,0],"debug":[[{"filename":"/opt/intel/oneapi/compiler/2023.2.0/linux/bin-llvm/../include/sycl/handler.hpp","line":1211},{"filename":"/home/wkrska/Aggregation/agg-hls/main.cpp","line":442},{"filename":"/home/wkrska/Aggregation/agg-hls/./stages.h","line":313},{"filename":"/home/wkrska/Aggregation/agg-hls/./stages.h","line":225},{"filename":"/home/wkrska/Aggregation/agg-hls/main.cpp","line":141}]],"name":"handler.hpp:1211 > main.cpp:442 > \nstages.h:313 > stages.h:225 > \nmain.cpp:141","replace_name":true,"type":"resource"},{"children":[{"count":1,"data":[35,1,0,0,0],"debug":[[{"filename":"/opt/intel/oneapi/compiler/2023.2.0/linux/bin-llvm/../include/sycl/handler.hpp","line":"1211"}]],"name":"32-bit Integer Compare","type":"resource"},{"count":1,"data":[32,0,0,0,0],"debug":[[{"filename":"/opt/intel/oneapi/compiler/2023.2.0/linux/bin-llvm/../include/sycl/handler.hpp","line":"1211"}]],"name":"32-bit Select","type":"resource"}],"data":[67,1,0,0,0],"debug":[[{"filename":"/opt/intel/oneapi/compiler/2023.2.0/linux/bin-llvm/../include/sycl/handler.hpp","line":1211},{"filename":"/home/wkrska/Aggregation/agg-hls/main.cpp","line":442},{"filename":"/home/wkrska/Aggregation/agg-hls/./stages.h","line":313},{"filename":"/home/wkrska/Aggregation/agg-hls/./stages.h","line":225},{"filename":"/home/wkrska/Aggregation/agg-hls/main.cpp","line":144}]],"name":"handler.hpp:1211 > main.cpp:442 > \nstages.h:313 > stages.h:225 > \nmain.cpp:144","replace_name":true,"type":"resource"},{"children":[{"count":1,"data":[32,0,0,0,0],"debug":[[{"filename":"/opt/intel/oneapi/compiler/2023.2.0/linux/bin-llvm/../include/sycl/handler.hpp","line":"1211"}]],"name":"32-bit Integer Add","type":"resource"}],"data":[32,0,0,0,0],"debug":[[{"filename":"/opt/intel/oneapi/compiler/2023.2.0/linux/bin-llvm/../include/sycl/handler.hpp","line":1211},{"filename":"/home/wkrska/Aggregation/agg-hls/main.cpp","line":442},{"filename":"/home/wkrska/Aggregation/agg-hls/./stages.h","line":313},{"filename":"/home/wkrska/Aggregation/agg-hls/./stages.h","line":225},{"filename":"/home/wkrska/Aggregation/agg-hls/main.cpp","line":147}]],"name":"handler.hpp:1211 > main.cpp:442 > \nstages.h:313 > stages.h:225 > \nmain.cpp:147","replace_name":true,"type":"resource"},{"children":[{"count":1,"data":[87,337,0,0,5],"debug":[[{"filename":"/opt/intel/oneapi/compiler/2023.2.0/linux/bin-llvm/../include/sycl/handler.hpp","line":"1211"}]],"name":"Store","type":"resource"}],"data":[87,337,0,0,5],"debug":[[{"filename":"/opt/intel/oneapi/compiler/2023.2.0/linux/bin-llvm/../include/sycl/handler.hpp","line":1211},{"filename":"/home/wkrska/Aggregation/agg-hls/main.cpp","line":442},{"filename":"/home/wkrska/Aggregation/agg-hls/./stages.h","line":313},{"filename":"/home/wkrska/Aggregation/agg-hls/./stages.h","line":226}]],"name":"handler.hpp:1211 > main.cpp:442 > \nstages.h:313 > stages.h:226","replace_name":true,"type":"resource"},{"children":[{"count":1,"data":[1,0,0,0,0],"debug":[[{"filename":"/opt/intel/oneapi/compiler/2023.2.0/linux/bin-llvm/../include/sycl/handler.hpp","line":"1211"}]],"name":"1-bit Or","type":"resource"},{"count":2,"data":[122,361,0,0,5],"debug":[[{"filename":"/opt/intel/oneapi/compiler/2023.2.0/linux/bin-llvm/../include/sycl/handler.hpp","line":"1211"}]],"name":"Store","type":"resource"}],"data":[123,361,0,0,5],"debug":[[{"filename":"/opt/intel/oneapi/compiler/2023.2.0/linux/bin-llvm/../include/sycl/handler.hpp","line":1211},{"filename":"/home/wkrska/Aggregation/agg-hls/main.cpp","line":442},{"filename":"/home/wkrska/Aggregation/agg-hls/./stages.h","line":313},{"filename":"/home/wkrska/Aggregation/agg-hls/./stages.h","line":237}]],"name":"handler.hpp:1211 > main.cpp:442 > \nstages.h:313 > stages.h:237","replace_name":true,"type":"resource"},{"children":[{"count":1,"data":[8,0,0,0,0],"debug":[[{"filename":"/opt/intel/oneapi/compiler/2023.2.0/linux/bin-llvm/../include/sycl/handler.hpp","line":"1211"}]],"name":"8-bit Select","type":"resource"}],"data":[8,0,0,0,0],"debug":[[{"filename":"/opt/intel/oneapi/compiler/2023.2.0/linux/bin-llvm/../include/sycl/handler.hpp","line":1211},{"filename":"/home/wkrska/Aggregation/agg-hls/main.cpp","line":442},{"filename":"/home/wkrska/Aggregation/agg-hls/./stages.h","line":317}]],"name":"handler.hpp:1211 > main.cpp:442 > \nstages.h:317","replace_name":true,"type":"resource"},{"children":[{"count":2,"data":[0,32,0,0,0],"debug":[[{"filename":"/opt/intel/oneapi/compiler/2023.2.0/linux/bin-llvm/../include/sycl/handler.hpp","line":"1211"}]],"name":"State","type":"resource"},{"count":1,"data":[19,1,0,0,0],"debug":[[{"filename":"/opt/intel/oneapi/compiler/2023.2.0/linux/bin-llvm/../include/sycl/handler.hpp","line":"1211"}]],"name":"16-bit Integer Compare","type":"resource"},{"count":1,"data":[16,0,0,0,0],"debug":[[{"filename":"/opt/intel/oneapi/compiler/2023.2.0/linux/bin-llvm/../include/sycl/handler.hpp","line":"1211"}]],"name":"16-bit Select","type":"resource"}],"data":[35,33,0,0,0],"debug":[[{"filename":"/opt/intel/oneapi/compiler/2023.2.0/linux/bin-llvm/../include/sycl/handler.hpp","line":1211},{"filename":"/home/wkrska/Aggregation/agg-hls/main.cpp","line":442},{"filename":"/home/wkrska/Aggregation/agg-hls/./stages.h","line":331}]],"name":"handler.hpp:1211 > main.cpp:442 > \nstages.h:331","replace_name":true,"type":"resource"},{"children":[{"count":1,"data":[32,0,0,0,0],"debug":[[{"filename":"/opt/intel/oneapi/compiler/2023.2.0/linux/bin-llvm/../include/sycl/handler.hpp","line":"1211"}]],"name":"32-bit Integer Add","type":"resource"},{"count":5,"data":[160,0,0,0,0],"debug":[[{"filename":"/opt/intel/oneapi/compiler/2023.2.0/linux/bin-llvm/../include/sycl/handler.hpp","line":"1211"}]],"name":"32-bit Select","type":"resource"}],"data":[192,0,0,0,0],"debug":[[{"filename":"/opt/intel/oneapi/compiler/2023.2.0/linux/bin-llvm/../include/sycl/handler.hpp","line":1211},{"filename":"/home/wkrska/Aggregation/agg-hls/main.cpp","line":442},{"filename":"/home/wkrska/Aggregation/agg-hls/./stages.h","line":360},{"filename":"/home/wkrska/Aggregation/agg-hls/./stages.h","line":225},{"filename":"/home/wkrska/Aggregation/agg-hls/main.cpp","line":131}]],"name":"handler.hpp:1211 > main.cpp:442 > \nstages.h:360 > stages.h:225 > \nmain.cpp:131","replace_name":true,"type":"resource"},{"children":[{"count":1,"data":[32,0,0,0,0],"debug":[[{"filename":"/opt/intel/oneapi/compiler/2023.2.0/linux/bin-llvm/../include/sycl/handler.hpp","line":"1211"}]],"name":"32-bit Integer Add","type":"resource"},{"count":2,"data":[64,32,0,0,0],"debug":[[{"filename":"/opt/intel/oneapi/compiler/2023.2.0/linux/bin-llvm/../include/sycl/handler.hpp","line":"1211"}]],"name":"32-bit Select","type":"resource"}],"data":[96,32,0,0,0],"debug":[[{"filename":"/opt/intel/oneapi/compiler/2023.2.0/linux/bin-llvm/../include/sycl/handler.hpp","line":1211},{"filename":"/home/wkrska/Aggregation/agg-hls/main.cpp","line":442},{"filename":"/home/wkrska/Aggregation/agg-hls/./stages.h","line":360},{"filename":"/home/wkrska/Aggregation/agg-hls/./stages.h","line":225},{"filename":"/home/wkrska/Aggregation/agg-hls/main.cpp","line":134}]],"name":"handler.hpp:1211 > main.cpp:442 > \nstages.h:360 > stages.h:225 > \nmain.cpp:134","replace_name":true,"type":"resource"},{"children":[{"count":1,"data":[35,1,0,0,0],"debug":[[{"filename":"/opt/intel/oneapi/compiler/2023.2.0/linux/bin-llvm/../include/sycl/handler.hpp","line":"1211"}]],"name":"32-bit Integer Compare","type":"resource"},{"count":1,"data":[32,0,0,0,0],"debug":[[{"filename":"/opt/intel/oneapi/compiler/2023.2.0/linux/bin-llvm/../include/sycl/handler.hpp","line":"1211"}]],"name":"32-bit Select","type":"resource"}],"data":[67,1,0,0,0],"debug":[[{"filename":"/opt/intel/oneapi/compiler/2023.2.0/linux/bin-llvm/../include/sycl/handler.hpp","line":1211},{"filename":"/home/wkrska/Aggregation/agg-hls/main.cpp","line":442},{"filename":"/home/wkrska/Aggregation/agg-hls/./stages.h","line":360},{"filename":"/home/wkrska/Aggregation/agg-hls/./stages.h","line":225},{"filename":"/home/wkrska/Aggregation/agg-hls/main.cpp","line":141}]],"name":"handler.hpp:1211 > main.cpp:442 > \nstages.h:360 > stages.h:225 > \nmain.cpp:141","replace_name":true,"type":"resource"},{"children":[{"count":1,"data":[35,1,0,0,0],"debug":[[{"filename":"/opt/intel/oneapi/compiler/2023.2.0/linux/bin-llvm/../include/sycl/handler.hpp","line":"1211"}]],"name":"32-bit Integer Compare","type":"resource"},{"count":1,"data":[32,0,0,0,0],"debug":[[{"filename":"/opt/intel/oneapi/compiler/2023.2.0/linux/bin-llvm/../include/sycl/handler.hpp","line":"1211"}]],"name":"32-bit Select","type":"resource"}],"data":[67,1,0,0,0],"debug":[[{"filename":"/opt/intel/oneapi/compiler/2023.2.0/linux/bin-llvm/../include/sycl/handler.hpp","line":1211},{"filename":"/home/wkrska/Aggregation/agg-hls/main.cpp","line":442},{"filename":"/home/wkrska/Aggregation/agg-hls/./stages.h","line":360},{"filename":"/home/wkrska/Aggregation/agg-hls/./stages.h","line":225},{"filename":"/home/wkrska/Aggregation/agg-hls/main.cpp","line":144}]],"name":"handler.hpp:1211 > main.cpp:442 > \nstages.h:360 > stages.h:225 > \nmain.cpp:144","replace_name":true,"type":"resource"},{"children":[{"count":1,"data":[32,0,0,0,0],"debug":[[{"filename":"/opt/intel/oneapi/compiler/2023.2.0/linux/bin-llvm/../include/sycl/handler.hpp","line":"1211"}]],"name":"32-bit Integer Add","type":"resource"}],"data":[32,0,0,0,0],"debug":[[{"filename":"/opt/intel/oneapi/compiler/2023.2.0/linux/bin-llvm/../include/sycl/handler.hpp","line":1211},{"filename":"/home/wkrska/Aggregation/agg-hls/main.cpp","line":442},{"filename":"/home/wkrska/Aggregation/agg-hls/./stages.h","line":360},{"filename":"/home/wkrska/Aggregation/agg-hls/./stages.h","line":225},{"filename":"/home/wkrska/Aggregation/agg-hls/main.cpp","line":147}]],"name":"handler.hpp:1211 > main.cpp:442 > \nstages.h:360 > stages.h:225 > \nmain.cpp:147","replace_name":true,"type":"resource"},{"children":[{"count":1,"data":[1,0,0,0,0],"debug":[[{"filename":"/opt/intel/oneapi/compiler/2023.2.0/linux/bin-llvm/../include/sycl/handler.hpp","line":"1211"}]],"name":"1-bit Or","type":"resource"}],"data":[1,0,0,0,0],"debug":[[{"filename":"/opt/intel/oneapi/compiler/2023.2.0/linux/bin-llvm/../include/sycl/handler.hpp","line":1211},{"filename":"/home/wkrska/Aggregation/agg-hls/main.cpp","line":442},{"filename":"/home/wkrska/Aggregation/agg-hls/./stages.h","line":360},{"filename":"/home/wkrska/Aggregation/agg-hls/./stages.h","line":226}]],"name":"handler.hpp:1211 > main.cpp:442 > \nstages.h:360 > stages.h:226","replace_name":true,"type":"resource"},{"children":[{"count":1,"data":[1,0,0,0,0],"debug":[[{"filename":"/opt/intel/oneapi/compiler/2023.2.0/linux/bin-llvm/../include/sycl/handler.hpp","line":"1211"}]],"name":"1-bit Or","type":"resource"},{"count":2,"data":[64,0,0,0,0],"debug":[[{"filename":"/opt/intel/oneapi/compiler/2023.2.0/linux/bin-llvm/../include/sycl/handler.hpp","line":"1211"}]],"name":"32-bit Select","type":"resource"},{"count":2,"data":[68,48,0,0,0],"debug":[[{"filename":"/opt/intel/oneapi/compiler/2023.2.0/linux/bin-llvm/../include/sycl/handler.hpp","line":"1211"}]],"name":"Store","type":"resource"}],"data":[133,48,0,0,0],"debug":[[{"filename":"/opt/intel/oneapi/compiler/2023.2.0/linux/bin-llvm/../include/sycl/handler.hpp","line":1211},{"filename":"/home/wkrska/Aggregation/agg-hls/main.cpp","line":442},{"filename":"/home/wkrska/Aggregation/agg-hls/./stages.h","line":360},{"filename":"/home/wkrska/Aggregation/agg-hls/./stages.h","line":237}]],"name":"handler.hpp:1211 > main.cpp:442 > \nstages.h:360 > stages.h:237","replace_name":true,"type":"resource"},{"children":[{"count":1,"data":[19,1,0,0,0],"debug":[[{"filename":"/opt/intel/oneapi/compiler/2023.2.0/linux/bin-llvm/../include/sycl/handler.hpp","line":"1211"}]],"name":"16-bit Integer Compare","type":"resource"}],"data":[19,1,0,0,0],"debug":[[{"filename":"/opt/intel/oneapi/compiler/2023.2.0/linux/bin-llvm/../include/sycl/handler.hpp","line":1211},{"filename":"/home/wkrska/Aggregation/agg-hls/main.cpp","line":442},{"filename":"/home/wkrska/Aggregation/agg-hls/./stages.h","line":265}]],"name":"handler.hpp:1211 > main.cpp:442 > \nstages.h:265","replace_name":true,"type":"resource"},{"children":[{"count":2,"data":[68,48,0,0,0],"debug":[[{"filename":"/opt/intel/oneapi/compiler/2023.2.0/linux/bin-llvm/../include/sycl/handler.hpp","line":"1211"}]],"name":"Store","type":"resource"}],"data":[68,48,0,0,0],"debug":[[{"filename":"/opt/intel/oneapi/compiler/2023.2.0/linux/bin-llvm/../include/sycl/handler.hpp","line":1211},{"filename":"/home/wkrska/Aggregation/agg-hls/main.cpp","line":442},{"filename":"/home/wkrska/Aggregation/agg-hls/./stages.h","line":267}]],"name":"handler.hpp:1211 > main.cpp:442 > \nstages.h:267","replace_name":true,"type":"resource"},{"children":[{"count":"1","data":[0,1,0,0,0],"debug":[[{"filename":"/opt/intel/oneapi/compiler/2023.2.0/linux/bin-llvm/../include/sycl/handler.hpp","line":"1211"}]],"name":"State","type":"resource"}],"data":[0,1,0,0,0],"debug":[[{"filename":"/opt/intel/oneapi/compiler/2023.2.0/linux/bin-llvm/../include/sycl/handler.hpp","line":1211},{"filename":"/home/wkrska/Aggregation/agg-hls/main.cpp","line":442},{"filename":"/home/wkrska/Aggregation/agg-hls/./stages.h","line":277}]],"name":"handler.hpp:1211 > main.cpp:442 > \nstages.h:277","replace_name":true,"type":"resource"},{"children":[{"count":"1","data":[0,105,0,0,0],"debug":[[{"filename":"/opt/intel/oneapi/compiler/2023.2.0/linux/bin-llvm/../include/sycl/handler.hpp","line":"1211"}]],"name":"State","type":"resource"},{"count":1,"data":[1,0,0,0,0],"debug":[[{"filename":"/opt/intel/oneapi/compiler/2023.2.0/linux/bin-llvm/../include/sycl/handler.hpp","line":"1211"}]],"name":"1-bit And","type":"resource"},{"count":1,"data":[1,0,0,0,0],"debug":[[{"filename":"/opt/intel/oneapi/compiler/2023.2.0/linux/bin-llvm/../include/sycl/handler.hpp","line":"1211"}]],"name":"Non-Blocking Pipe Read","type":"resource"}],"data":[2,105,0,0,0],"debug":[[{"filename":"/opt/intel/oneapi/compiler/2023.2.0/linux/bin-llvm/../include/sycl/handler.hpp","line":1211},{"filename":"/home/wkrska/Aggregation/agg-hls/main.cpp","line":442},{"filename":"/home/wkrska/Aggregation/agg-hls/./stages.h","line":287},{"filename":"/opt/intel/oneapi/compiler/2023.2.0/linux/bin-llvm/../include/sycl/ext/intel/pipes.hpp","line":32}]],"name":"handler.hpp:1211 > main.cpp:442 > \nstages.h:287 > pipes.hpp:32","replace_name":true,"type":"resource"},{"children":[{"count":"1","data":[0,1,0,0,0],"debug":[[{"filename":"/opt/intel/oneapi/compiler/2023.2.0/linux/bin-llvm/../include/sycl/handler.hpp","line":"1211"}]],"name":"State","type":"resource"},{"count":2,"data":[2,0,0,0,0],"debug":[[{"filename":"/opt/intel/oneapi/compiler/2023.2.0/linux/bin-llvm/../include/sycl/handler.hpp","line":"1211"}]],"name":"1-bit Or","type":"resource"}],"data":[2,1,0,0,0],"debug":[[{"filename":"/opt/intel/oneapi/compiler/2023.2.0/linux/bin-llvm/../include/sycl/handler.hpp","line":1211},{"filename":"/home/wkrska/Aggregation/agg-hls/main.cpp","line":442},{"filename":"/home/wkrska/Aggregation/agg-hls/./stages.h","line":313},{"filename":"/home/wkrska/Aggregation/agg-hls/./stages.h","line":218}]],"name":"handler.hpp:1211 > main.cpp:442 > \nstages.h:313 > stages.h:218","replace_name":true,"type":"resource"},{"children":[{"count":"1","data":[0,2,0,0,0],"debug":[[{"filename":"/opt/intel/oneapi/compiler/2023.2.0/linux/bin-llvm/../include/sycl/handler.hpp","line":"1211"}]],"name":"State","type":"resource"},{"count":3,"data":[6,0,0,0,0],"debug":[[{"filename":"/opt/intel/oneapi/compiler/2023.2.0/linux/bin-llvm/../include/sycl/handler.hpp","line":"1211"}]],"name":"32-bit Select","type":"resource"}],"data":[6,2,0,0,0],"debug":[[{"filename":"/opt/intel/oneapi/compiler/2023.2.0/linux/bin-llvm/../include/sycl/handler.hpp","line":1211},{"filename":"/home/wkrska/Aggregation/agg-hls/main.cpp","line":442},{"filename":"/home/wkrska/Aggregation/agg-hls/./stages.h","line":313},{"filename":"/home/wkrska/Aggregation/agg-hls/./stages.h","line":219}]],"name":"handler.hpp:1211 > main.cpp:442 > \nstages.h:313 > stages.h:219","replace_name":true,"type":"resource"},{"children":[{"count":1,"data":[19,1,0,0,0],"debug":[[{"filename":"/opt/intel/oneapi/compiler/2023.2.0/linux/bin-llvm/../include/sycl/handler.hpp","line":"1211"}]],"name":"16-bit Integer Compare","type":"resource"}],"data":[19,1,0,0,0],"debug":[[{"filename":"/opt/intel/oneapi/compiler/2023.2.0/linux/bin-llvm/../include/sycl/handler.hpp","line":1211},{"filename":"/home/wkrska/Aggregation/agg-hls/main.cpp","line":442},{"filename":"/home/wkrska/Aggregation/agg-hls/./stages.h","line":313},{"filename":"/home/wkrska/Aggregation/agg-hls/./stages.h","line":220}]],"name":"handler.hpp:1211 > main.cpp:442 > \nstages.h:313 > stages.h:220","replace_name":true,"type":"resource"},{"children":[{"count":1,"data":[1,0,0,0,0],"debug":[[{"filename":"/opt/intel/oneapi/compiler/2023.2.0/linux/bin-llvm/../include/sycl/handler.hpp","line":"1211"}]],"name":"1-bit Select","type":"resource"},{"count":1,"data":[11,0,0,0,0],"debug":[[{"filename":"/opt/intel/oneapi/compiler/2023.2.0/linux/bin-llvm/../include/sycl/handler.hpp","line":"1211"}]],"name":"32-bit Integer Compare","type":"resource"}],"data":[12,0,0,0,0],"debug":[[{"filename":"/opt/intel/oneapi/compiler/2023.2.0/linux/bin-llvm/../include/sycl/handler.hpp","line":1211},{"filename":"/home/wkrska/Aggregation/agg-hls/main.cpp","line":442},{"filename":"/home/wkrska/Aggregation/agg-hls/./stages.h","line":313},{"filename":"/home/wkrska/Aggregation/agg-hls/./stages.h","line":224}]],"name":"handler.hpp:1211 > main.cpp:442 > \nstages.h:313 > stages.h:224","replace_name":true,"type":"resource"},{"children":[{"count":"1","data":[0,96,0,0,0],"debug":[[{"filename":"/opt/intel/oneapi/compiler/2023.2.0/linux/bin-llvm/../include/sycl/handler.hpp","line":"1211"}]],"name":"State","type":"resource"},{"count":1,"data":[1,0,0,0,0],"debug":[[{"filename":"/opt/intel/oneapi/compiler/2023.2.0/linux/bin-llvm/../include/sycl/handler.hpp","line":"1211"}]],"name":"Pipe Read","type":"resource"}],"data":[1,96,0,0,0],"debug":[[{"filename":"/opt/intel/oneapi/compiler/2023.2.0/linux/bin-llvm/../include/sycl/handler.hpp","line":1211},{"filename":"/home/wkrska/Aggregation/agg-hls/main.cpp","line":442},{"filename":"/home/wkrska/Aggregation/agg-hls/./stages.h","line":337},{"filename":"/opt/intel/oneapi/compiler/2023.2.0/linux/bin-llvm/../include/sycl/ext/intel/pipes.hpp","line":69}]],"name":"handler.hpp:1211 > main.cpp:442 > \nstages.h:337 > pipes.hpp:69","replace_name":true,"type":"resource"}],"data":[1882,1772,0,0,10],"debug":[[{"filename":"/opt/intel/oneapi/compiler/2023.2.0/linux/bin-llvm/../include/sycl/handler.hpp","line":1211}]],"name":"/opt/intel/oneapi/compiler/2023.2.0/linux/bin-llvm/../include/sycl/handler.hpp:1211","type":"resource"}],"compute_units":1,"data":[2502,3068,16,0,47],"debug":[[{"filename":"stages.h","line":258}]],"details":[{"text":"Number of compute units: 1","type":"text"},{"text":"Max global work dimension: 0","type":"text"},{"text":"1 compute unit.\nMax global work dimension: 0","type":"brief"}],"name":"MergeAndAggregateTask","total_kernel_resources":[2502,3068,16,0,47],"total_percent":[0.470604,0.353243,0.15743,0.225035,0],"type":"function"},{"children":[{"data":[328,388,0,0,15],"details":[{"text":"Feedback+Cluster logic","type":"brief"}],"name":"Data control overhead","type":"resource"},{"data":[16,40,0,0,0],"details":[{"text":"Type: Register","type":"text"},{"text":"1 register of width 4 bits","type":"text"},{"text":"1 register of width 16 bits","type":"text"},{"text":"Register,\n1 reg, 4 width,\n1 reg, 16 width","type":"brief"}],"name":"Private Variable: \n - 'grp' (main.cpp:455)","type":"resource"},{"data":[16,72,0,0,0],"details":[{"text":"Type: Register","type":"text"},{"text":"1 register of width 4 bits","type":"text"},{"text":"1 register of width 32 bits","type":"text"},{"text":"Register,\n1 reg, 4 width,\n1 reg, 32 width","type":"brief"}],"name":"Private Variable: \n - 'r' (main.cpp:452)","type":"resource"},{"children":[{"count":2,"data":[109,353,0,0,1],"debug":[[{"filename":"","line":0}]],"name":"State","type":"resource"}],"data":[109,353,0,0,1],"name":"No Source Line","type":"resource"},{"children":[{"children":[{"count":1,"data":[1,0,0,0,0],"debug":[[{"filename":"/opt/intel/oneapi/compiler/2023.2.0/linux/bin-llvm/../include/sycl/handler.hpp","line":"1211"}]],"name":"1-bit And","type":"resource"},{"count":1,"data":[1,0,0,0,0],"debug":[[{"filename":"/opt/intel/oneapi/compiler/2023.2.0/linux/bin-llvm/../include/sycl/handler.hpp","line":"1211"}]],"name":"4-bit Integer Compare","type":"resource"}],"data":[2,0,0,0,0],"debug":[[{"filename":"/opt/intel/oneapi/compiler/2023.2.0/linux/bin-llvm/../include/sycl/handler.hpp","line":1211},{"filename":"/home/wkrska/Aggregation/agg-hls/main.cpp","line":452}]],"name":"handler.hpp:1211 > main.cpp:452","replace_name":true,"type":"resource"},{"children":[{"count":1,"data":[1,0,0,0,0],"debug":[[{"filename":"/opt/intel/oneapi/compiler/2023.2.0/linux/bin-llvm/../include/sycl/handler.hpp","line":"1211"}]],"name":"1-bit And","type":"resource"}],"data":[1,0,0,0,0],"debug":[[{"filename":"/opt/intel/oneapi/compiler/2023.2.0/linux/bin-llvm/../include/sycl/handler.hpp","line":1211},{"filename":"/home/wkrska/Aggregation/agg-hls/main.cpp","line":455}]],"name":"handler.hpp:1211 > main.cpp:455","replace_name":true,"type":"resource"},{"children":[{"count":1,"data":[1,0,0,0,0],"debug":[[{"filename":"/opt/intel/oneapi/compiler/2023.2.0/linux/bin-llvm/../include/sycl/handler.hpp","line":"1211"}]],"name":"Pipe Read","type":"resource"}],"data":[1,0,0,0,0],"debug":[[{"filename":"/opt/intel/oneapi/compiler/2023.2.0/linux/bin-llvm/../include/sycl/handler.hpp","line":1211},{"filename":"/home/wkrska/Aggregation/agg-hls/main.cpp","line":456},{"filename":"/opt/intel/oneapi/compiler/2023.2.0/linux/bin-llvm/../include/sycl/ext/intel/pipes.hpp","line":69}]],"name":"handler.hpp:1211 > main.cpp:456 > \npipes.hpp:69","replace_name":true,"type":"resource"},{"children":[{"count":1,"data":[32,0,0,0,0],"debug":[[{"filename":"/opt/intel/oneapi/compiler/2023.2.0/linux/bin-llvm/../include/sycl/handler.hpp","line":"1211"}]],"name":"32-bit Integer Add","type":"resource"},{"count":1,"data":[354,2260,17,0,0],"debug":[[{"filename":"/opt/intel/oneapi/compiler/2023.2.0/linux/bin-llvm/../include/sycl/handler.hpp","line":"1211"}]],"name":"Store","type":"resource"}],"data":[386,2260,17,0,0],"debug":[[{"filename":"/opt/intel/oneapi/compiler/2023.2.0/linux/bin-llvm/../include/sycl/handler.hpp","line":1211},{"filename":"/home/wkrska/Aggregation/agg-hls/main.cpp","line":464}]],"name":"handler.hpp:1211 > main.cpp:464","replace_name":true,"type":"resource"}],"data":[390,2260,17,0,0],"debug":[[{"filename":"/opt/intel/oneapi/compiler/2023.2.0/linux/bin-llvm/../include/sycl/handler.hpp","line":1211}]],"name":"/opt/intel/oneapi/compiler/2023.2.0/linux/bin-llvm/../include/sycl/handler.hpp:1211","replace_name":"true","type":"resource"}],"compute_units":1,"data":[859,3113,17,0,16],"debug":[[{"filename":"main.cpp","line":452}]],"details":[{"text":"Number of compute units: 1","type":"text"},{"text":"Max global work dimension: 0","type":"text"},{"text":"1 compute unit.\nMax global work dimension: 0","type":"brief"}],"name":"ReadoutTask","total_kernel_resources":[859,3113,17,0,16],"total_percent":[0.277593,0.120998,0.159739,0.2391,0],"type":"function"},{"children":[{"data":[115,136,0,0,5],"details":[{"text":"Feedback+Cluster logic","type":"brief"}],"name":"Data control overhead","type":"resource"},{"children":[{"children":[{"count":1,"data":[336,410,15,0,2],"debug":[[{"filename":"/opt/intel/oneapi/compiler/2023.2.0/linux/bin-llvm/../include/sycl/handler.hpp","line":"1211"}]],"name":"Load","type":"resource"},{"count":1,"data":[5,2,0,0,0],"debug":[[{"filename":"/opt/intel/oneapi/compiler/2023.2.0/linux/bin-llvm/../include/sycl/handler.hpp","line":"1211"}]],"name":"Pipe Write","type":"resource"}],"data":[341,412,15,0,2],"debug":[[{"filename":"/opt/intel/oneapi/compiler/2023.2.0/linux/bin-llvm/../include/sycl/handler.hpp","line":1211},{"filename":"/home/wkrska/Aggregation/agg-hls/main.cpp","line":169},{"filename":"/opt/intel/oneapi/compiler/2023.2.0/linux/bin-llvm/../include/sycl/ext/intel/pipes.hpp","line":85}]],"name":"handler.hpp:1211 > main.cpp:169 > \npipes.hpp:85","replace_name":true,"type":"resource"},{"children":[{"count":1,"data":[3,2,0,0,0],"debug":[[{"filename":"/opt/intel/oneapi/compiler/2023.2.0/linux/bin-llvm/../include/sycl/handler.hpp","line":"1211"}]],"name":"Pipe Write","type":"resource"}],"data":[3,2,0,0,0],"debug":[[{"filename":"/opt/intel/oneapi/compiler/2023.2.0/linux/bin-llvm/../include/sycl/handler.hpp","line":1211},{"filename":"/home/wkrska/Aggregation/agg-hls/main.cpp","line":170},{"filename":"/opt/intel/oneapi/compiler/2023.2.0/linux/bin-llvm/../include/sycl/ext/intel/pipes.hpp","line":85}]],"name":"handler.hpp:1211 > main.cpp:170 > \npipes.hpp:85","replace_name":true,"type":"resource"},{"children":[{"count":1,"data":[3,2,0,0,0],"debug":[[{"filename":"/opt/intel/oneapi/compiler/2023.2.0/linux/bin-llvm/../include/sycl/handler.hpp","line":"1211"}]],"name":"Pipe Write","type":"resource"}],"data":[3,2,0,0,0],"debug":[[{"filename":"/opt/intel/oneapi/compiler/2023.2.0/linux/bin-llvm/../include/sycl/handler.hpp","line":1211},{"filename":"/home/wkrska/Aggregation/agg-hls/main.cpp","line":183},{"filename":"/opt/intel/oneapi/compiler/2023.2.0/linux/bin-llvm/../include/sycl/ext/intel/pipes.hpp","line":85}]],"name":"handler.hpp:1211 > main.cpp:183 > \npipes.hpp:85","replace_name":true,"type":"resource"}],"data":[347,416,15,0,2],"debug":[[{"filename":"/opt/intel/oneapi/compiler/2023.2.0/linux/bin-llvm/../include/sycl/handler.hpp","line":1211}]],"name":"/opt/intel/oneapi/compiler/2023.2.0/linux/bin-llvm/../include/sycl/handler.hpp:1211","replace_name":"true","type":"resource"},{"children":[{"count":2,"data":[2,0,0,0,0],"debug":[[{"filename":"/opt/intel/oneapi/compiler/2023.2.0/linux/bin-llvm/../include/sycl/handler.hpp","line":"1215"}]],"name":"1-bit Or","type":"resource"}],"data":[2,0,0,0,0],"debug":[[{"filename":"/opt/intel/oneapi/compiler/2023.2.0/linux/bin-llvm/../include/sycl/handler.hpp","line":1215}]],"name":"/opt/intel/oneapi/compiler/2023.2.0/linux/bin-llvm/../include/sycl/handler.hpp:1215","replace_name":"true","type":"resource"}],"compute_units":1,"data":[464,552,15,0,7],"details":[{"text":"Number of compute units: 1","type":"text"},{"text":"Max global work dimension: 0","type":"text"},{"text":"1 compute unit.\nMax global work dimension: 0","type":"brief"}],"name":"AggFuncSelectTask","total_kernel_resources":[464,552,15,0,7],"total_percent":[0.0833506,0.0619869,0.0283251,0.21097,0],"type":"function"}],"columns":["","ALUTs","FFs","RAMs","DSPs","MLABs","Details"],"data":[22313.99963,38209,183,0,206],"debug_enabled":"true","max_resources":[974400,1948800,7110,4510,48720],"name":"Kernel System","total":[22314,38209,183,0,206],"total_percent":[4.44093,2.71285,1.96064,2.57384,0],"type":"module"}