{
  "bottlenecks":
  [
    {
      "name":"Global variable"
      , "id":911
      , "src":"48"
      , "dst":"55"
      , "concurrency":"0"
      , "type":"Occupancy limiter"
      , "brief":"Data dependency"
      , "loop":"AggFuncSelectTask.B0"
      , "details":
      [
        {
          "type":"table"
          , "Variable on critical loop carried feedback path: ":"Global variable"
          , "Declared at: ":
          [
            {
              "type":"text"
              , "text":"%L"
              , "links":
              [
                {
                  "filename":"Unknown location"
                  , "line":"0"
                }
              ]
            }
          ]
          , "Dependency: ":"Data dependency"
          , "Concurrency value: ":"0"
          , "Loop feedback path that lowered occupancy: ":
          [
            {
              "type":"text"
              , "text":"LD(%L)"
              , "links":
              [
                {
                  "filename":"/opt/intel/oneapi/compiler/2023.2.0/linux/bin-llvm/../include/sycl/ext/intel/pipes.hpp"
                  , "line":"85"
                }
              ]
            }
            , {
              "type":"text"
              , "text":"Or(%L)"
              , "links":
              [
                {
                  "filename":"/opt/intel/oneapi/compiler/2023.2.0/linux/bin-llvm/../include/sycl/handler.hpp"
                  , "line":"1215"
                }
              ]
            }
          ]
        }
      ]
      , "nodes":
      [
        {
          "name":"Global variable"
          , "id":48
          , "start":"5.00"
          , "parent":"_ZTSZZ4mainENKUlRN4sycl3_V17handlerEE_clES2_E17AggFuncSelectTask.B0"
          , "debug":
          [
            [
              {
                "filename":"/opt/intel/oneapi/compiler/2023.2.0/linux/bin-llvm/../include/sycl/ext/intel/pipes.hpp"
                , "line":81
              }
            ]
          ]
          , "type":"inst"
        }
        , {
          "name":"LD"
          , "id":50
          , "debug":
          [
            [
              {
                "filename":"/opt/intel/oneapi/compiler/2023.2.0/linux/bin-llvm/../include/sycl/ext/intel/pipes.hpp"
                , "line":85
              }
            ]
          ]
          , "type":"inst"
        }
        , {
          "name":"Or"
          , "id":138
          , "debug":
          [
            [
              {
                "filename":"/opt/intel/oneapi/compiler/2023.2.0/linux/bin-llvm/../include/sycl/handler.hpp"
                , "line":1215
              }
            ]
          ]
          , "type":"inst"
        }
        , {
          "name":"Feedback"
          , "id":55
          , "end":"13.00"
          , "parent":"_ZTSZZ4mainENKUlRN4sycl3_V17handlerEE_clES2_E17AggFuncSelectTask.B0"
          , "debug":
          [
            [
              {
                "filename":"/opt/intel/oneapi/compiler/2023.2.0/linux/bin-llvm/../include/sycl/handler.hpp"
                , "line":1215
              }
            ]
          ]
          , "type":"inst"
        }
      ]
      , "links":
      [
        {
          "from":48
          , "to":50
        }
        , {
          "from":137
          , "to":138
        }
        , {
          "from":48
          , "to":55
          , "reverse":1
        }
      ]
    }
    , {
      "name":"__table"
      , "id":912
      , "src":"384"
      , "dst":"463"
      , "type":"fMAX/II"
      , "brief":"Data dependency"
      , "loop":"AggregateTask0.B6"
      , "details":
      [
        {
          "type":"table"
          , "Variable on critical loop carried feedback path: ":"__table"
          , "Declared at: ":
          [
            {
              "type":"text"
              , "text":"%L"
              , "links":
              [
                {
                  "filename":"/home/wkrska/Aggregation/agg-hls/./stages.h"
                  , "line":"155"
                }
              ]
            }
          ]
          , "Dependency: ":"Data dependency"
          , "Estimated fmax reduced to: ":"550.0"
          , "Loop feedback path that raised II and/or lowered fMAX: ":
          [
            {
              "type":"text"
              , "text":"Select(%L)"
              , "links":
              [
                {
                  "filename":"/home/wkrska/Aggregation/agg-hls/./core.h"
                  , "line":"283"
                }
              ]
            }
            , {
              "type":"text"
              , "text":"Trunc(%L)"
              , "links":
              [
                {
                  "filename":"/home/wkrska/Aggregation/agg-hls/./stages.h"
                  , "line":"169"
                }
              ]
            }
            , {
              "type":"text"
              , "text":"Compare(%L)"
              , "links":
              [
                {
                  "filename":"/home/wkrska/Aggregation/agg-hls/main.cpp"
                  , "line":"141"
                }
              ]
            }
            , {
              "type":"text"
              , "text":"Select(%L)"
              , "links":
              [
                {
                  "filename":"/home/wkrska/Aggregation/agg-hls/main.cpp"
                  , "line":"131"
                }
              ]
            }
            , {
              "type":"text"
              , "text":"Select(%L)"
              , "links":
              [
                {
                  "filename":"/home/wkrska/Aggregation/agg-hls/main.cpp"
                  , "line":"141"
                }
              ]
            }
            , {
              "type":"text"
              , "text":"bit.shuffle(%L)"
              , "links":
              [
                {
                  "filename":"/home/wkrska/Aggregation/agg-hls/main.cpp"
                  , "line":"141"
                }
              ]
            }
            , {
              "type":"text"
              , "text":"case(%L)"
              , "links":
              [
                {
                  "filename":"/home/wkrska/Aggregation/agg-hls/main.cpp"
                  , "line":"131"
                }
              ]
            }
            , {
              "type":"text"
              , "text":"Select(%L)"
              , "links":
              [
                {
                  "filename":"Unknown location"
                  , "line":"0"
                }
              ]
            }
          ]
        }
      ]
      , "nodes":
      [
        {
          "name":"__table"
          , "id":384
          , "start":"6.00"
          , "parent":"_ZTSZZ4mainENKUlRN4sycl3_V17handlerEE4_clES2_E14AggregateTask0.B6"
          , "type":"inst"
        }
        , {
          "name":"Trunc"
          , "debug":
          [
            [
              {
                "filename":"/home/wkrska/Aggregation/agg-hls/./stages.h"
                , "line":169
              }
            ]
          ]
          , "type":"inst"
        }
        , {
          "name":"case"
          , "id":439
          , "debug":
          [
            [
              {
                "filename":"/home/wkrska/Aggregation/agg-hls/main.cpp"
                , "line":131
              }
            ]
          ]
          , "type":"inst"
        }
        , {
          "name":"Compare"
          , "id":432
          , "debug":
          [
            [
              {
                "filename":"/home/wkrska/Aggregation/agg-hls/main.cpp"
                , "line":141
              }
            ]
          ]
          , "type":"inst"
        }
        , {
          "name":"Select"
          , "id":433
          , "debug":
          [
            [
              {
                "filename":"/home/wkrska/Aggregation/agg-hls/main.cpp"
                , "line":141
              }
            ]
          ]
          , "type":"inst"
        }
        , {
          "name":"Select"
          , "id":428
          , "debug":
          [
            [
              {
                "filename":"/home/wkrska/Aggregation/agg-hls/./core.h"
                , "line":283
              }
            ]
          ]
          , "type":"inst"
        }
        , {
          "name":"Select"
          , "id":385
          , "type":"inst"
        }
        , {
          "name":"Select"
          , "id":441
          , "debug":
          [
            [
              {
                "filename":"/home/wkrska/Aggregation/agg-hls/main.cpp"
                , "line":131
              }
            ]
          ]
          , "type":"inst"
        }
        , {
          "name":"bit.shuffle"
          , "id":434
          , "debug":
          [
            [
              {
                "filename":"/home/wkrska/Aggregation/agg-hls/main.cpp"
                , "line":141
              }
            ]
          ]
          , "type":"inst"
        }
        , {
          "name":"Feedback"
          , "id":463
          , "end":"6.00"
          , "parent":"_ZTSZZ4mainENKUlRN4sycl3_V17handlerEE4_clES2_E14AggregateTask0.B6"
          , "debug":
          [
            [
              {
                "filename":"/home/wkrska/Aggregation/agg-hls/./stages.h"
                , "line":169
              }
            ]
          ]
          , "type":"inst"
        }
      ]
      , "links":
      [
        {
          "from":432
          , "to":433
        }
        , {
          "from":384
          , "to":385
        }
        , {
          "from":439
          , "to":441
        }
        , {
          "from":433
          , "to":434
        }
        , {
          "from":441
          , "to":463
        }
        , {
          "from":384
          , "to":463
          , "reverse":1
        }
      ]
    }
  ]
}
