{
  "nodes":
  [
    {
      "name":"DDR"
      , "id":1022
      , "details":
      [
        {
          "type":"table"
          , "Board Supports Interleaving":"Yes"
          , "Interleave Size":"1024 bytes"
          , "Channels":"4 channels"
          , "Maximum bandwidth the BSP can deliver":"85312.00 MB/s<br><small><i> Note: Realistic maximum bandwidth is about 90% of the above due to loss from interconnect and memory controller.</i></small>"
          , "Channel DDR Width (bits)":"512, 512, 512, 512"
        }
      ]
      , "type":"memsys"
      , "children":
      [
        {
          "name":"channel 0"
          , "id":1024
          , "details":
          [
            {
              "type":"table"
              , "Data Width":"512"
              , "Address Width":"33"
              , "Latency":"240"
              , "ReadWrite Mode":"Read/Write"
              , "Maximum Burst":"16"
              , "Wait Request":"0"
              , "Start Address":"0x0"
            }
          ]
          , "type":"bb"
        }
        , {
          "name":"channel 1"
          , "id":1025
          , "details":
          [
            {
              "type":"table"
              , "Data Width":"512"
              , "Address Width":"33"
              , "Latency":"240"
              , "ReadWrite Mode":"Read/Write"
              , "Maximum Burst":"16"
              , "Wait Request":"0"
              , "Start Address":"0x200000000"
            }
          ]
          , "type":"bb"
        }
        , {
          "name":"channel 2"
          , "id":1026
          , "details":
          [
            {
              "type":"table"
              , "Data Width":"512"
              , "Address Width":"33"
              , "Latency":"240"
              , "ReadWrite Mode":"Read/Write"
              , "Maximum Burst":"16"
              , "Wait Request":"0"
              , "Start Address":"0x400000000"
            }
          ]
          , "type":"bb"
        }
        , {
          "name":"channel 3"
          , "id":1027
          , "details":
          [
            {
              "type":"table"
              , "Data Width":"512"
              , "Address Width":"33"
              , "Latency":"240"
              , "ReadWrite Mode":"Read/Write"
              , "Maximum Burst":"16"
              , "Wait Request":"0"
              , "Start Address":"0x600000000"
            }
          ]
          , "type":"bb"
        }
      ]
    }
    , {
      "name":"Memory Controller"
      , "id":1023
      , "parent":"1022"
      , "bw":"85312.00"
      , "num_channels":"4"
      , "interleave":"1"
      , "details":
      [
        {
          "type":"table"
          , "Maximum bandwidth the BSP can deliver":"85312.00 MB/s<br><small><i> Note: Realistic maximum bandwidth is about 90% of the above due to loss from interconnect and memory controller.</i></small>"
        }
      ]
      , "type":"bb"
    }
    , {
      "name":"Global Memory Interconnect"
      , "id":1028
      , "parent":"1022"
      , "type":"bb"
      , "children":
      [
        {
          "name":"SHARE"
          , "id":1029
          , "type":"arb"
        }
        , {
          "name":"Write Interconnect"
          , "id":1032
          , "details":
          [
            {
              "type":"table"
              , "Name":"DDR"
              , "Interconnect Style":"ring"
              , "Writes":"1"
              , "User specified force-single-store-ring flag":"False"
              , "Store Rings":"4"
            }
          ]
          , "type":"bb"
        }
        , {
          "name":"Read Interconnect"
          , "id":1030
          , "details":
          [
            {
              "type":"table"
              , "Name":"DDR"
              , "Interconnect Style":"ring"
              , "Reads":"2"
            }
          ]
          , "type":"bb"
        }
        , {
          "name":"Read Interconnect Router"
          , "id":1031
          , "details":
          [
            {
              "type":"table"
              , "User specified num-reorder flag":"Unset"
            }
          ]
          , "type":"memsys"
          , "children":
          [
            {
              "name":"Bus 0"
              , "id":1038
              , "type":"memsys"
            }
            , {
              "name":"Bus 1"
              , "id":1039
              , "type":"memsys"
            }
            , {
              "name":"Bus 2"
              , "id":1040
              , "type":"memsys"
            }
            , {
              "name":"Bus 3"
              , "id":1041
              , "type":"memsys"
            }
          ]
        }
      ]
    }
    , {
      "name":"Global Memory Loads"
      , "id":1033
      , "parent":"1022"
      , "type":"bb"
      , "children":
      [
        {
          "name":"LD"
          , "id":1034
          , "kwidth":"32"
          , "mwidth":"512"
          , "details":
          [
            {
              "type":"table"
              , "Start Cycle":"6"
              , "Latency":"1 cycle"
              , "Width":"32 bits"
              , "DDR Width":"512 bits"
              , "Uses Caching":"No"
              , "LSU Style":"BURST-COALESCED"
              , "Kernel":"AggFuncSelectTask"
            }
          ]
          , "debug":
          [
            [
              {
                "filename":"/opt/intel/oneapi/compiler/2023.2.0/linux/bin-llvm/../include/sycl/ext/intel/pipes.hpp"
                , "line":85
              }
            ]
          ]
          , "type":"inst"
        }
        , {
          "name":"LD"
          , "id":1035
          , "kwidth":"128"
          , "mwidth":"512"
          , "details":
          [
            {
              "type":"table"
              , "Start Cycle":"10"
              , "Latency":"201 cycles"
              , "Width":"128 bits"
              , "DDR Width":"512 bits"
              , "Uses Caching":"No"
              , "LSU Style":"BURST-COALESCED"
              , "Kernel":"testInputSrcTask"
            }
          ]
          , "debug":
          [
            [
              {
                "filename":"/home/wkrska/Aggregation/agg-hls/main.cpp"
                , "line":298
              }
            ]
          ]
          , "type":"inst"
        }
      ]
    }
    , {
      "name":"Global Memory Stores"
      , "id":1036
      , "parent":"1022"
      , "type":"bb"
      , "children":
      [
        {
          "name":"ST"
          , "id":1037
          , "kwidth":"128"
          , "mwidth":"512"
          , "details":
          [
            {
              "type":"table"
              , "Start Cycle":"17"
              , "Latency":"2 cycles"
              , "Width":"128 bits"
              , "DDR Width":"512 bits"
              , "Uses Write Ack":"No"
              , "LSU Style":"BURST-COALESCED"
              , "Kernel":"ReadoutTask"
            }
          ]
          , "debug":
          [
            [
              {
                "filename":"/home/wkrska/Aggregation/agg-hls/main.cpp"
                , "line":464
              }
            ]
          ]
          , "type":"inst"
        }
      ]
    }
  ]
  , "links":
  [
    {
      "from":1024
      , "to":1023
    }
    , {
      "from":1023
      , "to":1024
    }
    , {
      "from":1025
      , "to":1023
    }
    , {
      "from":1023
      , "to":1025
    }
    , {
      "from":1026
      , "to":1023
    }
    , {
      "from":1023
      , "to":1026
    }
    , {
      "from":1027
      , "to":1023
    }
    , {
      "from":1023
      , "to":1027
    }
    , {
      "from":1030
      , "to":1029
    }
    , {
      "from":1032
      , "to":1029
    }
    , {
      "from":1029
      , "to":1023
    }
    , {
      "from":1034
      , "to":1030
    }
    , {
      "from":1035
      , "to":1030
    }
    , {
      "from":1037
      , "to":1032
    }
    , {
      "from":1023
      , "to":1038
    }
    , {
      "from":1023
      , "to":1039
    }
    , {
      "from":1023
      , "to":1040
    }
    , {
      "from":1023
      , "to":1041
    }
    , {
      "from":1038
      , "to":1034
      , "reverse":1
    }
    , {
      "from":1039
      , "to":1035
      , "reverse":1
    }
  ]
}
