{"compileInfo":{"nodes":[{"command":"aoc -o /tmp/main-b60c98-055fbb.aocx /tmp/icpx-0b9238/main-794e24-b1d4be.spv -sycl -dep-files=/tmp/icpx-0b9238/main-ec5885.d -output-report-folder=build/aggv2_fpgaG-D_S_=1-D_P_=1-D_N_=1-D_G_=4-DTIMERUN=0_0_550MHz.prj -g -v -hardware -clock=550MHz -seed=0 -target=de10_agilex:B2E2_8GBx4","family":"Agilex 7, AGFB014R24A3E3VR0, de10_agilex:B2E2_8GBx4","id":1,"name":"aggv2_fpgaG-D_S_=1-D_P_=1-D_N_=1-D_G_=4-DTIMERUN=0_0_550MHz","product":"SYCL","quartus":"21.2.0 Build 72 Pro","time":"Mon Oct 30 15:45:30 2023","version":"2023.2.0 Build 8839871d827d1f178a46fc769b430a6b44b79bef"}]}}