{
  "performanceSummary":
  {
    "name":"Kernel Summary"
    , "columns":
    ["Kernel Name", "Kernel Type", "Autorun", "Workgroup Size", "# Compute Units", "Hyper-Optimized Handshaking"]
    , "children":
    [
      {
        "name":"testInputSrcTask"
        , "compiler_name":"_ZTSZZ4mainENKUlRN4sycl3_V17handlerEE0_clES2_E16testInputSrcTask"
        , "data":
        [
          "Single work-item"
          , "No"
          , [1, 1, 1]
          , 1
          , "Off"
        ]
        , "details":
        [
          {
            "type":"text"
            , "text":"Kernel type: Single work-item"
          }
          , {
            "type":"text"
            , "text":"Max global work dimension: 0"
          }
          , {
            "type":"text"
            , "text":"Required workgroup size: (1, 1, 1)"
          }
          , {
            "type":"text"
            , "text":"Maximum workgroup size: 1"
          }
          , {
            "type":"text"
            , "text":"Hyper-optimized handshaking disabled due to instruction in Kernel ZTSZZ4mainENKUlRN4sycl3_V17handlerEE4_clES2_E14AggregateTask0"
          }
        ]
        , "debug":
        [
          [
            {
              "filename":""
              , "line":0
            }
          ]
        ]
      }
      , {
        "name":"MakeUniqueTask0"
        , "compiler_name":"_ZTSZZ4mainENKUlRN4sycl3_V17handlerEE1_clES2_E15MakeUniqueTask0"
        , "data":
        [
          "Single work-item"
          , "No"
          , [1, 1, 1]
          , 1
          , "Off"
        ]
        , "details":
        [
          {
            "type":"text"
            , "text":"Kernel type: Single work-item"
          }
          , {
            "type":"text"
            , "text":"Max global work dimension: 0"
          }
          , {
            "type":"text"
            , "text":"Required workgroup size: (1, 1, 1)"
          }
          , {
            "type":"text"
            , "text":"Maximum workgroup size: 1"
          }
          , {
            "type":"text"
            , "text":"Hyper-optimized handshaking disabled due to instruction in Kernel ZTSZZ4mainENKUlRN4sycl3_V17handlerEE4_clES2_E14AggregateTask0"
          }
        ]
        , "debug":
        [
          [
            {
              "filename":""
              , "line":0
            }
          ]
        ]
      }
      , {
        "name":"MapKeyTask0"
        , "compiler_name":"_ZTSZZ4mainENKUlRN4sycl3_V17handlerEE2_clES2_E11MapKeyTask0"
        , "data":
        [
          "Single work-item"
          , "No"
          , [1, 1, 1]
          , 1
          , "Off"
        ]
        , "details":
        [
          {
            "type":"text"
            , "text":"Kernel type: Single work-item"
          }
          , {
            "type":"text"
            , "text":"Max global work dimension: 0"
          }
          , {
            "type":"text"
            , "text":"Required workgroup size: (1, 1, 1)"
          }
          , {
            "type":"text"
            , "text":"Maximum workgroup size: 1"
          }
          , {
            "type":"text"
            , "text":"Hyper-optimized handshaking disabled due to instruction in Kernel ZTSZZ4mainENKUlRN4sycl3_V17handlerEE4_clES2_E14AggregateTask0"
          }
        ]
        , "debug":
        [
          [
            {
              "filename":""
              , "line":0
            }
          ]
        ]
      }
      , {
        "name":"TraiageMappingTask0"
        , "compiler_name":"_ZTSZZ4mainENKUlRN4sycl3_V17handlerEE3_clES2_E19TraiageMappingTask0"
        , "data":
        [
          "Single work-item"
          , "No"
          , [1, 1, 1]
          , 1
          , "Off"
        ]
        , "details":
        [
          {
            "type":"text"
            , "text":"Kernel type: Single work-item"
          }
          , {
            "type":"text"
            , "text":"Max global work dimension: 0"
          }
          , {
            "type":"text"
            , "text":"Required workgroup size: (1, 1, 1)"
          }
          , {
            "type":"text"
            , "text":"Maximum workgroup size: 1"
          }
          , {
            "type":"text"
            , "text":"Hyper-optimized handshaking disabled due to instruction in Kernel ZTSZZ4mainENKUlRN4sycl3_V17handlerEE4_clES2_E14AggregateTask0"
          }
        ]
        , "debug":
        [
          [
            {
              "filename":""
              , "line":0
            }
          ]
        ]
      }
      , {
        "name":"AggregateTask0"
        , "compiler_name":"_ZTSZZ4mainENKUlRN4sycl3_V17handlerEE4_clES2_E14AggregateTask0"
        , "data":
        [
          "Single work-item"
          , "No"
          , [1, 1, 1]
          , 1
          , "Off"
        ]
        , "details":
        [
          {
            "type":"text"
            , "text":"Kernel type: Single work-item"
          }
          , {
            "type":"text"
            , "text":"Max global work dimension: 0"
          }
          , {
            "type":"text"
            , "text":"Required workgroup size: (1, 1, 1)"
          }
          , {
            "type":"text"
            , "text":"Maximum workgroup size: 1"
          }
          , {
            "type":"text"
            , "text":"Hyper-optimized handshaking disabled due to loop orchestration compiler optimization being disabled in loop _ZTSZZ4mainENKUlRN4sycl3_V17handlerEE4_clES2_E14AggregateTask0.B2."
          }
        ]
        , "debug":
        [
          [
            {
              "filename":""
              , "line":0
            }
          ]
        ]
      }
      , {
        "name":"MergeAndAggregateTask"
        , "compiler_name":"_ZTSZZ4mainENKUlRN4sycl3_V17handlerEE5_clES2_E21MergeAndAggregateTask"
        , "data":
        [
          "Single work-item"
          , "No"
          , [1, 1, 1]
          , 1
          , "Off"
        ]
        , "details":
        [
          {
            "type":"text"
            , "text":"Kernel type: Single work-item"
          }
          , {
            "type":"text"
            , "text":"Max global work dimension: 0"
          }
          , {
            "type":"text"
            , "text":"Required workgroup size: (1, 1, 1)"
          }
          , {
            "type":"text"
            , "text":"Maximum workgroup size: 1"
          }
          , {
            "type":"text"
            , "text":"Hyper-optimized handshaking disabled due to instruction in Kernel ZTSZZ4mainENKUlRN4sycl3_V17handlerEE4_clES2_E14AggregateTask0"
          }
        ]
        , "debug":
        [
          [
            {
              "filename":""
              , "line":0
            }
          ]
        ]
      }
      , {
        "name":"ReadoutTask"
        , "compiler_name":"_ZTSZZ4mainENKUlRN4sycl3_V17handlerEE6_clES2_E11ReadoutTask"
        , "data":
        [
          "Single work-item"
          , "No"
          , [1, 1, 1]
          , 1
          , "Off"
        ]
        , "details":
        [
          {
            "type":"text"
            , "text":"Kernel type: Single work-item"
          }
          , {
            "type":"text"
            , "text":"Max global work dimension: 0"
          }
          , {
            "type":"text"
            , "text":"Required workgroup size: (1, 1, 1)"
          }
          , {
            "type":"text"
            , "text":"Maximum workgroup size: 1"
          }
          , {
            "type":"text"
            , "text":"Hyper-optimized handshaking disabled due to instruction in Kernel ZTSZZ4mainENKUlRN4sycl3_V17handlerEE4_clES2_E14AggregateTask0"
          }
        ]
        , "debug":
        [
          [
            {
              "filename":""
              , "line":0
            }
          ]
        ]
      }
      , {
        "name":"AggFuncSelectTask"
        , "compiler_name":"_ZTSZZ4mainENKUlRN4sycl3_V17handlerEE_clES2_E17AggFuncSelectTask"
        , "data":
        [
          "Single work-item"
          , "No"
          , [1, 1, 1]
          , 1
          , "Off"
        ]
        , "details":
        [
          {
            "type":"text"
            , "text":"Kernel type: Single work-item"
          }
          , {
            "type":"text"
            , "text":"Max global work dimension: 0"
          }
          , {
            "type":"text"
            , "text":"Required workgroup size: (1, 1, 1)"
          }
          , {
            "type":"text"
            , "text":"Maximum workgroup size: 1"
          }
          , {
            "type":"text"
            , "text":"Hyper-optimized handshaking disabled due to instruction in Kernel ZTSZZ4mainENKUlRN4sycl3_V17handlerEE4_clES2_E14AggregateTask0"
          }
        ]
        , "debug":
        [
          [
            {
              "filename":""
              , "line":0
            }
          ]
        ]
      }
    ]
  }
  , "estimatedResources":
  {
    "name":"Estimated Resource Usage"
    , "columns":
    ["Kernel Name", "ALUTs ", "FFs  ", "RAMs ", "DSPs ", "MLABs"]
    , "children":
    [
      {
        "name":"testInputSrcTask"
        , "data":
        [1027, 2942, 17, 0, 20]
        , "debug":
        [
          [
            {
              "filename":""
              , "line":0
            }
          ]
        ]
      }
      , {
        "name":"MakeUniqueTask0"
        , "data":
        [134, 186, 0, 0, 10]
        , "debug":
        [
          [
            {
              "filename":""
              , "line":0
            }
          ]
        ]
      }
      , {
        "name":"MapKeyTask0"
        , "data":
        [1028, 1233, 0, 0, 16]
        , "debug":
        [
          [
            {
              "filename":""
              , "line":0
            }
          ]
        ]
      }
      , {
        "name":"TraiageMappingTask0"
        , "data":
        [215, 325, 0, 0, 18]
        , "debug":
        [
          [
            {
              "filename":""
              , "line":0
            }
          ]
        ]
      }
      , {
        "name":"AggregateTask0"
        , "data":
        [2829, 2527, 4, 0, 11]
        , "debug":
        [
          [
            {
              "filename":""
              , "line":0
            }
          ]
        ]
      }
      , {
        "name":"MergeAndAggregateTask"
        , "data":
        [2502, 3068, 16, 0, 47]
        , "debug":
        [
          [
            {
              "filename":""
              , "line":0
            }
          ]
        ]
      }
      , {
        "name":"ReadoutTask"
        , "data":
        [859, 3113, 17, 0, 16]
        , "debug":
        [
          [
            {
              "filename":""
              , "line":0
            }
          ]
        ]
      }
      , {
        "name":"AggFuncSelectTask"
        , "data":
        [464, 552, 15, 0, 7]
        , "debug":
        [
          [
            {
              "filename":""
              , "line":0
            }
          ]
        ]
      }
      , {
        "name":"Kernel Subtotal"
        , "classes":
        ["summary-highlight", "nohover"]
        , "data":
        [9058, 13946, 69, 0, 145]
      }
      , {
        "name":"Board Interface"
        , "classes":
        ["summary-highlight", "nohover"]
        , "data":
        [13132, 20030, 112, 0, 0]
      }
      , {
        "name":"System description ROM"
        , "classes":
        ["summary-highlight", "nohover"]
        , "data":
        [2, 71, 2, 0, 0]
      }
      , {
        "name":"Pipe resources"
        , "classes":
        ["summary-highlight", "nohover"]
        , "data":
        [122, 4162, 0, 0, 61]
      }
      , {
        "name":"Total"
        , "classes":
        ["summary-highlight", "nohover"]
        , "data":
        [22314, 38209, 183, 0, 206]
        , "data_percent":
        [2.29002, 1.96064, 2.57384, 0]
      }
      , {
        "name":"Available"
        , "classes":
        ["summary-highlight", "nohover"]
        , "data":
        [974400, 1948800, 7110, 4510, 0]
      }
    ]
  }
  , "compileWarnings":
  {
    "name":"Compile Warnings"
    , "children":
    [
    ]
  }
}
