{
  "bottlenecks":
  [
    {
      "name":"'r'"
      , "id":26095
      , "src":"507"
      , "dst":"509"
      , "type":"fMAX/II"
      , "brief":"Data dependency"
      , "loop":"testInputSrcTask.B1"
      , "details":
      [
        {
          "type":"table"
          , "Variable on critical loop carried feedback path: ":"'r'"
          , "Declared at: ":
          [
            {
              "type":"text"
              , "text":"%L"
              , "links":
              [
                {
                  "filename":"/home/wkrska/Aggregation/jamesBenchmark/agg-hls/main.cpp"
                  , "line":"168"
                }
              ]
            }
          ]
          , "Dependency: ":"Data dependency"
          , "Estimated fmax reduced to: ":"650.0"
          , "Loop feedback path that raised II and/or lowered fMAX: ":
          [
            {
              "type":"text"
              , "text":"+(%L)"
              , "links":
              [
                {
                  "filename":"/home/wkrska/Aggregation/jamesBenchmark/agg-hls/main.cpp"
                  , "line":"168"
                }
              ]
            }
          ]
        }
      ]
      , "nodes":
      [
        {
          "name":"'r'"
          , "id":507
          , "start":"4.00"
          , "parent":"_ZTSZZ4mainENKUlRN4sycl3_V17handlerEE_clES2_E16testInputSrcTask.B1"
          , "debug":
          [
            [
              {
                "filename":"/home/wkrska/Aggregation/jamesBenchmark/agg-hls/main.cpp"
                , "line":168
              }
            ]
          ]
          , "type":"inst"
        }
        , {
          "name":"+"
          , "id":508
          , "debug":
          [
            [
              {
                "filename":"/home/wkrska/Aggregation/jamesBenchmark/agg-hls/main.cpp"
                , "line":168
              }
            ]
          ]
          , "type":"inst"
        }
        , {
          "name":"Feedback"
          , "id":509
          , "end":"4.00"
          , "parent":"_ZTSZZ4mainENKUlRN4sycl3_V17handlerEE_clES2_E16testInputSrcTask.B1"
          , "debug":
          [
            [
              {
                "filename":"/home/wkrska/Aggregation/jamesBenchmark/agg-hls/main.cpp"
                , "line":168
              }
            ]
          ]
          , "type":"inst"
        }
      ]
      , "links":
      [
        {
          "from":507
          , "to":508
        }
        , {
          "from":508
          , "to":509
        }
        , {
          "from":507
          , "to":509
          , "reverse":1
        }
      ]
    }
    , {
      "name":"'i'"
      , "id":26096
      , "src":"520"
      , "dst":"527"
      , "type":"fMAX/II"
      , "brief":"Data dependency"
      , "loop":"testInputSrcTask.B2"
      , "details":
      [
        {
          "type":"table"
          , "Variable on critical loop carried feedback path: ":"'i'"
          , "Declared at: ":
          [
            {
              "type":"text"
              , "text":"%L"
              , "links":
              [
                {
                  "filename":"/home/wkrska/Aggregation/jamesBenchmark/agg-hls/main.cpp"
                  , "line":"169"
                }
              ]
            }
          ]
          , "Dependency: ":"Data dependency"
          , "Estimated fmax reduced to: ":"650.0"
          , "Loop feedback path that raised II and/or lowered fMAX: ":
          [
            {
              "type":"text"
              , "text":"+(%L)"
              , "links":
              [
                {
                  "filename":"/home/wkrska/Aggregation/jamesBenchmark/agg-hls/main.cpp"
                  , "line":"169"
                }
              ]
            }
          ]
        }
      ]
      , "nodes":
      [
        {
          "name":"'i'"
          , "id":520
          , "start":"4.00"
          , "parent":"_ZTSZZ4mainENKUlRN4sycl3_V17handlerEE_clES2_E16testInputSrcTask.B2"
          , "debug":
          [
            [
              {
                "filename":"/home/wkrska/Aggregation/jamesBenchmark/agg-hls/main.cpp"
                , "line":169
              }
            ]
          ]
          , "type":"inst"
        }
        , {
          "name":"+"
          , "id":526
          , "debug":
          [
            [
              {
                "filename":"/home/wkrska/Aggregation/jamesBenchmark/agg-hls/main.cpp"
                , "line":169
              }
            ]
          ]
          , "type":"inst"
        }
        , {
          "name":"Feedback"
          , "id":527
          , "end":"4.00"
          , "parent":"_ZTSZZ4mainENKUlRN4sycl3_V17handlerEE_clES2_E16testInputSrcTask.B2"
          , "debug":
          [
            [
              {
                "filename":"/home/wkrska/Aggregation/jamesBenchmark/agg-hls/main.cpp"
                , "line":169
              }
            ]
          ]
          , "type":"inst"
        }
      ]
      , "links":
      [
        {
          "from":520
          , "to":526
        }
        , {
          "from":526
          , "to":527
        }
        , {
          "from":520
          , "to":527
          , "reverse":1
        }
      ]
    }
    , {
      "name":"'ppln'"
      , "id":26097
      , "src":"538"
      , "dst":"545"
      , "type":"fMAX/II"
      , "brief":"Data dependency"
      , "loop":"testInputSrcTask.B4"
      , "details":
      [
        {
          "type":"table"
          , "Variable on critical loop carried feedback path: ":"'ppln'"
          , "Declared at: ":
          [
            {
              "type":"text"
              , "text":"%L"
              , "links":
              [
                {
                  "filename":"/home/wkrska/Aggregation/jamesBenchmark/agg-hls/main.cpp"
                  , "line":"172"
                }
              ]
            }
          ]
          , "Dependency: ":"Data dependency"
          , "Estimated fmax reduced to: ":"650.0"
          , "Loop feedback path that raised II and/or lowered fMAX: ":
          [
            {
              "type":"text"
              , "text":"+(%L)"
              , "links":
              [
                {
                  "filename":"/home/wkrska/Aggregation/jamesBenchmark/agg-hls/main.cpp"
                  , "line":"172"
                }
              ]
            }
          ]
        }
      ]
      , "nodes":
      [
        {
          "name":"'ppln'"
          , "id":538
          , "start":"4.00"
          , "parent":"_ZTSZZ4mainENKUlRN4sycl3_V17handlerEE_clES2_E16testInputSrcTask.B4"
          , "debug":
          [
            [
              {
                "filename":"/home/wkrska/Aggregation/jamesBenchmark/agg-hls/main.cpp"
                , "line":172
              }
            ]
          ]
          , "type":"inst"
        }
        , {
          "name":"+"
          , "id":544
          , "debug":
          [
            [
              {
                "filename":"/home/wkrska/Aggregation/jamesBenchmark/agg-hls/main.cpp"
                , "line":172
              }
            ]
          ]
          , "type":"inst"
        }
        , {
          "name":"Feedback"
          , "id":545
          , "end":"4.00"
          , "parent":"_ZTSZZ4mainENKUlRN4sycl3_V17handlerEE_clES2_E16testInputSrcTask.B4"
          , "debug":
          [
            [
              {
                "filename":"/home/wkrska/Aggregation/jamesBenchmark/agg-hls/main.cpp"
                , "line":172
              }
            ]
          ]
          , "type":"inst"
        }
      ]
      , "links":
      [
        {
          "from":538
          , "to":544
        }
        , {
          "from":544
          , "to":545
        }
        , {
          "from":538
          , "to":545
          , "reverse":1
        }
      ]
    }
    , {
      "name":"__table"
      , "id":26098
      , "src":"23909"
      , "dst":"24553"
      , "type":"fMAX/II"
      , "brief":"Data dependency"
      , "loop":"AggregateTask0.B6"
      , "details":
      [
        {
          "type":"table"
          , "Variable on critical loop carried feedback path: ":"__table"
          , "Declared at: ":
          [
            {
              "type":"text"
              , "text":"%L"
              , "links":
              [
                {
                  "filename":"/home/wkrska/Aggregation/jamesBenchmark/agg-hls/./stages.h"
                  , "line":"137"
                }
              ]
            }
          ]
          , "Dependency: ":"Data dependency"
          , "Estimated fmax reduced to: ":"650.0"
          , "Loop feedback path that raised II and/or lowered fMAX: ":
          [
            {
              "type":"text"
              , "text":"+(%L)"
              , "links":
              [
                {
                  "filename":"/home/wkrska/Aggregation/jamesBenchmark/agg-hls/./core.h"
                  , "line":"264"
                }
              ]
            }
            , {
              "type":"text"
              , "text":"+(%L)"
              , "links":
              [
                {
                  "filename":"/home/wkrska/Aggregation/jamesBenchmark/agg-hls/./core.h"
                  , "line":"264"
                }
              ]
            }
            , {
              "type":"text"
              , "text":"+(%L)"
              , "links":
              [
                {
                  "filename":"/home/wkrska/Aggregation/jamesBenchmark/agg-hls/./core.h"
                  , "line":"264"
                }
              ]
            }
            , {
              "type":"text"
              , "text":"+(%L)"
              , "links":
              [
                {
                  "filename":"/home/wkrska/Aggregation/jamesBenchmark/agg-hls/./core.h"
                  , "line":"264"
                }
              ]
            }
            , {
              "type":"text"
              , "text":"+(%L)"
              , "links":
              [
                {
                  "filename":"/home/wkrska/Aggregation/jamesBenchmark/agg-hls/./core.h"
                  , "line":"264"
                }
              ]
            }
            , {
              "type":"text"
              , "text":"+(%L)"
              , "links":
              [
                {
                  "filename":"/home/wkrska/Aggregation/jamesBenchmark/agg-hls/./core.h"
                  , "line":"264"
                }
              ]
            }
            , {
              "type":"text"
              , "text":"+(%L)"
              , "links":
              [
                {
                  "filename":"/home/wkrska/Aggregation/jamesBenchmark/agg-hls/./core.h"
                  , "line":"264"
                }
              ]
            }
            , {
              "type":"text"
              , "text":"+(%L)"
              , "links":
              [
                {
                  "filename":"/home/wkrska/Aggregation/jamesBenchmark/agg-hls/./core.h"
                  , "line":"264"
                }
              ]
            }
            , {
              "type":"text"
              , "text":"+(%L)"
              , "links":
              [
                {
                  "filename":"/home/wkrska/Aggregation/jamesBenchmark/agg-hls/./core.h"
                  , "line":"264"
                }
              ]
            }
            , {
              "type":"text"
              , "text":"+(%L)"
              , "links":
              [
                {
                  "filename":"/home/wkrska/Aggregation/jamesBenchmark/agg-hls/./core.h"
                  , "line":"264"
                }
              ]
            }
            , {
              "type":"text"
              , "text":"+(%L)"
              , "links":
              [
                {
                  "filename":"/home/wkrska/Aggregation/jamesBenchmark/agg-hls/./core.h"
                  , "line":"264"
                }
              ]
            }
            , {
              "type":"text"
              , "text":"+(%L)"
              , "links":
              [
                {
                  "filename":"/home/wkrska/Aggregation/jamesBenchmark/agg-hls/./core.h"
                  , "line":"264"
                }
              ]
            }
            , {
              "type":"text"
              , "text":"+(%L)"
              , "links":
              [
                {
                  "filename":"/home/wkrska/Aggregation/jamesBenchmark/agg-hls/./core.h"
                  , "line":"264"
                }
              ]
            }
            , {
              "type":"text"
              , "text":"+(%L)"
              , "links":
              [
                {
                  "filename":"/home/wkrska/Aggregation/jamesBenchmark/agg-hls/./core.h"
                  , "line":"264"
                }
              ]
            }
            , {
              "type":"text"
              , "text":"+(%L)"
              , "links":
              [
                {
                  "filename":"/home/wkrska/Aggregation/jamesBenchmark/agg-hls/./core.h"
                  , "line":"264"
                }
              ]
            }
            , {
              "type":"text"
              , "text":"+(%L)"
              , "links":
              [
                {
                  "filename":"/home/wkrska/Aggregation/jamesBenchmark/agg-hls/./core.h"
                  , "line":"264"
                }
              ]
            }
            , {
              "type":"text"
              , "text":"Select(%L)"
              , "links":
              [
                {
                  "filename":"/home/wkrska/Aggregation/jamesBenchmark/agg-hls/./core.h"
                  , "line":"247"
                }
              ]
            }
            , {
              "type":"text"
              , "text":"Select(%L)"
              , "links":
              [
                {
                  "filename":"/home/wkrska/Aggregation/jamesBenchmark/agg-hls/./core.h"
                  , "line":"247"
                }
              ]
            }
            , {
              "type":"text"
              , "text":"Select(%L)"
              , "links":
              [
                {
                  "filename":"/home/wkrska/Aggregation/jamesBenchmark/agg-hls/./core.h"
                  , "line":"247"
                }
              ]
            }
            , {
              "type":"text"
              , "text":"Select(%L)"
              , "links":
              [
                {
                  "filename":"/home/wkrska/Aggregation/jamesBenchmark/agg-hls/./core.h"
                  , "line":"247"
                }
              ]
            }
            , {
              "type":"text"
              , "text":"Select(%L)"
              , "links":
              [
                {
                  "filename":"/home/wkrska/Aggregation/jamesBenchmark/agg-hls/./core.h"
                  , "line":"247"
                }
              ]
            }
            , {
              "type":"text"
              , "text":"Select(%L)"
              , "links":
              [
                {
                  "filename":"/home/wkrska/Aggregation/jamesBenchmark/agg-hls/./core.h"
                  , "line":"247"
                }
              ]
            }
            , {
              "type":"text"
              , "text":"Select(%L)"
              , "links":
              [
                {
                  "filename":"/home/wkrska/Aggregation/jamesBenchmark/agg-hls/./core.h"
                  , "line":"247"
                }
              ]
            }
            , {
              "type":"text"
              , "text":"Select(%L)"
              , "links":
              [
                {
                  "filename":"/home/wkrska/Aggregation/jamesBenchmark/agg-hls/./core.h"
                  , "line":"247"
                }
              ]
            }
            , {
              "type":"text"
              , "text":"Select(%L)"
              , "links":
              [
                {
                  "filename":"/home/wkrska/Aggregation/jamesBenchmark/agg-hls/./core.h"
                  , "line":"247"
                }
              ]
            }
            , {
              "type":"text"
              , "text":"Select(%L)"
              , "links":
              [
                {
                  "filename":"/home/wkrska/Aggregation/jamesBenchmark/agg-hls/./core.h"
                  , "line":"247"
                }
              ]
            }
            , {
              "type":"text"
              , "text":"Select(%L)"
              , "links":
              [
                {
                  "filename":"/home/wkrska/Aggregation/jamesBenchmark/agg-hls/./core.h"
                  , "line":"247"
                }
              ]
            }
            , {
              "type":"text"
              , "text":"Select(%L)"
              , "links":
              [
                {
                  "filename":"/home/wkrska/Aggregation/jamesBenchmark/agg-hls/./core.h"
                  , "line":"247"
                }
              ]
            }
            , {
              "type":"text"
              , "text":"Select(%L)"
              , "links":
              [
                {
                  "filename":"/home/wkrska/Aggregation/jamesBenchmark/agg-hls/./core.h"
                  , "line":"247"
                }
              ]
            }
            , {
              "type":"text"
              , "text":"Select(%L)"
              , "links":
              [
                {
                  "filename":"/home/wkrska/Aggregation/jamesBenchmark/agg-hls/./core.h"
                  , "line":"247"
                }
              ]
            }
            , {
              "type":"text"
              , "text":"Select(%L)"
              , "links":
              [
                {
                  "filename":"/home/wkrska/Aggregation/jamesBenchmark/agg-hls/./core.h"
                  , "line":"247"
                }
              ]
            }
            , {
              "type":"text"
              , "text":"Select(%L)"
              , "links":
              [
                {
                  "filename":"/home/wkrska/Aggregation/jamesBenchmark/agg-hls/./core.h"
                  , "line":"247"
                }
              ]
            }
            , {
              "type":"text"
              , "text":"Select(%L)"
              , "links":
              [
                {
                  "filename":"/home/wkrska/Aggregation/jamesBenchmark/agg-hls/./core.h"
                  , "line":"261"
                }
              ]
            }
            , {
              "type":"text"
              , "text":"Select(%L)"
              , "links":
              [
                {
                  "filename":"/home/wkrska/Aggregation/jamesBenchmark/agg-hls/./core.h"
                  , "line":"261"
                }
              ]
            }
            , {
              "type":"text"
              , "text":"Select(%L)"
              , "links":
              [
                {
                  "filename":"/home/wkrska/Aggregation/jamesBenchmark/agg-hls/./core.h"
                  , "line":"261"
                }
              ]
            }
            , {
              "type":"text"
              , "text":"Select(%L)"
              , "links":
              [
                {
                  "filename":"/home/wkrska/Aggregation/jamesBenchmark/agg-hls/./core.h"
                  , "line":"261"
                }
              ]
            }
            , {
              "type":"text"
              , "text":"Select(%L)"
              , "links":
              [
                {
                  "filename":"/home/wkrska/Aggregation/jamesBenchmark/agg-hls/./core.h"
                  , "line":"261"
                }
              ]
            }
            , {
              "type":"text"
              , "text":"Select(%L)"
              , "links":
              [
                {
                  "filename":"/home/wkrska/Aggregation/jamesBenchmark/agg-hls/./core.h"
                  , "line":"261"
                }
              ]
            }
            , {
              "type":"text"
              , "text":"Select(%L)"
              , "links":
              [
                {
                  "filename":"/home/wkrska/Aggregation/jamesBenchmark/agg-hls/./core.h"
                  , "line":"261"
                }
              ]
            }
            , {
              "type":"text"
              , "text":"Select(%L)"
              , "links":
              [
                {
                  "filename":"/home/wkrska/Aggregation/jamesBenchmark/agg-hls/./core.h"
                  , "line":"261"
                }
              ]
            }
            , {
              "type":"text"
              , "text":"Select(%L)"
              , "links":
              [
                {
                  "filename":"/home/wkrska/Aggregation/jamesBenchmark/agg-hls/./core.h"
                  , "line":"261"
                }
              ]
            }
            , {
              "type":"text"
              , "text":"Select(%L)"
              , "links":
              [
                {
                  "filename":"/home/wkrska/Aggregation/jamesBenchmark/agg-hls/./core.h"
                  , "line":"261"
                }
              ]
            }
            , {
              "type":"text"
              , "text":"Select(%L)"
              , "links":
              [
                {
                  "filename":"/home/wkrska/Aggregation/jamesBenchmark/agg-hls/./core.h"
                  , "line":"261"
                }
              ]
            }
            , {
              "type":"text"
              , "text":"Select(%L)"
              , "links":
              [
                {
                  "filename":"/home/wkrska/Aggregation/jamesBenchmark/agg-hls/./core.h"
                  , "line":"261"
                }
              ]
            }
            , {
              "type":"text"
              , "text":"Select(%L)"
              , "links":
              [
                {
                  "filename":"/home/wkrska/Aggregation/jamesBenchmark/agg-hls/./core.h"
                  , "line":"261"
                }
              ]
            }
            , {
              "type":"text"
              , "text":"Select(%L)"
              , "links":
              [
                {
                  "filename":"/home/wkrska/Aggregation/jamesBenchmark/agg-hls/./core.h"
                  , "line":"261"
                }
              ]
            }
            , {
              "type":"text"
              , "text":"Select(%L)"
              , "links":
              [
                {
                  "filename":"/home/wkrska/Aggregation/jamesBenchmark/agg-hls/./core.h"
                  , "line":"261"
                }
              ]
            }
            , {
              "type":"text"
              , "text":"Select(%L)"
              , "links":
              [
                {
                  "filename":"/home/wkrska/Aggregation/jamesBenchmark/agg-hls/./core.h"
                  , "line":"261"
                }
              ]
            }
          ]
        }
      ]
      , "nodes":
      [
        {
          "name":"__table"
          , "id":23909
          , "start":"6.00"
          , "parent":"_ZTSZZ4mainENKUlRN4sycl3_V17handlerEE3_clES2_E14AggregateTask0.B6"
          , "debug":
          [
            [
              {
                "filename":"/home/wkrska/Aggregation/jamesBenchmark/agg-hls/./core.h"
                , "line":247
              }
            ]
          ]
          , "type":"inst"
        }
        , {
          "name":"Select"
          , "id":24276
          , "debug":
          [
            [
              {
                "filename":"/home/wkrska/Aggregation/jamesBenchmark/agg-hls/./core.h"
                , "line":261
              }
            ]
          ]
          , "type":"inst"
        }
        , {
          "name":"+"
          , "id":24355
          , "debug":
          [
            [
              {
                "filename":"/home/wkrska/Aggregation/jamesBenchmark/agg-hls/./core.h"
                , "line":264
              }
            ]
          ]
          , "type":"inst"
        }
        , {
          "name":"Select"
          , "id":24198
          , "debug":
          [
            [
              {
                "filename":"/home/wkrska/Aggregation/jamesBenchmark/agg-hls/./core.h"
                , "line":247
              }
            ]
          ]
          , "type":"inst"
        }
        , {
          "name":"+"
          , "id":24427
          , "debug":
          [
            [
              {
                "filename":"/home/wkrska/Aggregation/jamesBenchmark/agg-hls/./core.h"
                , "line":264
              }
            ]
          ]
          , "type":"inst"
        }
        , {
          "name":"+"
          , "id":24349
          , "debug":
          [
            [
              {
                "filename":"/home/wkrska/Aggregation/jamesBenchmark/agg-hls/./core.h"
                , "line":264
              }
            ]
          ]
          , "type":"inst"
        }
        , {
          "name":"Select"
          , "id":24426
          , "debug":
          [
            [
              {
                "filename":"/home/wkrska/Aggregation/jamesBenchmark/agg-hls/./core.h"
                , "line":261
              }
            ]
          ]
          , "type":"inst"
        }
        , {
          "name":"+"
          , "id":24361
          , "debug":
          [
            [
              {
                "filename":"/home/wkrska/Aggregation/jamesBenchmark/agg-hls/./core.h"
                , "line":264
              }
            ]
          ]
          , "type":"inst"
        }
        , {
          "name":"Select"
          , "id":24084
          , "debug":
          [
            [
              {
                "filename":"/home/wkrska/Aggregation/jamesBenchmark/agg-hls/./core.h"
                , "line":247
              }
            ]
          ]
          , "type":"inst"
        }
        , {
          "name":"Select"
          , "id":24180
          , "debug":
          [
            [
              {
                "filename":"/home/wkrska/Aggregation/jamesBenchmark/agg-hls/./core.h"
                , "line":247
              }
            ]
          ]
          , "type":"inst"
        }
        , {
          "name":"Select"
          , "id":24102
          , "debug":
          [
            [
              {
                "filename":"/home/wkrska/Aggregation/jamesBenchmark/agg-hls/./core.h"
                , "line":247
              }
            ]
          ]
          , "type":"inst"
        }
        , {
          "name":"+"
          , "id":24421
          , "debug":
          [
            [
              {
                "filename":"/home/wkrska/Aggregation/jamesBenchmark/agg-hls/./core.h"
                , "line":264
              }
            ]
          ]
          , "type":"inst"
        }
        , {
          "name":"Select"
          , "id":24066
          , "debug":
          [
            [
              {
                "filename":"/home/wkrska/Aggregation/jamesBenchmark/agg-hls/./core.h"
                , "line":247
              }
            ]
          ]
          , "type":"inst"
        }
        , {
          "name":"Select"
          , "id":24288
          , "debug":
          [
            [
              {
                "filename":"/home/wkrska/Aggregation/jamesBenchmark/agg-hls/./core.h"
                , "line":261
              }
            ]
          ]
          , "type":"inst"
        }
        , {
          "name":"Select"
          , "id":24432
          , "debug":
          [
            [
              {
                "filename":"/home/wkrska/Aggregation/jamesBenchmark/agg-hls/./core.h"
                , "line":261
              }
            ]
          ]
          , "type":"inst"
        }
        , {
          "name":"Select"
          , "id":24354
          , "debug":
          [
            [
              {
                "filename":"/home/wkrska/Aggregation/jamesBenchmark/agg-hls/./core.h"
                , "line":261
              }
            ]
          ]
          , "type":"inst"
        }
        , {
          "name":"Select"
          , "id":24282
          , "debug":
          [
            [
              {
                "filename":"/home/wkrska/Aggregation/jamesBenchmark/agg-hls/./core.h"
                , "line":261
              }
            ]
          ]
          , "type":"inst"
        }
        , {
          "name":"Select"
          , "id":24162
          , "debug":
          [
            [
              {
                "filename":"/home/wkrska/Aggregation/jamesBenchmark/agg-hls/./core.h"
                , "line":247
              }
            ]
          ]
          , "type":"inst"
        }
        , {
          "name":"Select"
          , "id":24144
          , "debug":
          [
            [
              {
                "filename":"/home/wkrska/Aggregation/jamesBenchmark/agg-hls/./core.h"
                , "line":247
              }
            ]
          ]
          , "type":"inst"
        }
        , {
          "name":"Select"
          , "id":24348
          , "debug":
          [
            [
              {
                "filename":"/home/wkrska/Aggregation/jamesBenchmark/agg-hls/./core.h"
                , "line":261
              }
            ]
          ]
          , "type":"inst"
        }
        , {
          "name":"Select"
          , "id":24048
          , "debug":
          [
            [
              {
                "filename":"/home/wkrska/Aggregation/jamesBenchmark/agg-hls/./core.h"
                , "line":247
              }
            ]
          ]
          , "type":"inst"
        }
        , {
          "name":"Select"
          , "id":24366
          , "debug":
          [
            [
              {
                "filename":"/home/wkrska/Aggregation/jamesBenchmark/agg-hls/./core.h"
                , "line":261
              }
            ]
          ]
          , "type":"inst"
        }
        , {
          "name":"Select"
          , "id":23874
          , "debug":
          [
            [
              {
                "filename":"/home/wkrska/Aggregation/jamesBenchmark/agg-hls/./core.h"
                , "line":247
              }
            ]
          ]
          , "type":"inst"
        }
        , {
          "name":"+"
          , "id":24493
          , "debug":
          [
            [
              {
                "filename":"/home/wkrska/Aggregation/jamesBenchmark/agg-hls/./core.h"
                , "line":264
              }
            ]
          ]
          , "type":"inst"
        }
        , {
          "name":"Select"
          , "id":24360
          , "debug":
          [
            [
              {
                "filename":"/home/wkrska/Aggregation/jamesBenchmark/agg-hls/./core.h"
                , "line":261
              }
            ]
          ]
          , "type":"inst"
        }
        , {
          "name":"+"
          , "id":24295
          , "debug":
          [
            [
              {
                "filename":"/home/wkrska/Aggregation/jamesBenchmark/agg-hls/./core.h"
                , "line":264
              }
            ]
          ]
          , "type":"inst"
        }
        , {
          "name":"+"
          , "id":24289
          , "debug":
          [
            [
              {
                "filename":"/home/wkrska/Aggregation/jamesBenchmark/agg-hls/./core.h"
                , "line":264
              }
            ]
          ]
          , "type":"inst"
        }
        , {
          "name":"Select"
          , "id":24420
          , "debug":
          [
            [
              {
                "filename":"/home/wkrska/Aggregation/jamesBenchmark/agg-hls/./core.h"
                , "line":261
              }
            ]
          ]
          , "type":"inst"
        }
        , {
          "name":"+"
          , "id":24439
          , "debug":
          [
            [
              {
                "filename":"/home/wkrska/Aggregation/jamesBenchmark/agg-hls/./core.h"
                , "line":264
              }
            ]
          ]
          , "type":"inst"
        }
        , {
          "name":"Select"
          , "id":23892
          , "debug":
          [
            [
              {
                "filename":"/home/wkrska/Aggregation/jamesBenchmark/agg-hls/./core.h"
                , "line":247
              }
            ]
          ]
          , "type":"inst"
        }
        , {
          "name":"+"
          , "id":24505
          , "debug":
          [
            [
              {
                "filename":"/home/wkrska/Aggregation/jamesBenchmark/agg-hls/./core.h"
                , "line":264
              }
            ]
          ]
          , "type":"inst"
        }
        , {
          "name":"+"
          , "id":24277
          , "debug":
          [
            [
              {
                "filename":"/home/wkrska/Aggregation/jamesBenchmark/agg-hls/./core.h"
                , "line":264
              }
            ]
          ]
          , "type":"inst"
        }
        , {
          "name":"Select"
          , "id":23988
          , "debug":
          [
            [
              {
                "filename":"/home/wkrska/Aggregation/jamesBenchmark/agg-hls/./core.h"
                , "line":247
              }
            ]
          ]
          , "type":"inst"
        }
        , {
          "name":"+"
          , "id":24433
          , "debug":
          [
            [
              {
                "filename":"/home/wkrska/Aggregation/jamesBenchmark/agg-hls/./core.h"
                , "line":264
              }
            ]
          ]
          , "type":"inst"
        }
        , {
          "name":"+"
          , "id":24511
          , "debug":
          [
            [
              {
                "filename":"/home/wkrska/Aggregation/jamesBenchmark/agg-hls/./core.h"
                , "line":264
              }
            ]
          ]
          , "type":"inst"
        }
        , {
          "name":"+"
          , "id":24283
          , "debug":
          [
            [
              {
                "filename":"/home/wkrska/Aggregation/jamesBenchmark/agg-hls/./core.h"
                , "line":264
              }
            ]
          ]
          , "type":"inst"
        }
        , {
          "name":"Select"
          , "id":23970
          , "debug":
          [
            [
              {
                "filename":"/home/wkrska/Aggregation/jamesBenchmark/agg-hls/./core.h"
                , "line":247
              }
            ]
          ]
          , "type":"inst"
        }
        , {
          "name":"Select"
          , "id":24294
          , "debug":
          [
            [
              {
                "filename":"/home/wkrska/Aggregation/jamesBenchmark/agg-hls/./core.h"
                , "line":261
              }
            ]
          ]
          , "type":"inst"
        }
        , {
          "name":"Select"
          , "id":23856
          , "debug":
          [
            [
              {
                "filename":"/home/wkrska/Aggregation/jamesBenchmark/agg-hls/./core.h"
                , "line":247
              }
            ]
          ]
          , "type":"inst"
        }
        , {
          "name":"Select"
          , "id":24504
          , "debug":
          [
            [
              {
                "filename":"/home/wkrska/Aggregation/jamesBenchmark/agg-hls/./core.h"
                , "line":261
              }
            ]
          ]
          , "type":"inst"
        }
        , {
          "name":"Select"
          , "id":23952
          , "debug":
          [
            [
              {
                "filename":"/home/wkrska/Aggregation/jamesBenchmark/agg-hls/./core.h"
                , "line":247
              }
            ]
          ]
          , "type":"inst"
        }
        , {
          "name":"Select"
          , "id":24510
          , "debug":
          [
            [
              {
                "filename":"/home/wkrska/Aggregation/jamesBenchmark/agg-hls/./core.h"
                , "line":261
              }
            ]
          ]
          , "type":"inst"
        }
        , {
          "name":"Select"
          , "id":24498
          , "debug":
          [
            [
              {
                "filename":"/home/wkrska/Aggregation/jamesBenchmark/agg-hls/./core.h"
                , "line":261
              }
            ]
          ]
          , "type":"inst"
        }
        , {
          "name":"+"
          , "id":24499
          , "debug":
          [
            [
              {
                "filename":"/home/wkrska/Aggregation/jamesBenchmark/agg-hls/./core.h"
                , "line":264
              }
            ]
          ]
          , "type":"inst"
        }
        , {
          "name":"Select"
          , "id":24006
          , "debug":
          [
            [
              {
                "filename":"/home/wkrska/Aggregation/jamesBenchmark/agg-hls/./core.h"
                , "line":247
              }
            ]
          ]
          , "type":"inst"
        }
        , {
          "name":"+"
          , "id":24367
          , "debug":
          [
            [
              {
                "filename":"/home/wkrska/Aggregation/jamesBenchmark/agg-hls/./core.h"
                , "line":264
              }
            ]
          ]
          , "type":"inst"
        }
        , {
          "name":"Select"
          , "id":24438
          , "debug":
          [
            [
              {
                "filename":"/home/wkrska/Aggregation/jamesBenchmark/agg-hls/./core.h"
                , "line":261
              }
            ]
          ]
          , "type":"inst"
        }
        , {
          "name":"Select"
          , "id":23910
          , "debug":
          [
            [
              {
                "filename":"/home/wkrska/Aggregation/jamesBenchmark/agg-hls/./core.h"
                , "line":247
              }
            ]
          ]
          , "type":"inst"
        }
        , {
          "name":"Select"
          , "id":24492
          , "debug":
          [
            [
              {
                "filename":"/home/wkrska/Aggregation/jamesBenchmark/agg-hls/./core.h"
                , "line":261
              }
            ]
          ]
          , "type":"inst"
        }
        , {
          "name":"Feedback"
          , "id":24553
          , "end":"6.00"
          , "parent":"_ZTSZZ4mainENKUlRN4sycl3_V17handlerEE3_clES2_E14AggregateTask0.B6"
          , "debug":
          [
            [
              {
                "filename":"/home/wkrska/Aggregation/jamesBenchmark/agg-hls/./core.h"
                , "line":264
              }
            ]
          ]
          , "type":"inst"
        }
      ]
      , "links":
      [
        {
          "from":24084
          , "to":24432
        }
        , {
          "from":24288
          , "to":24289
        }
        , {
          "from":24048
          , "to":24420
        }
        , {
          "from":24276
          , "to":24277
        }
        , {
          "from":24432
          , "to":24433
        }
        , {
          "from":24282
          , "to":24283
        }
        , {
          "from":24180
          , "to":24504
        }
        , {
          "from":24198
          , "to":24510
        }
        , {
          "from":24162
          , "to":24498
        }
        , {
          "from":24498
          , "to":24499
        }
        , {
          "from":24366
          , "to":24367
        }
        , {
          "from":24102
          , "to":24438
        }
        , {
          "from":23909
          , "to":23910
        }
        , {
          "from":24144
          , "to":24492
        }
        , {
          "from":24295
          , "to":24553
        }
        , {
          "from":23909
          , "to":24553
          , "reverse":1
        }
      ]
    }
    , {
      "name":"Global variable"
      , "id":26099
      , "src":"25274"
      , "dst":"25278"
      , "type":"fMAX/II"
      , "brief":"Data dependency"
      , "loop":"ReadoutTask.B1"
      , "details":
      [
        {
          "type":"table"
          , "Variable on critical loop carried feedback path: ":"Global variable"
          , "Declared at: ":
          [
            {
              "type":"text"
              , "text":"%L"
              , "links":
              [
                {
                  "filename":"Unknown location"
                  , "line":"0"
                }
              ]
            }
          ]
          , "Dependency: ":"Data dependency"
          , "Estimated fmax reduced to: ":"650.0"
          , "Loop feedback path that raised II and/or lowered fMAX: ":
          [
            {
              "type":"text"
              , "text":"+(%L)"
              , "links":
              [
                {
                  "filename":"/home/wkrska/Aggregation/jamesBenchmark/agg-hls/main.cpp"
                  , "line":"367"
                }
              ]
            }
          ]
        }
      ]
      , "nodes":
      [
        {
          "name":"Global variable"
          , "id":25274
          , "start":"4.00"
          , "parent":"_ZTSZZ4mainENKUlRN4sycl3_V17handlerEE5_clES2_E11ReadoutTask.B1"
          , "debug":
          [
            [
              {
                "filename":"/home/wkrska/Aggregation/jamesBenchmark/agg-hls/main.cpp"
                , "line":367
              }
            ]
          ]
          , "type":"inst"
        }
        , {
          "name":"+"
          , "id":25277
          , "debug":
          [
            [
              {
                "filename":"/home/wkrska/Aggregation/jamesBenchmark/agg-hls/main.cpp"
                , "line":367
              }
            ]
          ]
          , "type":"inst"
        }
        , {
          "name":"Feedback"
          , "id":25278
          , "end":"4.00"
          , "parent":"_ZTSZZ4mainENKUlRN4sycl3_V17handlerEE5_clES2_E11ReadoutTask.B1"
          , "debug":
          [
            [
              {
                "filename":"/home/wkrska/Aggregation/jamesBenchmark/agg-hls/main.cpp"
                , "line":367
              }
            ]
          ]
          , "type":"inst"
        }
      ]
      , "links":
      [
        {
          "from":25274
          , "to":25277
        }
        , {
          "from":25277
          , "to":25278
        }
        , {
          "from":25274
          , "to":25278
          , "reverse":1
        }
      ]
    }
  ]
}
