{
  "nodes":
  [
    {
      "name":"MakeUniqueTask0"
      , "id":1
      , "type":"kernel"
      , "children":
      [
        {
          "name":"MakeUniqueTask0.B0"
          , "id":8
          , "type":"bb"
        }
        , {
          "name":"MakeUniqueTask0.B1"
          , "id":9
          , "type":"bb"
        }
        , {
          "name":"MakeUniqueTask0.B2"
          , "id":10
          , "type":"bb"
          , "children":
          [
            {
              "name":"Cluster 0"
              , "id":68
              , "type":"cluster"
            }
          ]
        }
        , {
          "name":"MakeUniqueTask0.B3"
          , "id":11
          , "type":"bb"
          , "children":
          [
            {
              "name":"Cluster 1"
              , "id":70
              , "type":"cluster"
            }
            , {
              "name":"Cluster 2"
              , "id":73
              , "type":"cluster"
            }
            , {
              "name":"Cluster 3"
              , "id":75
              , "type":"cluster"
            }
            , {
              "name":"Cluster 4"
              , "id":76
              , "type":"cluster"
            }
            , {
              "name":"Cluster 5"
              , "id":78
              , "type":"cluster"
            }
            , {
              "name":"Cluster 6"
              , "id":81
              , "type":"cluster"
            }
            , {
              "name":"Cluster 7"
              , "id":83
              , "type":"cluster"
            }
            , {
              "name":"Cluster 8"
              , "id":84
              , "type":"cluster"
            }
            , {
              "name":"Cluster 9"
              , "id":85
              , "type":"cluster"
            }
            , {
              "name":"Cluster 10"
              , "id":89
              , "type":"cluster"
            }
            , {
              "name":"Cluster 11"
              , "id":90
              , "type":"cluster"
            }
            , {
              "name":"Cluster 12"
              , "id":92
              , "type":"cluster"
            }
            , {
              "name":"Cluster 13"
              , "id":95
              , "type":"cluster"
            }
            , {
              "name":"Cluster 14"
              , "id":96
              , "type":"cluster"
            }
            , {
              "name":"Cluster 15"
              , "id":98
              , "type":"cluster"
            }
            , {
              "name":"Cluster 16"
              , "id":115
              , "type":"cluster"
            }
            , {
              "name":"Cluster 17"
              , "id":119
              , "type":"cluster"
            }
            , {
              "name":"Cluster 18"
              , "id":132
              , "type":"cluster"
            }
            , {
              "name":"Cluster 19"
              , "id":134
              , "type":"cluster"
            }
            , {
              "name":"Cluster 20"
              , "id":136
              , "type":"cluster"
            }
            , {
              "name":"Cluster 21"
              , "id":140
              , "type":"cluster"
            }
            , {
              "name":"Cluster 22"
              , "id":148
              , "type":"cluster"
            }
            , {
              "name":"Cluster 23"
              , "id":158
              , "type":"cluster"
            }
            , {
              "name":"Cluster 24"
              , "id":164
              , "type":"cluster"
            }
            , {
              "name":"Cluster 25"
              , "id":170
              , "type":"cluster"
            }
          ]
        }
      ]
    }
    , {
      "name":"MapKeyTask0"
      , "id":2
      , "type":"kernel"
      , "children":
      [
        {
          "name":"MapKeyTask0.B0"
          , "id":12
          , "type":"bb"
        }
        , {
          "name":"MapKeyTask0.B1"
          , "id":13
          , "type":"bb"
          , "children":
          [
            {
              "name":"Cluster 26"
              , "id":174
              , "type":"cluster"
            }
            , {
              "name":"Cluster 27"
              , "id":176
              , "type":"cluster"
            }
          ]
        }
      ]
    }
    , {
      "name":"TraiageMappingTask0"
      , "id":3
      , "type":"kernel"
      , "children":
      [
        {
          "name":"TraiageMappingTask0.B0"
          , "id":14
          , "type":"bb"
        }
        , {
          "name":"TraiageMappingTask0.B1"
          , "id":15
          , "type":"bb"
          , "children":
          [
            {
              "name":"Cluster 28"
              , "id":180
              , "type":"cluster"
            }
            , {
              "name":"Cluster 29"
              , "id":182
              , "type":"cluster"
            }
          ]
        }
        , {
          "name":"TraiageMappingTask0.B2"
          , "id":16
          , "type":"bb"
          , "children":
          [
            {
              "name":"Cluster 30"
              , "id":215
              , "type":"cluster"
            }
          ]
        }
        , {
          "name":"TraiageMappingTask0.B3"
          , "id":17
          , "type":"bb"
          , "children":
          [
            {
              "name":"Cluster 31"
              , "id":266
              , "type":"cluster"
            }
          ]
        }
        , {
          "name":"TraiageMappingTask0.B4"
          , "id":18
          , "type":"bb"
        }
        , {
          "name":"TraiageMappingTask0.B5"
          , "id":19
          , "type":"bb"
          , "children":
          [
            {
              "name":"Cluster 32"
              , "id":392
              , "type":"cluster"
            }
          ]
        }
      ]
    }
    , {
      "name":"AggregateTask0"
      , "id":4
      , "type":"kernel"
      , "children":
      [
        {
          "name":"AggregateTask0.B0"
          , "id":20
          , "type":"bb"
        }
        , {
          "name":"AggregateTask0.B1"
          , "id":21
          , "type":"bb"
        }
        , {
          "name":"AggregateTask0.B2"
          , "id":22
          , "type":"bb"
          , "children":
          [
            {
              "name":"Cluster 33"
              , "id":396
              , "type":"cluster"
            }
          ]
        }
        , {
          "name":"AggregateTask0.B3"
          , "id":23
          , "type":"bb"
          , "children":
          [
            {
              "name":"Cluster 34"
              , "id":398
              , "type":"cluster"
            }
            , {
              "name":"Cluster 35"
              , "id":399
              , "type":"cluster"
            }
          ]
        }
        , {
          "name":"AggregateTask0.B4"
          , "id":24
          , "type":"bb"
        }
        , {
          "name":"AggregateTask0.B5"
          , "id":25
          , "type":"bb"
        }
        , {
          "name":"AggregateTask0.B6"
          , "id":26
          , "type":"bb"
          , "children":
          [
            {
              "name":"Cluster 36"
              , "id":400
              , "type":"cluster"
            }
          ]
        }
        , {
          "name":"AggregateTask0.B7"
          , "id":27
          , "type":"bb"
          , "children":
          [
            {
              "name":"Cluster 37"
              , "id":402
              , "type":"cluster"
            }
          ]
        }
        , {
          "name":"AggregateTask0.B8"
          , "id":28
          , "type":"bb"
          , "children":
          [
            {
              "name":"Cluster 38"
              , "id":403
              , "type":"cluster"
            }
          ]
        }
        , {
          "name":"AggregateTask0.B9"
          , "id":29
          , "type":"bb"
          , "children":
          [
            {
              "name":"Cluster 39"
              , "id":405
              , "type":"cluster"
            }
            , {
              "name":"Cluster 40"
              , "id":406
              , "type":"cluster"
            }
          ]
        }
      ]
    }
    , {
      "name":"MergeAndAggregateTask"
      , "id":5
      , "type":"kernel"
      , "children":
      [
        {
          "name":"MergeAndAggregateTask.B0"
          , "id":30
          , "type":"bb"
        }
        , {
          "name":"MergeAndAggregateTask.B1"
          , "id":31
          , "type":"bb"
        }
        , {
          "name":"MergeAndAggregateTask.B2"
          , "id":32
          , "type":"bb"
          , "children":
          [
            {
              "name":"Cluster 41"
              , "id":411
              , "type":"cluster"
            }
          ]
        }
        , {
          "name":"MergeAndAggregateTask.B3"
          , "id":33
          , "type":"bb"
          , "children":
          [
            {
              "name":"Cluster 42"
              , "id":412
              , "type":"cluster"
            }
          ]
        }
        , {
          "name":"MergeAndAggregateTask.B4"
          , "id":34
          , "type":"bb"
          , "children":
          [
            {
              "name":"Cluster 43"
              , "id":414
              , "type":"cluster"
            }
            , {
              "name":"Cluster 44"
              , "id":415
              , "type":"cluster"
            }
          ]
        }
        , {
          "name":"MergeAndAggregateTask.B5"
          , "id":35
          , "type":"bb"
        }
        , {
          "name":"MergeAndAggregateTask.B6"
          , "id":36
          , "type":"bb"
          , "children":
          [
            {
              "name":"Cluster 45"
              , "id":417
              , "type":"cluster"
            }
          ]
        }
        , {
          "name":"MergeAndAggregateTask.B7"
          , "id":37
          , "type":"bb"
          , "children":
          [
            {
              "name":"Cluster 46"
              , "id":419
              , "type":"cluster"
            }
          ]
        }
        , {
          "name":"MergeAndAggregateTask.B8"
          , "id":38
          , "type":"bb"
          , "children":
          [
            {
              "name":"Cluster 47"
              , "id":420
              , "type":"cluster"
            }
          ]
        }
        , {
          "name":"MergeAndAggregateTask.B9"
          , "id":39
          , "type":"bb"
          , "children":
          [
            {
              "name":"Cluster 48"
              , "id":421
              , "type":"cluster"
            }
          ]
        }
        , {
          "name":"MergeAndAggregateTask.B10"
          , "id":40
          , "type":"bb"
          , "children":
          [
            {
              "name":"Cluster 49"
              , "id":423
              , "type":"cluster"
            }
          ]
        }
        , {
          "name":"MergeAndAggregateTask.B11"
          , "id":41
          , "type":"bb"
          , "children":
          [
            {
              "name":"Cluster 50"
              , "id":425
              , "type":"cluster"
            }
          ]
        }
        , {
          "name":"MergeAndAggregateTask.B12"
          , "id":42
          , "type":"bb"
        }
        , {
          "name":"MergeAndAggregateTask.B13"
          , "id":43
          , "type":"bb"
          , "children":
          [
            {
              "name":"Cluster 51"
              , "id":427
              , "type":"cluster"
            }
          ]
        }
        , {
          "name":"MergeAndAggregateTask.B14"
          , "id":44
          , "type":"bb"
          , "children":
          [
            {
              "name":"Cluster 52"
              , "id":430
              , "type":"cluster"
            }
            , {
              "name":"Cluster 53"
              , "id":431
              , "type":"cluster"
            }
          ]
        }
        , {
          "name":"MergeAndAggregateTask.B15"
          , "id":45
          , "type":"bb"
          , "children":
          [
            {
              "name":"Cluster 54"
              , "id":432
              , "type":"cluster"
            }
          ]
        }
        , {
          "name":"MergeAndAggregateTask.B16"
          , "id":46
          , "type":"bb"
          , "children":
          [
            {
              "name":"Cluster 55"
              , "id":434
              , "type":"cluster"
            }
          ]
        }
        , {
          "name":"MergeAndAggregateTask.B17"
          , "id":47
          , "type":"bb"
          , "children":
          [
            {
              "name":"Cluster 56"
              , "id":435
              , "type":"cluster"
            }
          ]
        }
        , {
          "name":"MergeAndAggregateTask.B18"
          , "id":48
          , "type":"bb"
          , "children":
          [
            {
              "name":"Cluster 57"
              , "id":437
              , "type":"cluster"
            }
          ]
        }
        , {
          "name":"MergeAndAggregateTask.B19"
          , "id":49
          , "type":"bb"
          , "children":
          [
            {
              "name":"Cluster 58"
              , "id":438
              , "type":"cluster"
            }
          ]
        }
      ]
    }
    , {
      "name":"ReadoutTask"
      , "id":6
      , "type":"kernel"
      , "children":
      [
        {
          "name":"ReadoutTask.B0"
          , "id":50
          , "type":"bb"
        }
        , {
          "name":"ReadoutTask.B1"
          , "id":51
          , "type":"bb"
          , "children":
          [
            {
              "name":"Cluster 59"
              , "id":440
              , "type":"cluster"
            }
          ]
        }
        , {
          "name":"ReadoutTask.B2"
          , "id":52
          , "type":"bb"
        }
        , {
          "name":"ReadoutTask.B3"
          , "id":53
          , "type":"bb"
          , "children":
          [
            {
              "name":"Cluster 60"
              , "id":444
              , "type":"cluster"
            }
            , {
              "name":"Cluster 61"
              , "id":446
              , "type":"cluster"
            }
            , {
              "name":"Cluster 62"
              , "id":447
              , "type":"cluster"
            }
          ]
        }
        , {
          "name":"ReadoutTask.B4"
          , "id":54
          , "type":"bb"
        }
      ]
    }
    , {
      "name":"testInputSrcTask"
      , "id":7
      , "type":"kernel"
      , "children":
      [
        {
          "name":"testInputSrcTask.B0"
          , "id":55
          , "type":"bb"
        }
        , {
          "name":"testInputSrcTask.B1"
          , "id":56
          , "type":"bb"
          , "children":
          [
            {
              "name":"Cluster 63"
              , "id":451
              , "type":"cluster"
            }
          ]
        }
        , {
          "name":"testInputSrcTask.B2"
          , "id":57
          , "type":"bb"
          , "children":
          [
            {
              "name":"Cluster 64"
              , "id":452
              , "type":"cluster"
            }
          ]
        }
        , {
          "name":"testInputSrcTask.B3"
          , "id":58
          , "type":"bb"
          , "children":
          [
            {
              "name":"Cluster 65"
              , "id":453
              , "type":"cluster"
            }
          ]
        }
        , {
          "name":"testInputSrcTask.B4"
          , "id":59
          , "type":"bb"
          , "children":
          [
            {
              "name":"Cluster 66"
              , "id":457
              , "type":"cluster"
            }
          ]
        }
        , {
          "name":"testInputSrcTask.B5"
          , "id":60
          , "type":"bb"
        }
        , {
          "name":"testInputSrcTask.B6"
          , "id":61
          , "type":"bb"
          , "children":
          [
            {
              "name":"Cluster 67"
              , "id":470
              , "type":"cluster"
            }
          ]
        }
        , {
          "name":"testInputSrcTask.B7"
          , "id":62
          , "type":"bb"
          , "children":
          [
            {
              "name":"Cluster 68"
              , "id":476
              , "type":"cluster"
            }
          ]
        }
        , {
          "name":"testInputSrcTask.B8"
          , "id":63
          , "type":"bb"
        }
        , {
          "name":"testInputSrcTask.B9"
          , "id":64
          , "type":"bb"
          , "children":
          [
            {
              "name":"Cluster 69"
              , "id":506
              , "type":"cluster"
            }
            , {
              "name":"Cluster 70"
              , "id":508
              , "type":"cluster"
            }
          ]
        }
        , {
          "name":"testInputSrcTask.B10"
          , "id":65
          , "type":"bb"
        }
      ]
    }
  ]
  , "links":
  [
  ]
}
