{
  "nodes":
  [
    {
      "name":"MakeUniqueTask0"
      , "id":1
      , "type":"kernel"
      , "children":
      [
        {
          "name":"MakeUniqueTask0.B0"
          , "id":8
          , "type":"bb"
        }
        , {
          "name":"MakeUniqueTask0.B1"
          , "id":9
          , "type":"bb"
          , "children":
          [
            {
              "name":"Cluster 0"
              , "id":50
              , "type":"cluster"
            }
            , {
              "name":"Cluster 1"
              , "id":52
              , "type":"cluster"
            }
          ]
        }
      ]
    }
    , {
      "name":"MapKeyTask0"
      , "id":2
      , "type":"kernel"
      , "children":
      [
        {
          "name":"MapKeyTask0.B0"
          , "id":10
          , "type":"bb"
        }
        , {
          "name":"MapKeyTask0.B1"
          , "id":11
          , "type":"bb"
          , "children":
          [
            {
              "name":"Cluster 2"
              , "id":56
              , "type":"cluster"
            }
            , {
              "name":"Cluster 3"
              , "id":58
              , "type":"cluster"
            }
          ]
        }
      ]
    }
    , {
      "name":"TraiageMappingTask0"
      , "id":3
      , "type":"kernel"
      , "children":
      [
        {
          "name":"TraiageMappingTask0.B0"
          , "id":12
          , "type":"bb"
        }
        , {
          "name":"TraiageMappingTask0.B1"
          , "id":13
          , "type":"bb"
          , "children":
          [
            {
              "name":"Cluster 4"
              , "id":62
              , "type":"cluster"
            }
            , {
              "name":"Cluster 5"
              , "id":64
              , "type":"cluster"
            }
          ]
        }
      ]
    }
    , {
      "name":"AggregateTask0"
      , "id":4
      , "type":"kernel"
      , "children":
      [
        {
          "name":"AggregateTask0.B0"
          , "id":14
          , "type":"bb"
        }
        , {
          "name":"AggregateTask0.B1"
          , "id":15
          , "type":"bb"
        }
        , {
          "name":"AggregateTask0.B2"
          , "id":16
          , "type":"bb"
          , "children":
          [
            {
              "name":"Cluster 6"
              , "id":70
              , "type":"cluster"
            }
          ]
        }
        , {
          "name":"AggregateTask0.B3"
          , "id":17
          , "type":"bb"
          , "children":
          [
            {
              "name":"Cluster 7"
              , "id":72
              , "type":"cluster"
            }
          ]
        }
        , {
          "name":"AggregateTask0.B4"
          , "id":18
          , "type":"bb"
        }
        , {
          "name":"AggregateTask0.B5"
          , "id":19
          , "type":"bb"
          , "children":
          [
            {
              "name":"Cluster 8"
              , "id":73
              , "type":"cluster"
            }
          ]
        }
        , {
          "name":"AggregateTask0.B6"
          , "id":20
          , "type":"bb"
          , "children":
          [
            {
              "name":"Cluster 9"
              , "id":74
              , "type":"cluster"
            }
          ]
        }
        , {
          "name":"AggregateTask0.B7"
          , "id":21
          , "type":"bb"
          , "children":
          [
            {
              "name":"Cluster 10"
              , "id":76
              , "type":"cluster"
            }
            , {
              "name":"Cluster 11"
              , "id":77
              , "type":"cluster"
            }
          ]
        }
      ]
    }
    , {
      "name":"ReadoutTask"
      , "id":5
      , "type":"kernel"
      , "children":
      [
        {
          "name":"ReadoutTask.B0"
          , "id":22
          , "type":"bb"
        }
        , {
          "name":"ReadoutTask.B1"
          , "id":23
          , "type":"bb"
          , "children":
          [
            {
              "name":"Cluster 12"
              , "id":80
              , "type":"cluster"
            }
          ]
        }
        , {
          "name":"ReadoutTask.B2"
          , "id":24
          , "type":"bb"
        }
        , {
          "name":"ReadoutTask.B3"
          , "id":25
          , "type":"bb"
          , "children":
          [
            {
              "name":"Cluster 13"
              , "id":84
              , "type":"cluster"
            }
            , {
              "name":"Cluster 14"
              , "id":86
              , "type":"cluster"
            }
            , {
              "name":"Cluster 15"
              , "id":87
              , "type":"cluster"
            }
          ]
        }
        , {
          "name":"ReadoutTask.B4"
          , "id":26
          , "type":"bb"
        }
      ]
    }
    , {
      "name":"testInputSrcTask"
      , "id":6
      , "type":"kernel"
      , "children":
      [
        {
          "name":"testInputSrcTask.B0"
          , "id":27
          , "type":"bb"
        }
        , {
          "name":"testInputSrcTask.B1"
          , "id":28
          , "type":"bb"
          , "children":
          [
            {
              "name":"Cluster 16"
              , "id":91
              , "type":"cluster"
            }
          ]
        }
        , {
          "name":"testInputSrcTask.B2"
          , "id":29
          , "type":"bb"
          , "children":
          [
            {
              "name":"Cluster 17"
              , "id":92
              , "type":"cluster"
            }
          ]
        }
        , {
          "name":"testInputSrcTask.B3"
          , "id":30
          , "type":"bb"
          , "children":
          [
            {
              "name":"Cluster 18"
              , "id":93
              , "type":"cluster"
            }
          ]
        }
        , {
          "name":"testInputSrcTask.B4"
          , "id":31
          , "type":"bb"
          , "children":
          [
            {
              "name":"Cluster 19"
              , "id":97
              , "type":"cluster"
            }
            , {
              "name":"Cluster 20"
              , "id":99
              , "type":"cluster"
            }
          ]
        }
        , {
          "name":"testInputSrcTask.B5"
          , "id":32
          , "type":"bb"
        }
        , {
          "name":"testInputSrcTask.B6"
          , "id":33
          , "type":"bb"
        }
      ]
    }
    , {
      "name":"MergeAndAggregateTask"
      , "id":7
      , "type":"kernel"
      , "children":
      [
        {
          "name":"MergeAndAggregateTask.B0"
          , "id":34
          , "type":"bb"
        }
        , {
          "name":"MergeAndAggregateTask.B1"
          , "id":35
          , "type":"bb"
        }
        , {
          "name":"MergeAndAggregateTask.B2"
          , "id":36
          , "type":"bb"
        }
        , {
          "name":"MergeAndAggregateTask.B3"
          , "id":37
          , "type":"bb"
        }
        , {
          "name":"MergeAndAggregateTask.B4"
          , "id":38
          , "type":"bb"
          , "children":
          [
            {
              "name":"Cluster 21"
              , "id":106
              , "type":"cluster"
            }
          ]
        }
        , {
          "name":"MergeAndAggregateTask.B5"
          , "id":39
          , "type":"bb"
          , "children":
          [
            {
              "name":"Cluster 22"
              , "id":107
              , "type":"cluster"
            }
          ]
        }
        , {
          "name":"MergeAndAggregateTask.B6"
          , "id":40
          , "type":"bb"
          , "children":
          [
            {
              "name":"Cluster 23"
              , "id":109
              , "type":"cluster"
            }
          ]
        }
        , {
          "name":"MergeAndAggregateTask.B7"
          , "id":41
          , "type":"bb"
          , "children":
          [
            {
              "name":"Cluster 24"
              , "id":111
              , "type":"cluster"
            }
          ]
        }
        , {
          "name":"MergeAndAggregateTask.B8"
          , "id":42
          , "type":"bb"
          , "children":
          [
            {
              "name":"Cluster 25"
              , "id":114
              , "type":"cluster"
            }
            , {
              "name":"Cluster 26"
              , "id":115
              , "type":"cluster"
            }
          ]
        }
        , {
          "name":"MergeAndAggregateTask.B9"
          , "id":43
          , "type":"bb"
        }
        , {
          "name":"MergeAndAggregateTask.B10"
          , "id":44
          , "type":"bb"
          , "children":
          [
            {
              "name":"Cluster 27"
              , "id":117
              , "type":"cluster"
            }
          ]
        }
        , {
          "name":"MergeAndAggregateTask.B11"
          , "id":45
          , "type":"bb"
          , "children":
          [
            {
              "name":"Cluster 28"
              , "id":118
              , "type":"cluster"
            }
          ]
        }
        , {
          "name":"MergeAndAggregateTask.B12"
          , "id":46
          , "type":"bb"
          , "children":
          [
            {
              "name":"Cluster 29"
              , "id":120
              , "type":"cluster"
            }
          ]
        }
        , {
          "name":"MergeAndAggregateTask.B13"
          , "id":47
          , "type":"bb"
          , "children":
          [
            {
              "name":"Cluster 30"
              , "id":123
              , "type":"cluster"
            }
          ]
        }
      ]
    }
  ]
  , "links":
  [
  ]
}
