{"compileInfo":{"nodes":[{"command":"aoc -o /tmp/main-302b55-8166d2.aocr /tmp/icpx-fc6c96/main-4a81ea-0980bd.spv -sycl -rtl -dep-files=/tmp/icpx-fc6c96/main-ae33cd.d -output-report-folder=build/aggv2_hw-D_S_=1-D_P_=4-D_N_=4-D_G_=64-DTIMERUN=0_0_550MHz.prj -g -v -hardware -clock=550MHz -seed=0 -target=/ofs/ofs-2023.1-1/oneapi-asp/n6001:ofs_n6001","family":"Agilex 7, AGFB014R24A3E3VR0, ofs_n6001_shim:ofs_n6001","id":1,"name":"aggv2_hw-D_S_=1-D_P_=4-D_N_=4-D_G_=64-DTIMERUN=0_0_550MHz","product":"SYCL","quartus":"","time":"Mon Oct 23 15:28:17 2023","version":"2023.2.0 Build 4869f1a04d0a1423314a5e6aee7a5aa5589655f6"}]}}