{
  "nodes":
  [
    {
      "name":"testInputSrcTask"
      , "id":1
      , "type":"kernel"
      , "children":
      [
        {
          "name":"testInputSrcTask.B0"
          , "id":8
          , "type":"bb"
        }
        , {
          "name":"testInputSrcTask.B1"
          , "id":9
          , "type":"bb"
          , "children":
          [
            {
              "name":"Cluster 0"
              , "id":63
              , "type":"cluster"
            }
          ]
        }
        , {
          "name":"testInputSrcTask.B2"
          , "id":10
          , "type":"bb"
          , "children":
          [
            {
              "name":"Cluster 1"
              , "id":66
              , "type":"cluster"
            }
          ]
        }
        , {
          "name":"testInputSrcTask.B3"
          , "id":11
          , "type":"bb"
        }
        , {
          "name":"testInputSrcTask.B4"
          , "id":12
          , "type":"bb"
          , "children":
          [
            {
              "name":"Cluster 2"
              , "id":75
              , "type":"cluster"
            }
          ]
        }
        , {
          "name":"testInputSrcTask.B5"
          , "id":13
          , "type":"bb"
        }
        , {
          "name":"testInputSrcTask.B6"
          , "id":14
          , "type":"bb"
          , "children":
          [
            {
              "name":"Cluster 3"
              , "id":162
              , "type":"cluster"
            }
            , {
              "name":"Cluster 4"
              , "id":164
              , "type":"cluster"
            }
          ]
        }
        , {
          "name":"testInputSrcTask.B7"
          , "id":15
          , "type":"bb"
          , "children":
          [
            {
              "name":"Cluster 5"
              , "id":232
              , "type":"cluster"
            }
          ]
        }
        , {
          "name":"testInputSrcTask.B8"
          , "id":16
          , "type":"bb"
        }
      ]
    }
    , {
      "name":"MakeUniqueTask0"
      , "id":2
      , "type":"kernel"
      , "children":
      [
        {
          "name":"MakeUniqueTask0.B0"
          , "id":17
          , "type":"bb"
        }
        , {
          "name":"MakeUniqueTask0.B1"
          , "id":18
          , "type":"bb"
          , "children":
          [
            {
              "name":"Cluster 6"
              , "id":237
              , "type":"cluster"
            }
            , {
              "name":"Cluster 7"
              , "id":239
              , "type":"cluster"
            }
          ]
        }
      ]
    }
    , {
      "name":"MapKeyTask0"
      , "id":3
      , "type":"kernel"
      , "children":
      [
        {
          "name":"MapKeyTask0.B0"
          , "id":19
          , "type":"bb"
        }
        , {
          "name":"MapKeyTask0.B1"
          , "id":20
          , "type":"bb"
          , "children":
          [
            {
              "name":"Cluster 8"
              , "id":243
              , "type":"cluster"
            }
            , {
              "name":"Cluster 9"
              , "id":245
              , "type":"cluster"
            }
          ]
        }
      ]
    }
    , {
      "name":"TraiageMappingTask0"
      , "id":4
      , "type":"kernel"
      , "children":
      [
        {
          "name":"TraiageMappingTask0.B0"
          , "id":21
          , "type":"bb"
        }
        , {
          "name":"TraiageMappingTask0.B1"
          , "id":22
          , "type":"bb"
          , "children":
          [
            {
              "name":"Cluster 10"
              , "id":249
              , "type":"cluster"
            }
            , {
              "name":"Cluster 11"
              , "id":251
              , "type":"cluster"
            }
          ]
        }
        , {
          "name":"TraiageMappingTask0.B2"
          , "id":23
          , "type":"bb"
          , "children":
          [
            {
              "name":"Cluster 12"
              , "id":289
              , "type":"cluster"
            }
          ]
        }
        , {
          "name":"TraiageMappingTask0.B3"
          , "id":24
          , "type":"bb"
          , "children":
          [
            {
              "name":"Cluster 13"
              , "id":340
              , "type":"cluster"
            }
          ]
        }
        , {
          "name":"TraiageMappingTask0.B4"
          , "id":25
          , "type":"bb"
        }
        , {
          "name":"TraiageMappingTask0.B5"
          , "id":26
          , "type":"bb"
          , "children":
          [
            {
              "name":"Cluster 14"
              , "id":477
              , "type":"cluster"
            }
          ]
        }
      ]
    }
    , {
      "name":"AggregateTask0"
      , "id":5
      , "type":"kernel"
      , "children":
      [
        {
          "name":"AggregateTask0.B0"
          , "id":27
          , "type":"bb"
        }
        , {
          "name":"AggregateTask0.B1"
          , "id":28
          , "type":"bb"
        }
        , {
          "name":"AggregateTask0.B2"
          , "id":29
          , "type":"bb"
          , "children":
          [
            {
              "name":"Cluster 15"
              , "id":481
              , "type":"cluster"
            }
          ]
        }
        , {
          "name":"AggregateTask0.B3"
          , "id":30
          , "type":"bb"
          , "children":
          [
            {
              "name":"Cluster 16"
              , "id":483
              , "type":"cluster"
            }
          ]
        }
        , {
          "name":"AggregateTask0.B4"
          , "id":31
          , "type":"bb"
        }
        , {
          "name":"AggregateTask0.B5"
          , "id":32
          , "type":"bb"
        }
        , {
          "name":"AggregateTask0.B6"
          , "id":33
          , "type":"bb"
          , "children":
          [
            {
              "name":"Cluster 17"
              , "id":484
              , "type":"cluster"
            }
          ]
        }
        , {
          "name":"AggregateTask0.B7"
          , "id":34
          , "type":"bb"
          , "children":
          [
            {
              "name":"Cluster 18"
              , "id":486
              , "type":"cluster"
            }
          ]
        }
        , {
          "name":"AggregateTask0.B8"
          , "id":35
          , "type":"bb"
          , "children":
          [
            {
              "name":"Cluster 19"
              , "id":487
              , "type":"cluster"
            }
          ]
        }
        , {
          "name":"AggregateTask0.B9"
          , "id":36
          , "type":"bb"
          , "children":
          [
            {
              "name":"Cluster 20"
              , "id":489
              , "type":"cluster"
            }
            , {
              "name":"Cluster 21"
              , "id":490
              , "type":"cluster"
            }
          ]
        }
      ]
    }
    , {
      "name":"MergeAndAggregateTask"
      , "id":6
      , "type":"kernel"
      , "children":
      [
        {
          "name":"MergeAndAggregateTask.B0"
          , "id":37
          , "type":"bb"
        }
        , {
          "name":"MergeAndAggregateTask.B1"
          , "id":38
          , "type":"bb"
        }
        , {
          "name":"MergeAndAggregateTask.B2"
          , "id":39
          , "type":"bb"
        }
        , {
          "name":"MergeAndAggregateTask.B3"
          , "id":40
          , "type":"bb"
        }
        , {
          "name":"MergeAndAggregateTask.B4"
          , "id":41
          , "type":"bb"
          , "children":
          [
            {
              "name":"Cluster 22"
              , "id":495
              , "type":"cluster"
            }
          ]
        }
        , {
          "name":"MergeAndAggregateTask.B5"
          , "id":42
          , "type":"bb"
        }
        , {
          "name":"MergeAndAggregateTask.B6"
          , "id":43
          , "type":"bb"
          , "children":
          [
            {
              "name":"Cluster 23"
              , "id":497
              , "type":"cluster"
            }
          ]
        }
        , {
          "name":"MergeAndAggregateTask.B7"
          , "id":44
          , "type":"bb"
          , "children":
          [
            {
              "name":"Cluster 24"
              , "id":499
              , "type":"cluster"
            }
          ]
        }
        , {
          "name":"MergeAndAggregateTask.B8"
          , "id":45
          , "type":"bb"
          , "children":
          [
            {
              "name":"Cluster 25"
              , "id":500
              , "type":"cluster"
            }
          ]
        }
        , {
          "name":"MergeAndAggregateTask.B9"
          , "id":46
          , "type":"bb"
          , "children":
          [
            {
              "name":"Cluster 26"
              , "id":501
              , "type":"cluster"
            }
          ]
        }
        , {
          "name":"MergeAndAggregateTask.B10"
          , "id":47
          , "type":"bb"
          , "children":
          [
            {
              "name":"Cluster 27"
              , "id":503
              , "type":"cluster"
            }
          ]
        }
        , {
          "name":"MergeAndAggregateTask.B11"
          , "id":48
          , "type":"bb"
          , "children":
          [
            {
              "name":"Cluster 28"
              , "id":505
              , "type":"cluster"
            }
          ]
        }
        , {
          "name":"MergeAndAggregateTask.B12"
          , "id":49
          , "type":"bb"
        }
        , {
          "name":"MergeAndAggregateTask.B13"
          , "id":50
          , "type":"bb"
          , "children":
          [
            {
              "name":"Cluster 29"
              , "id":507
              , "type":"cluster"
            }
          ]
        }
        , {
          "name":"MergeAndAggregateTask.B14"
          , "id":51
          , "type":"bb"
          , "children":
          [
            {
              "name":"Cluster 30"
              , "id":510
              , "type":"cluster"
            }
            , {
              "name":"Cluster 31"
              , "id":511
              , "type":"cluster"
            }
          ]
        }
        , {
          "name":"MergeAndAggregateTask.B15"
          , "id":52
          , "type":"bb"
          , "children":
          [
            {
              "name":"Cluster 32"
              , "id":512
              , "type":"cluster"
            }
          ]
        }
        , {
          "name":"MergeAndAggregateTask.B16"
          , "id":53
          , "type":"bb"
          , "children":
          [
            {
              "name":"Cluster 33"
              , "id":514
              , "type":"cluster"
            }
          ]
        }
        , {
          "name":"MergeAndAggregateTask.B17"
          , "id":54
          , "type":"bb"
          , "children":
          [
            {
              "name":"Cluster 34"
              , "id":515
              , "type":"cluster"
            }
          ]
        }
        , {
          "name":"MergeAndAggregateTask.B18"
          , "id":55
          , "type":"bb"
          , "children":
          [
            {
              "name":"Cluster 35"
              , "id":517
              , "type":"cluster"
            }
          ]
        }
        , {
          "name":"MergeAndAggregateTask.B19"
          , "id":56
          , "type":"bb"
          , "children":
          [
            {
              "name":"Cluster 36"
              , "id":518
              , "type":"cluster"
            }
          ]
        }
      ]
    }
    , {
      "name":"ReadoutTask"
      , "id":7
      , "type":"kernel"
      , "children":
      [
        {
          "name":"ReadoutTask.B0"
          , "id":57
          , "type":"bb"
        }
        , {
          "name":"ReadoutTask.B1"
          , "id":58
          , "type":"bb"
          , "children":
          [
            {
              "name":"Cluster 37"
              , "id":520
              , "type":"cluster"
            }
          ]
        }
        , {
          "name":"ReadoutTask.B2"
          , "id":59
          , "type":"bb"
        }
        , {
          "name":"ReadoutTask.B3"
          , "id":60
          , "type":"bb"
          , "children":
          [
            {
              "name":"Cluster 38"
              , "id":524
              , "type":"cluster"
            }
            , {
              "name":"Cluster 39"
              , "id":526
              , "type":"cluster"
            }
            , {
              "name":"Cluster 40"
              , "id":527
              , "type":"cluster"
            }
          ]
        }
        , {
          "name":"ReadoutTask.B4"
          , "id":61
          , "type":"bb"
        }
      ]
    }
  ]
  , "links":
  [
  ]
}
