{
    "quartusFitClockSummary"         : {
        "nodes" : [{
            "name"              : "Quartus Fitter: Clock Frequency (MHz)",
            "kernel clock"      : "443.00",
            "kernel clock fmax" : "443.00",
            "clock1x"           : "443.00",
            "clock2x"           : "443.00",
            "details"           : [{
                "text" : "The actual frequency of kernel clock is 443.00 MHz after platform PLL adjustment. The maximum frequency for kernel clock is 443.00 MHz. "
            }],
            "type"              : "system"
        }]
    },
    "quartusFitResourceUsageSummary" : {
        "nodes" : [{
            "type" : "system",
            "id"   : "1000",
            "name" : "Quartus Fitter: Kernel System",
            "alm"  : "86744.9",
            "reg"  : "251391",
            "dsp"  : "0",
            "ram"  : "270",
            "mlab" : "769"
        },{
            "type" : "kernel",
            "id"   : "1010",
            "name" : "ZTSZZ4mainENKUlRN4sycl3_V17handlerEE0_clES2_E15MakeUniqueTask0",
            "alm"  : "2645.5",
            "reg"  : "7514",
            "dsp"  : "0",
            "ram"  : "0",
            "mlab" : "53"
        },{
            "type" : "kernel",
            "id"   : "1010",
            "name" : "ZTSZZ4mainENKUlRN4sycl3_V17handlerEE1_clES2_E11MapKeyTask0",
            "alm"  : "49942.0",
            "reg"  : "155351",
            "dsp"  : "0",
            "ram"  : "82",
            "mlab" : "1"
        },{
            "type" : "kernel",
            "id"   : "1010",
            "name" : "ZTSZZ4mainENKUlRN4sycl3_V17handlerEE2_clES2_E19TraiageMappingTask0",
            "alm"  : "11091.0",
            "reg"  : "33203",
            "dsp"  : "0",
            "ram"  : "0",
            "mlab" : "253"
        },{
            "type" : "kernel",
            "id"   : "1010",
            "name" : "ZTSZZ4mainENKUlRN4sycl3_V17handlerEE3_clES2_E14AggregateTask0",
            "alm"  : "5967.0",
            "reg"  : "17206",
            "dsp"  : "0",
            "ram"  : "0",
            "mlab" : "8"
        },{
            "type" : "kernel",
            "id"   : "1010",
            "name" : "ZTSZZ4mainENKUlRN4sycl3_V17handlerEE4_clES2_E21MergeAndAggregateTask",
            "alm"  : "1788.6",
            "reg"  : "4226",
            "dsp"  : "0",
            "ram"  : "0",
            "mlab" : "16"
        },{
            "type" : "kernel",
            "id"   : "1010",
            "name" : "ZTSZZ4mainENKUlRN4sycl3_V17handlerEE5_clES2_E11ReadoutTask",
            "alm"  : "1144.2",
            "reg"  : "2432",
            "dsp"  : "0",
            "ram"  : "0",
            "mlab" : "29"
        },{
            "type" : "kernel",
            "id"   : "1010",
            "name" : "ZTSZZ4mainENKUlRN4sycl3_V17handlerEE_clES2_E16testInputSrcTask",
            "alm"  : "4744.0",
            "reg"  : "10720",
            "dsp"  : "0",
            "ram"  : "34",
            "mlab" : "115"
        },{
            "type" : "aclsystem",
            "id"   : "1001",
            "name" : "Quartus Fitter: Total Used (Entire System)",
            "alm"  : "318,480",
            "reg"  : "664,454",
            "dsp"  : "0",
            "ram"  : "1,276"
        }]
    }
}
