{"compileInfo":{"nodes":[{"command":"aoc -o /tmp/main-2bb553-c04522.aocx /tmp/icpx-02a019/main-989db6-04621c.spv -sycl -dep-files=/tmp/icpx-02a019/main-4b1c8c.d -output-report-folder=build/agg_v2_fpgaG-D_S_=1-D_P_=4-D_N_=4-D_G_=64-DTIMERUN=0_0_550MHz.prj -g -v -hardware -clock=550MHz -seed=0 -target=/ofs_install/ofs/n6001/2023.1/oneapi-asp/n6001:ofs_n6001","family":"Agilex 7, AGFB014R24A3E3VR0, ofs_n6001_shim:ofs_n6001","id":1,"name":"agg_v2_fpgaG-D_S_=1-D_P_=4-D_N_=4-D_G_=64-DTIMERUN=0_0_550MHz","product":"SYCL","quartus":"23.1.0 Build 115 Pro","time":"Sun Nov  5 18:52:33 2023","version":"2023.2.0 Build 4869f1a04d0a1423314a5e6aee7a5aa5589655f6"}]}}