{
    "quartusFitClockSummary"         : {
        "nodes" : [{
            "name"              : "Quartus Fitter: Clock Frequency (MHz)",
            "kernel clock"      : "426.00",
            "kernel clock fmax" : "426.00",
            "clock1x"           : "426.00",
            "clock2x"           : "426.00",
            "details"           : [{
                "text" : "The actual frequency of kernel clock is 426.00 MHz after platform PLL adjustment. The maximum frequency for kernel clock is 426.00 MHz. "
            }],
            "type"              : "system"
        }]
    },
    "quartusFitResourceUsageSummary" : {
        "nodes" : [{
            "type" : "system",
            "id"   : "1000",
            "name" : "Quartus Fitter: Kernel System",
            "alm"  : "84821.1",
            "reg"  : "220495",
            "dsp"  : "0",
            "ram"  : "237",
            "mlab" : "852"
        },{
            "type" : "kernel",
            "id"   : "1010",
            "name" : "ZTSZZ4mainENKUlRN4sycl3_V17handlerEE0_clES2_E15MakeUniqueTask0",
            "alm"  : "1698.0",
            "reg"  : "3565",
            "dsp"  : "0",
            "ram"  : "0",
            "mlab" : "53"
        },{
            "type" : "kernel",
            "id"   : "1010",
            "name" : "ZTSZZ4mainENKUlRN4sycl3_V17handlerEE1_clES2_E11MapKeyTask0",
            "alm"  : "50619.0",
            "reg"  : "133051",
            "dsp"  : "0",
            "ram"  : "65",
            "mlab" : "86"
        },{
            "type" : "kernel",
            "id"   : "1010",
            "name" : "ZTSZZ4mainENKUlRN4sycl3_V17handlerEE2_clES2_E19TraiageMappingTask0",
            "alm"  : "10836.8",
            "reg"  : "33136",
            "dsp"  : "0",
            "ram"  : "0",
            "mlab" : "253"
        },{
            "type" : "kernel",
            "id"   : "1010",
            "name" : "ZTSZZ4mainENKUlRN4sycl3_V17handlerEE3_clES2_E14AggregateTask0",
            "alm"  : "4999.1",
            "reg"  : "13580",
            "dsp"  : "0",
            "ram"  : "0",
            "mlab" : "8"
        },{
            "type" : "kernel",
            "id"   : "1010",
            "name" : "ZTSZZ4mainENKUlRN4sycl3_V17handlerEE4_clES2_E21MergeAndAggregateTask",
            "alm"  : "1873.7",
            "reg"  : "4119",
            "dsp"  : "0",
            "ram"  : "0",
            "mlab" : "14"
        },{
            "type" : "kernel",
            "id"   : "1010",
            "name" : "ZTSZZ4mainENKUlRN4sycl3_V17handlerEE5_clES2_E11ReadoutTask",
            "alm"  : "1095.5",
            "reg"  : "2268",
            "dsp"  : "0",
            "ram"  : "0",
            "mlab" : "29"
        },{
            "type" : "kernel",
            "id"   : "1010",
            "name" : "ZTSZZ4mainENKUlRN4sycl3_V17handlerEE_clES2_E16testInputSrcTask",
            "alm"  : "4581.0",
            "reg"  : "10156",
            "dsp"  : "0",
            "ram"  : "18",
            "mlab" : "115"
        },{
            "type" : "aclsystem",
            "id"   : "1001",
            "name" : "Quartus Fitter: Total Used (Entire System)",
            "alm"  : "317,369",
            "reg"  : "639,615",
            "dsp"  : "0",
            "ram"  : "1,243"
        }]
    }
}
