{
  "nodes":
  [
    {
      "name":"DDR"
      , "id":26435
      , "details":
      [
        {
          "type":"table"
          , "Board Supports Interleaving":"Yes"
          , "Interleave Size":"4096 bytes"
          , "Channels":"4 channels"
          , "Maximum bandwidth the BSP can deliver":"76800.00 MB/s<br><small><i> Note: Realistic maximum bandwidth is about 90% of the above due to loss from interconnect and memory controller.</i></small>"
          , "Channel DDR Width (bits)":"512, 512, 512, 512"
        }
      ]
      , "type":"memsys"
      , "children":
      [
        {
          "name":"channel 0"
          , "id":26437
          , "details":
          [
            {
              "type":"table"
              , "Data Width":"512"
              , "Address Width":"32"
              , "Latency":"1500"
              , "ReadWrite Mode":"Read/Write"
              , "Maximum Burst":"16"
              , "Wait Request":"0"
              , "Start Address":"0x0"
            }
          ]
          , "type":"bb"
        }
        , {
          "name":"channel 1"
          , "id":26438
          , "details":
          [
            {
              "type":"table"
              , "Data Width":"512"
              , "Address Width":"32"
              , "Latency":"1500"
              , "ReadWrite Mode":"Read/Write"
              , "Maximum Burst":"16"
              , "Wait Request":"0"
              , "Start Address":"0x100000000"
            }
          ]
          , "type":"bb"
        }
        , {
          "name":"channel 2"
          , "id":26439
          , "details":
          [
            {
              "type":"table"
              , "Data Width":"512"
              , "Address Width":"32"
              , "Latency":"1500"
              , "ReadWrite Mode":"Read/Write"
              , "Maximum Burst":"16"
              , "Wait Request":"0"
              , "Start Address":"0x200000000"
            }
          ]
          , "type":"bb"
        }
        , {
          "name":"channel 3"
          , "id":26440
          , "details":
          [
            {
              "type":"table"
              , "Data Width":"512"
              , "Address Width":"32"
              , "Latency":"1500"
              , "ReadWrite Mode":"Read/Write"
              , "Maximum Burst":"16"
              , "Wait Request":"0"
              , "Start Address":"0x300000000"
            }
          ]
          , "type":"bb"
        }
      ]
    }
    , {
      "name":"Memory Controller"
      , "id":26436
      , "parent":"26435"
      , "bw":"76800.00"
      , "num_channels":"4"
      , "interleave":"1"
      , "details":
      [
        {
          "type":"table"
          , "Maximum bandwidth the BSP can deliver":"76800.00 MB/s<br><small><i> Note: Realistic maximum bandwidth is about 90% of the above due to loss from interconnect and memory controller.</i></small>"
        }
      ]
      , "type":"bb"
    }
    , {
      "name":"Global Memory Interconnect"
      , "id":26441
      , "parent":"26435"
      , "type":"bb"
      , "children":
      [
        {
          "name":"SHARE"
          , "id":26442
          , "type":"arb"
        }
        , {
          "name":"Write Interconnect"
          , "id":26445
          , "details":
          [
            {
              "type":"table"
              , "Name":"DDR"
              , "Interconnect Style":"ring"
              , "Writes":"1"
              , "User specified force-single-store-ring flag":"False"
              , "Store Rings":"4"
            }
          ]
          , "type":"bb"
        }
        , {
          "name":"Read Interconnect"
          , "id":26443
          , "details":
          [
            {
              "type":"table"
              , "Name":"DDR"
              , "Interconnect Style":"ring"
              , "Reads":"1"
            }
          ]
          , "type":"bb"
        }
        , {
          "name":"Read Interconnect Router"
          , "id":26444
          , "details":
          [
            {
              "type":"table"
              , "User specified num-reorder flag":"Unset"
            }
          ]
          , "type":"memsys"
          , "children":
          [
            {
              "name":"Bus 0"
              , "id":26450
              , "type":"memsys"
            }
            , {
              "name":"Bus 1"
              , "id":26451
              , "type":"memsys"
            }
            , {
              "name":"Bus 2"
              , "id":26452
              , "type":"memsys"
            }
            , {
              "name":"Bus 3"
              , "id":26453
              , "type":"memsys"
            }
          ]
        }
      ]
    }
    , {
      "name":"Global Memory Loads"
      , "id":26446
      , "parent":"26435"
      , "type":"bb"
      , "children":
      [
        {
          "name":"LD"
          , "id":26447
          , "kwidth":"128"
          , "mwidth":"512"
          , "details":
          [
            {
              "type":"table"
              , "Start Cycle":"10"
              , "Latency":"1044 cycles"
              , "Width":"128 bits"
              , "DDR Width":"512 bits"
              , "Uses Caching":"No"
              , "LSU Style":"BURST-COALESCED"
              , "Kernel":"testInputSrcTask"
            }
          ]
          , "debug":
          [
            [
              {
                "filename":"/home/wkrska/Aggregation/jamesBenchmark/agg-hls/main.cpp"
                , "line":177
              }
            ]
          ]
          , "type":"inst"
        }
      ]
    }
    , {
      "name":"Global Memory Stores"
      , "id":26448
      , "parent":"26435"
      , "type":"bb"
      , "children":
      [
        {
          "name":"ST"
          , "id":26449
          , "kwidth":"128"
          , "mwidth":"512"
          , "details":
          [
            {
              "type":"table"
              , "Start Cycle":"19"
              , "Latency":"2 cycles"
              , "Width":"128 bits"
              , "DDR Width":"512 bits"
              , "Uses Write Ack":"No"
              , "LSU Style":"BURST-COALESCED"
              , "Kernel":"ReadoutTask"
            }
          ]
          , "debug":
          [
            [
              {
                "filename":"/home/wkrska/Aggregation/jamesBenchmark/agg-hls/main.cpp"
                , "line":378
              }
            ]
          ]
          , "type":"inst"
        }
      ]
    }
  ]
  , "links":
  [
    {
      "from":26437
      , "to":26436
    }
    , {
      "from":26436
      , "to":26437
    }
    , {
      "from":26438
      , "to":26436
    }
    , {
      "from":26436
      , "to":26438
    }
    , {
      "from":26439
      , "to":26436
    }
    , {
      "from":26436
      , "to":26439
    }
    , {
      "from":26440
      , "to":26436
    }
    , {
      "from":26436
      , "to":26440
    }
    , {
      "from":26443
      , "to":26442
    }
    , {
      "from":26445
      , "to":26442
    }
    , {
      "from":26442
      , "to":26436
    }
    , {
      "from":26447
      , "to":26443
    }
    , {
      "from":26449
      , "to":26445
    }
    , {
      "from":26436
      , "to":26450
    }
    , {
      "from":26436
      , "to":26451
    }
    , {
      "from":26436
      , "to":26452
    }
    , {
      "from":26436
      , "to":26453
    }
    , {
      "from":26450
      , "to":26447
      , "reverse":1
    }
  ]
}
