{
    "quartusFitClockSummary"         : {
        "nodes" : [{
            "name"              : "Quartus Fitter: Clock Frequency (MHz)",
            "kernel clock"      : "433.00",
            "kernel clock fmax" : "433.00",
            "clock1x"           : "433.00",
            "clock2x"           : "433.00",
            "details"           : [{
                "text" : "The actual frequency of kernel clock is 433.00 MHz after platform PLL adjustment. The maximum frequency for kernel clock is 433.00 MHz. "
            }],
            "type"              : "system"
        }]
    },
    "quartusFitResourceUsageSummary" : {
        "nodes" : [{
            "type" : "system",
            "id"   : "1000",
            "name" : "Quartus Fitter: Kernel System",
            "alm"  : "107720.7",
            "reg"  : "304625",
            "dsp"  : "0",
            "ram"  : "350",
            "mlab" : "1300"
        },{
            "type" : "kernel",
            "id"   : "1010",
            "name" : "ZTSZZ4mainENKUlRN4sycl3_V17handlerEE0_clES2_E15MakeUniqueTask0",
            "alm"  : "11160.8",
            "reg"  : "21400",
            "dsp"  : "0",
            "ram"  : "0",
            "mlab" : "244"
        },{
            "type" : "kernel",
            "id"   : "1010",
            "name" : "ZTSZZ4mainENKUlRN4sycl3_V17handlerEE1_clES2_E11MapKeyTask0",
            "alm"  : "48489.3",
            "reg"  : "155995",
            "dsp"  : "0",
            "ram"  : "113",
            "mlab" : "1"
        },{
            "type" : "kernel",
            "id"   : "1010",
            "name" : "ZTSZZ4mainENKUlRN4sycl3_V17handlerEE2_clES2_E19TraiageMappingTask0",
            "alm"  : "16062.8",
            "reg"  : "48111",
            "dsp"  : "0",
            "ram"  : "0",
            "mlab" : "360"
        },{
            "type" : "kernel",
            "id"   : "1010",
            "name" : "ZTSZZ4mainENKUlRN4sycl3_V17handlerEE3_clES2_E14AggregateTask0",
            "alm"  : "8363.3",
            "reg"  : "24557",
            "dsp"  : "0",
            "ram"  : "0",
            "mlab" : "9"
        },{
            "type" : "kernel",
            "id"   : "1010",
            "name" : "ZTSZZ4mainENKUlRN4sycl3_V17handlerEE4_clES2_E21MergeAndAggregateTask",
            "alm"  : "2523.3",
            "reg"  : "5233",
            "dsp"  : "0",
            "ram"  : "0",
            "mlab" : "15"
        },{
            "type" : "kernel",
            "id"   : "1010",
            "name" : "ZTSZZ4mainENKUlRN4sycl3_V17handlerEE5_clES2_E11ReadoutTask",
            "alm"  : "1395.6",
            "reg"  : "2858",
            "dsp"  : "0",
            "ram"  : "0",
            "mlab" : "37"
        },{
            "type" : "kernel",
            "id"   : "1010",
            "name" : "ZTSZZ4mainENKUlRN4sycl3_V17handlerEE_clES2_E16testInputSrcTask",
            "alm"  : "4963.5",
            "reg"  : "11699",
            "dsp"  : "0",
            "ram"  : "52",
            "mlab" : "109"
        },{
            "type" : "aclsystem",
            "id"   : "1001",
            "name" : "Quartus Fitter: Total Used (Entire System)",
            "alm"  : "339,800",
            "reg"  : "729,804",
            "dsp"  : "0",
            "ram"  : "1,368"
        }]
    }
}
