{"compileInfo":{"nodes":[{"command":"aoc -o /tmp/main-9a4002-e05d07.aocx /tmp/icpx-d388b9/main-0c6932-69574a.spv -sycl -dep-files=/tmp/icpx-d388b9/main-f82096.d -output-report-folder=build/agg_v2_2_1_fpgaG-D_S_=1-D_P_=4-D_N_=4-D_G_=64-DTIMERUN=0_1_650MHz.prj -g -v -hardware -clock=650MHz -seed=1 -target=/ofs_install/ofs/n6001/2023.1/oneapi-asp/n6001:ofs_n6001","family":"Agilex 7, AGFB014R24A3E3VR0, ofs_n6001_shim:ofs_n6001","id":1,"name":"agg_v2_2_1_fpgaG-D_S_=1-D_P_=4-D_N_=4-D_G_=64-DTIMERUN=0_1_650MHz","product":"SYCL","quartus":"23.1.0 Build 115 Pro","time":"Tue Nov 14 17:19:29 2023","version":"2023.2.0 Build 4869f1a04d0a1423314a5e6aee7a5aa5589655f6"}]}}